{"textures":{"0":"modelengine:entity/ravenlord"},"elements":[{"from":[6.1535797,3.8280315,-1.7081604],"to":[11.60126,8.186171,3.73952],"faces":{"east":{"uv":[10.75,14.5,11.125,14.875],"tintindex":0,"rotation":0,"texture":"#0"},"south":{"uv":[11.625,14.5,12.0,14.875],"tintindex":0,"rotation":0,"texture":"#0"},"north":{"uv":[14.5,10.625,14.875,11.0],"tintindex":0,"rotation":0,"texture":"#0"},"west":{"uv":[13.875,14.5,14.25,14.875],"tintindex":0,"rotation":0,"texture":"#0"},"up":{"uv":[14.875,14.5,14.5,14.125],"tintindex":0,"rotation":0,"texture":"#0"},"down":{"uv":[14.625,14.5,14.25,14.875],"tintindex":0,"rotation":0,"texture":"#0"}},"rotation":{"origin":[42.04018,-0.6825495,-40.51955],"angle":22.5,"axis":"x"}},{"from":[4.5192804,-11.222158,7.61016],"to":[13.23557,-4.541589,16.76728],"faces":{"east":{"uv":[13.625,11.125,14.375,11.625],"tintindex":0,"rotation":0,"texture":"#0"},"south":{"uv":[13.875,10.625,14.5,11.125],"tintindex":0,"rotation":0,"texture":"#0"},"north":{"uv":[13.75,8.875,14.375,9.375],"tintindex":0,"rotation":0,"texture":"#0"},"west":{"uv":[13.625,11.625,14.375,12.125],"tintindex":0,"rotation":0,"texture":"#0"},"up":{"uv":[14.125,0.75,13.5,0.0],"tintindex":0,"rotation":0,"texture":"#0"},"down":{"uv":[1.25,13.5,0.625,14.25],"tintindex":0,"rotation":0,"texture":"#0"}},"rotation":{"origin":[19.76203,-7.710429,12.60262],"angle":45.0,"axis":"x"}},{"from":[13.64414,-10.745949,-5.7661],"to":[16.91275,-7.4773493,-1.1534901],"faces":{"east":{"uv":[14.75,1.25,15.125,1.5],"tintindex":0,"rotation":0,"texture":"#0"},"south":{"uv":[14.75,11.0,15.0,11.25],"tintindex":0,"rotation":0,"texture":"#0"},"north":{"uv":[10.375,14.75,10.625,15.0],"tintindex":0,"rotation":0,"texture":"#0"},"west":{"uv":[14.75,2.625,15.125,2.875],"tintindex":0,"rotation":0,"texture":"#0"},"up":{"uv":[15.0,3.25,14.75,2.875],"tintindex":0,"rotation":0,"texture":"#0"},"down":{"uv":[3.875,14.75,3.625,15.125],"tintindex":0,"rotation":0,"texture":"#0"}}},{"from":[1.9316301,-10.3496,-7.5583706],"to":[3.0211706,-8.170528,-4.9313],"faces":{"east":{"uv":[4.25,11.875,4.5,12.0],"tintindex":0,"rotation":0,"texture":"#0"},"south":{"uv":[11.375,4.375,11.5,4.5],"tintindex":0,"rotation":0,"texture":"#0"},"north":{"uv":[4.625,10.875,4.75,11.0],"tintindex":0,"rotation":0,"texture":"#0"},"west":{"uv":[12.125,10.0,12.375,10.125],"tintindex":0,"rotation":0,"texture":"#0"},"up":{"uv":[13.25,6.125,13.125,5.875],"tintindex":0,"rotation":0,"texture":"#0"},"down":{"uv":[13.375,7.25,13.25,7.5],"tintindex":0,"rotation":0,"texture":"#0"}},"rotation":{"origin":[19.76203,-9.260069,-6.02083],"angle":-45.0,"axis":"x"}},{"from":[5.4152803,-13.942308,3.1303],"to":[12.33957,7.0742702,10.4954195],"faces":{"east":{"uv":[6.5,11.25,7.125,12.875],"tintindex":0,"rotation":0,"texture":"#0"},"south":{"uv":[10.5,11.625,11.0,13.25],"tintindex":0,"rotation":0,"texture":"#0"},"north":{"uv":[11.5,10.875,12.0,12.5],"tintindex":0,"rotation":0,"texture":"#0"},"west":{"uv":[0.0,11.5,0.625,13.125],"tintindex":0,"rotation":0,"texture":"#0"},"up":{"uv":[14.375,10.625,13.875,10.0],"tintindex":0,"rotation":0,"texture":"#0"},"down":{"uv":[12.125,13.875,11.625,14.5],"tintindex":0,"rotation":0,"texture":"#0"}},"rotation":{"origin":[-0.2581892,-13.19096,7.11102],"angle":45.0,"axis":"x"}},{"from":[8.33266,-10.3496,-7.5583706],"to":[9.42219,-8.170528,-4.9313],"faces":{"east":{"uv":[10.25,7.875,10.5,8.0],"tintindex":0,"rotation":0,"texture":"#0"},"south":{"uv":[7.5,10.625,7.625,10.75],"tintindex":0,"rotation":0,"texture":"#0"},"north":{"uv":[9.0,2.375,9.125,2.5],"tintindex":0,"rotation":0,"texture":"#0"},"west":{"uv":[4.0,11.875,4.25,12.0],"tintindex":0,"rotation":0,"texture":"#0"},"up":{"uv":[11.5,4.375,11.375,4.125],"tintindex":0,"rotation":0,"texture":"#0"},"down":{"uv":[8.0,12.875,7.875,13.125],"tintindex":0,"rotation":0,"texture":"#0"}},"rotation":{"origin":[19.76203,-9.260069,-6.02083],"angle":-45.0,"axis":"x"}},{"from":[2.7882109,-13.994478,0.5773897],"to":[14.96664,-9.636339,8.20414],"faces":{"east":{"uv":[13.875,14.125,14.5,14.5],"tintindex":0,"rotation":0,"texture":"#0"},"south":{"uv":[2.75,13.75,3.75,14.125],"tintindex":0,"rotation":0,"texture":"#0"},"north":{"uv":[13.625,12.125,14.625,12.5],"tintindex":0,"rotation":0,"texture":"#0"},"west":{"uv":[0.5,14.25,1.125,14.625],"tintindex":0,"rotation":0,"texture":"#0"},"up":{"uv":[7.5,13.5,6.5,12.875],"tintindex":0,"rotation":0,"texture":"#0"},"down":{"uv":[13.875,10.5,12.875,11.125],"tintindex":0,"rotation":0,"texture":"#0"}},"rotation":{"origin":[0.6378107,-17.549109,2.75288],"angle":22.5,"axis":"x"}},{"from":[7.24312,-10.745949,-5.7661],"to":[10.51173,-7.4773493,-1.1534901],"faces":{"east":{"uv":[14.625,12.0,15.0,12.25],"tintindex":0,"rotation":0,"texture":"#0"},"south":{"uv":[14.75,9.5,15.0,9.75],"tintindex":0,"rotation":0,"texture":"#0"},"north":{"uv":[14.75,9.25,15.0,9.5],"tintindex":0,"rotation":0,"texture":"#0"},"west":{"uv":[14.625,12.25,15.0,12.5],"tintindex":0,"rotation":0,"texture":"#0"},"up":{"uv":[12.5,15.0,12.25,14.625],"tintindex":0,"rotation":0,"texture":"#0"},"down":{"uv":[13.125,14.625,12.875,15.0],"tintindex":0,"rotation":0,"texture":"#0"}}},{"from":[1.5445604,-12.576029,-2.3098202],"to":[5.20024,-8.21789,6.72186],"faces":{"east":{"uv":[14.0,2.625,14.75,3.0],"tintindex":0,"rotation":0,"texture":"#0"},"south":{"uv":[14.625,8.375,14.875,8.75],"tintindex":0,"rotation":0,"texture":"#0"},"north":{"uv":[6.125,14.625,6.375,15.0],"tintindex":0,"rotation":0,"texture":"#0"},"west":{"uv":[14.0,3.0,14.75,3.375],"tintindex":0,"rotation":0,"texture":"#0"},"up":{"uv":[7.0,14.875,6.75,14.125],"tintindex":0,"rotation":0,"texture":"#0"},"down":{"uv":[8.375,14.25,8.125,15.0],"tintindex":0,"rotation":0,"texture":"#0"}},"rotation":{"origin":[2.4763994,-10.396959,0.41401958],"angle":22.5,"axis":"x"}},{"from":[0.8420992,-10.745949,-5.7661],"to":[4.1106997,-7.4773493,-1.1534901],"faces":{"east":{"uv":[13.125,14.625,13.5,14.875],"tintindex":0,"rotation":0,"texture":"#0"},"south":{"uv":[14.75,10.0,15.0,10.25],"tintindex":0,"rotation":0,"texture":"#0"},"north":{"uv":[14.75,9.75,15.0,10.0],"tintindex":0,"rotation":0,"texture":"#0"},"west":{"uv":[13.5,14.625,13.875,14.875],"tintindex":0,"rotation":0,"texture":"#0"},"up":{"uv":[14.875,14.0,14.625,13.625],"tintindex":0,"rotation":0,"texture":"#0"},"down":{"uv":[14.875,14.5,14.625,14.875],"tintindex":0,"rotation":0,"texture":"#0"}}},{"from":[14.733681,-10.3496,-7.5583706],"to":[15.82322,-8.170528,-4.9313],"faces":{"east":{"uv":[12.375,10.0,12.625,10.125],"tintindex":0,"rotation":0,"texture":"#0"},"south":{"uv":[4.5,11.875,4.625,12.0],"tintindex":0,"rotation":0,"texture":"#0"},"north":{"uv":[11.375,7.75,11.5,7.875],"tintindex":0,"rotation":0,"texture":"#0"},"west":{"uv":[11.75,12.5,12.0,12.625],"tintindex":0,"rotation":0,"texture":"#0"},"up":{"uv":[13.375,7.75,13.25,7.5],"tintindex":0,"rotation":0,"texture":"#0"},"down":{"uv":[8.5,13.25,8.375,13.5],"tintindex":0,"rotation":0,"texture":"#0"}},"rotation":{"origin":[19.76203,-9.260069,-6.02083],"angle":-45.0,"axis":"x"}},{"from":[5.77726,1.1857109,14.07658],"to":[15.49349,8.1243305,31.82454],"faces":{"east":{"uv":[7.625,2.0,9.0,2.5],"tintindex":0,"rotation":0,"texture":"#0"},"south":{"uv":[4.875,13.625,5.625,14.125],"tintindex":0,"rotation":0,"texture":"#0"},"north":{"uv":[13.5,13.25,14.25,13.75],"tintindex":0,"rotation":0,"texture":"#0"},"west":{"uv":[12.125,9.5,13.5,10.0],"tintindex":0,"rotation":0,"texture":"#0"},"up":{"uv":[10.5,12.125,9.75,10.75],"tintindex":0,"rotation":0,"texture":"#0"},"down":{"uv":[6.5,11.25,5.75,12.625],"tintindex":0,"rotation":0,"texture":"#0"}},"rotation":{"origin":[4.09995,20.015472,19.80811],"angle":45.0,"axis":"x"}},{"from":[12.55461,-12.576029,-2.3098202],"to":[16.210289,-8.21789,6.72186],"faces":{"east":{"uv":[14.125,0.0,14.875,0.375],"tintindex":0,"rotation":0,"texture":"#0"},"south":{"uv":[12.0,14.625,12.25,15.0],"tintindex":0,"rotation":0,"texture":"#0"},"north":{"uv":[9.75,14.625,10.0,15.0],"tintindex":0,"rotation":0,"texture":"#0"},