{"textures":{"0":"modelengine:entity/ravenlord"},"elements":[{"from":[2.4163895,-12.346931,-3.47091],"to":[2.4163895,10.94907,28.33709],"faces":{"east":{"uv":[5.0,4.375,2.5,6.25],"tintindex":0,"rotation":0,"texture":"#0"},"west":{"uv":[2.5,4.375,5.0,6.25],"tintindex":0,"rotation":0,"texture":"#0"}},"rotation":{"origin":[2.57475,2.1474686,-3.47091],"angle":-22.5,"axis":"z"}},{"from":[3.11629,-8.961952,-2.77734],"to":[11.4025,10.036827,8.32589],"faces":{"east":{"uv":[10.375,0.0,11.25,1.5],"tintindex":0,"rotation":0,"texture":"#0"},"south":{"uv":[11.5,8.625,12.125,10.125],"tintindex":0,"rotation":0,"texture":"#0"},"north":{"uv":[1.625,11.5,2.25,13.0],"tintindex":0,"rotation":0,"texture":"#0"},"west":{"uv":[10.375,1.5,11.25,3.0],"tintindex":0,"rotation":0,"texture":"#0"},"up":{"uv":[2.25,13.875,1.625,13.0],"tintindex":0,"rotation":0,"texture":"#0"},"down":{"uv":[0.625,13.125,0.0,14.0],"tintindex":0,"rotation":0,"texture":"#0"}},"rotation":{"origin":[5.6824293,3.1591282,3.7598696],"angle":22.5,"axis":"x"}}],"display":{"gui":{"rotation":[30,225,0]}}}