{"textures":{"0":"modelengine:entity/ravenlord"},"elements":[{"from":[2.2776299,2.5586205,-11.0042],"to":[14.57075,15.102619,-3.3774395],"faces":{"east":{"uv":[2.75,12.75,3.375,13.75],"tintindex":0,"rotation":0,"texture":"#0"},"south":{"uv":[11.375,6.75,12.375,7.75],"tintindex":0,"rotation":0,"texture":"#0"},"north":{"uv":[11.25,2.0,12.25,3.0],"tintindex":0,"rotation":0,"texture":"#0"},"west":{"uv":[3.375,12.75,4.0,13.75],"tintindex":0,"rotation":0,"texture":"#0"},"up":{"uv":[13.75,13.25,12.75,12.625],"tintindex":0,"rotation":0,"texture":"#0"},"down":{"uv":[5.0,12.875,4.0,13.5],"tintindex":0,"rotation":0,"texture":"#0"}},"rotation":{"origin":[7.97619,7.93462,-9.87882],"angle":45.0,"axis":"z"}},{"from":[-1.3063698,-1.0253792,-3.8361988],"to":[14.8216305,15.102619,9.16656],"faces":{"east":{"uv":[10.5,10.375,11.5,11.625],"tintindex":0,"rotation":0,"texture":"#0"},"south":{"uv":[9.125,3.25,10.375,4.5],"tintindex":0,"rotation":0,"texture":"#0"},"north":{"uv":[9.125,2.0,10.375,3.25],"tintindex":0,"rotation":0,"texture":"#0"},"west":{"uv":[7.5,10.75,8.5,12.0],"tintindex":0,"rotation":0,"texture":"#0"},"up":{"uv":[9.75,11.75,8.5,10.75],"tintindex":0,"rotation":0,"texture":"#0"},"down":{"uv":[3.5,10.875,2.25,11.875],"tintindex":0,"rotation":0,"texture":"#0"}},"rotation":{"origin":[7.97619,7.93462,-2.7108192],"angle":45.0,"axis":"z"}}],"display":{"gui":{"rotation":[30,225,0]}}}