{"textures":{"0":"modelengine:entity/ravenlord"},"elements":[{"from":[4.5975003,-8.961952,-2.77734],"to":[12.88371,10.036827,8.32589],"faces":{"east":{"uv":[11.25,1.5,10.375,3.0],"tintindex":0,"rotation":0,"texture":"#0"},"south":{"uv":[12.125,8.625,11.5,10.125],"tintindex":0,"rotation":0,"texture":"#0"},"north":{"uv":[2.25,11.5,1.625,13.0],"tintindex":0,"rotation":0,"texture":"#0"},"west":{"uv":[11.25,0.0,10.375,1.5],"tintindex":0,"rotation":0,"texture":"#0"},"up":{"uv":[1.625,13.875,2.25,13.0],"tintindex":0,"rotation":0,"texture":"#0"},"down":{"uv":[0.0,13.125,0.625,14.0],"tintindex":0,"rotation":0,"texture":"#0"}},"rotation":{"origin":[10.317571,3.1591282,3.7598696],"angle":22.5,"axis":"x"}},{"from":[13.583611,-12.346931,-3.47091],"to":[13.583611,10.94907,28.33709],"faces":{"east":{"uv":[5.0,4.375,2.5,6.25],"tintindex":0,"rotation":0,"texture":"#0"},"west":{"uv":[2.5,4.375,5.0,6.25],"tintindex":0,"rotation":0,"texture":"#0"}},"rotation":{"origin":[13.42525,2.1474686,-3.47091],"angle":22.5,"axis":"z"}}],"display":{"gui":{"rotation":[30,225,0]}}}