{"textures":{"0":"modelengine:entity/ravenlord"},"elements":[{"from":[12.978829,-10.3496,-7.5583706],"to":[14.06837,-8.170528,-4.9313],"faces":{"east":{"uv":[12.375,10.0,12.125,10.125],"tintindex":0,"rotation":0,"texture":"#0"},"south":{"uv":[11.5,4.375,11.375,4.5],"tintindex":0,"rotation":0,"texture":"#0"},"north":{"uv":[4.75,10.875,4.625,11.0],"tintindex":0,"rotation":0,"texture":"#0"},"west":{"uv":[4.5,11.875,4.25,12.0],"tintindex":0,"rotation":0,"texture":"#0"},"up":{"uv":[13.125,6.125,13.25,5.875],"tintindex":0,"rotation":0,"texture":"#0"},"down":{"uv":[13.25,7.25,13.375,7.5],"tintindex":0,"rotation":0,"texture":"#0"}},"rotation":{"origin":[-3.7620296,-9.260069,-6.02083],"angle":-45.0,"axis":"x"}},{"from":[1.03336,-13.994478,0.5773897],"to":[13.211789,-9.636339,8.20414],"faces":{"east":{"uv":[1.125,14.25,0.5,14.625],"tintindex":0,"rotation":0,"texture":"#0"},"south":{"uv":[3.75,13.75,2.75,14.125],"tintindex":0,"rotation":0,"texture":"#0"},"north":{"uv":[14.625,12.125,13.625,12.5],"tintindex":0,"rotation":0,"texture":"#0"},"west":{"uv":[14.5,14.125,13.875,14.5],"tintindex":0,"rotation":0,"texture":"#0"},"up":{"uv":[6.5,13.5,7.5,12.875],"tintindex":0,"rotation":0,"texture":"#0"},"down":{"uv":[12.875,10.5,13.875,11.125],"tintindex":0,"rotation":0,"texture":"#0"}},"rotation":{"origin":[15.362189,-17.549109,2.75288],"angle":22.5,"axis":"x"}},{"from":[5.48827,-10.745949,-5.7661],"to":[8.75688,-7.4773493,-1.1534901],"faces":{"east":{"uv":[15.0,12.25,14.625,12.5],"tintindex":0,"rotation":0,"texture":"#0"},"south":{"uv":[15.0,9.5,14.75,9.75],"tintindex":0,"rotation":0,"texture":"#0"},"north":{"uv":[15.0,9.25,14.75,9.5],"tintindex":0,"rotation":0,"texture":"#0"},"west":{"uv":[15.0,12.0,14.625,12.25],"tintindex":0,"rotation":0,"texture":"#0"},"up":{"uv":[12.25,15.0,12.5,14.625],"tintindex":0,"rotation":0,"texture":"#0"},"down":{"uv":[12.875,14.625,13.125,15.0],"tintindex":0,"rotation":0,"texture":"#0"}}},{"from":[0.5065098,1.1857109,14.07658],"to":[10.22274,8.1243305,31.82454],"faces":{"east":{"uv":[13.5,9.5,12.125,10.0],"tintindex":0,"rotation":0,"texture":"#0"},"south":{"uv":[5.625,13.625,4.875,14.125],"tintindex":0,"rotation":0,"texture":"#0"},"north":{"uv":[14.25,13.25,13.5,13.75],"tintindex":0,"rotation":0,"texture":"#0"},"west":{"uv":[9.0,2.0,7.625,2.5],"tintindex":0,"rotation":0,"texture":"#0"},"up":{"uv":[9.75,12.125,10.5,10.75],"tintindex":0,"rotation":0,"texture":"#0"},"down":{"uv":[5.75,11.25,6.5,12.625],"tintindex":0,"rotation":0,"texture":"#0"}},"rotation":{"origin":[11.90005,20.015472,19.80811],"angle":45.0,"axis":"x"}},{"from":[-0.91275024,-10.745949,-5.7661],"to":[2.3558598,-7.4773493,-1.1534901],"faces":{"east":{"uv":[15.125,2.625,14.75,2.875],"tintindex":0,"rotation":0,"texture":"#0"},"south":{"uv":[15.0,11.0,14.75,11.25],"tintindex":0,"rotation":0,"texture":"#0"},"north":{"uv":[10.625,14.75,10.375,15.0],"tintindex":0,"rotation":0,"texture":"#0"},"west":{"uv":[15.125,1.25,14.75,1.5],"tintindex":0,"rotation":0,"texture":"#0"},"up":{"uv":[14.75,3.25,15.0,2.875],"tintindex":0,"rotation":0,"texture":"#0"},"down":{"uv":[3.625,14.75,3.875,15.125],"tintindex":0,"rotation":0,"texture":"#0"}}},{"from":[11.8893,-10.745949,-5.7661],"to":[15.157901,-7.4773493,-1.1534901],"faces":{"east":{"uv":[13.875,14.625,13.5,14.875],"tintindex":0,"rotation":0,"texture":"#0"},"south":{"uv":[15.0,10.0,14.75,10.25],"tintindex":0,"rotation":0,"texture":"#0"},"north":{"uv":[15.0,9.75,14.75,10.0],"tintindex":0,"rotation":0,"texture":"#0"},"west":{"uv":[13.5,14.625,13.125,14.875],"tintindex":0,"rotation":0,"texture":"#0"},"up":{"uv":[14.625,14.0,14.875,13.625],"tintindex":0,"rotation":0,"texture":"#0"},"down":{"uv":[14.625,14.5,14.875,14.875],"tintindex":0,"rotation":0,"texture":"#0"}}},{"from":[2.76443,-11.222158,7.61016],"to":[11.48072,-4.541589,16.76728],"faces":{"east":{"uv":[14.375,11.625,13.625,12.125],"tintindex":0,"rotation":0,"texture":"#0"},"south":{"uv":[14.5,10.625,13.875,11.125],"tintindex":0,"rotation":0,"texture":"#0"},"north":{"uv":[14.375,8.875,13.75,9.375],"tintindex":0,"rotation":0,"texture":"#0"},"west":{"uv":[14.375,11.125,13.625,11.625],"tintindex":0,"rotation":0,"texture":"#0"},"up":{"uv":[13.5,0.75,14.125,0.0],"tintindex":0,"rotation":0,"texture":"#0"},"down":{"uv":[0.625,13.5,1.25,14.25],"tintindex":0,"rotation":0,"texture":"#0"}},"rotation":{"origin":[-3.7620296,-7.710429,12.60262],"angle":45.0,"axis":"x"}},{"from":[3.66043,-13.942308,3.1303],"to":[10.58472,7.0742702,10.4954195],"faces":{"east":{"uv":[0.625,11.5,0.0,13.125],"tintindex":0,"rotation":0,"texture":"#0"},"south":{"uv":[11.0,11.625,10.5,13.25],"tintindex":0,"rotation":0,"texture":"#0"},"north":{"uv":[12.0,10.875,11.5,12.5],"tintindex":0,"rotation":0,"texture":"#0"},"west":{"uv":[7.125,11.25,6.5,12.875],"tintindex":0,"rotation":0,"texture":"#0"},"up":{"uv":[13.875,10.625,14.375,10.0],"tintindex":0,"rotation":0,"texture":"#0"},"down":{"uv":[11.625,13.875,12.125,14.5],"tintindex":0,"rotation":0,"texture":"#0"}},"rotation":{"origin":[16.25819,-13.19096,7.11102],"angle":45.0,"axis":"x"}},{"from":[0.17677975,-10.3496,-7.5583706],"to":[1.2663198,-8.170528,-4.9313],"faces":{"east":{"uv":[12.0,12.5,11.75,12.625],"tintindex":0,"rotation":0,"texture":"#0"},"south":{"uv":[4.625,11.875,4.5,12.0],"tintindex":0,"rotation":0,"texture":"#0"},"north":{"uv":[11.5,7.75,11.375,7.875],"tintindex":0,"rotation":0,"texture":"#0"},"west":{"uv":[12.625,10.0,12.375,10.125],"tintindex":0,"rotation":0,"texture":"#0"},"up":{"uv":[13.25,7.75,13.375,7.5],"tintindex":0,"rotation":0,"texture":"#0"},"down":{"uv":[8.375,13.25,8.5,13.5],"tintindex":0,"rotation":0,"texture":"#0"}},"rotation":{"origin":[-3.7620296,-9.260069,-6.02083],"angle":-45.0,"axis":"x"}},{"from":[6.5778103,-10.3496,-7.5583706],"to":[7.6673403,-8.170528,-4.9313],"faces":{"east":{"uv":[4.25,11.875,4.0,12.0],"tintindex":0,"rotation":0,"texture":"#0"},"south":{"uv":[7.625,10.625,7.5,10.75],"tintindex":0,"rotation":0,"texture":"#0"},"north":{"uv":[9.125,2.375,9.0,2.5],"tintindex":0,"rotation":0,"texture":"#0"},"west":{"uv":[10.5,7.875,10.25,8.0],"tintindex":0,"rotation":0,"texture":"#0"},"up":{"uv":[11.375,4.375,11.5,4.125],"tintindex":0,"rotation":0,"texture":"#0"},"down":{"uv":[7.875,12.875,8.0,13.125],"tintindex":0,"rotation":0,"texture":"#0"}},"rotation":{"origin":[-3.7620296,-9.260069,-6.02083],"angle":-45.0,"axis":"x"}},{"from":[4.39874,3.8280315,-1.7081604],"to":[9.84642,8.186171,3.73952],"faces":{"east":{"uv":[14.25,14.5,13.875,14.875],"tintindex":0,"rotation":0,"texture":"#0"},"south":{"uv":[12.0,14.5,11.625,14.875],"tintindex":0,"rotation":0,"texture":"#0"},"north":{"uv":[14.875,10.625,14.5,11.0],"tintindex":0,"rotation":0,"texture":"#0"},"west":{"uv":[11.125,14.5,10.75,14.875],"tintindex":0,"rotation":0,"texture":"#0"},"up":{"uv":[14.5,14.5,14.875,14.125],"tintindex":0,"rotation":0,"texture":"#0"},"down":{"uv":[14.25,14.5,14.625,14.875],"tintindex":0,"rotation":0,"texture":"#0"}},"rotation":{"origin":[-26.04018,-0.6825495,-40.51955],"angle":22.5,"axis":"x"}},{"from":[10.79976,-12.576029,-2.3098202],"to":[14.45544,-8.21789,6.72186],"faces":{"east":{"uv":[14.75,3.0,14.0,3.375],"tintindex":0,"rotation":0,"texture":"#0"},"south":{"uv":[14.875,8.375,14.625,8.75],"tintindex":0,"rotation":0,"texture":"#0"},"north":{"uv":[6.375,14.625,6.125,15.0],"tintindex":0,"rotation":0,"texture":"#0"},"west":{"uv":[14.75,2.625,14.0,3.0],"tintindex":0,"rotation":0,"texture":"#0"},"up":{"uv":[6.75,14.875,7.0,14.125],"tintindex":0,"rotation":0,"texture":"#0"},"down":{"uv":[8.125,14.25,8.375,15.0],"tintindex":0,"rotation":0,"texture":"#0"}},"rotation":{"origin":[13.523601,-10.396959,0.41401958],"angle":22.5,"axis":"x"}},{"from":[-0.21028996,-12.576029,-2.3098202],"to":[3.4453897,-8.21789,6.72186],"faces":{"east":{"uv":[14.875,0.375,14.125,0.75],"tintindex":0,"rotation":0,"texture":"#0"},"south":{"uv":[12.25,14.625,12.0,15.0],"tintindex":0,"rotation":0,"texture":"#0"},"north":{"uv":[10.0,14.625,9.75,15.0],"tintindex":0,"rotation":0,"texture":"#0"},