{"textures":{"0":"modelengine:entity/ravenlord"},"elements":[{"from":[4.6406403,3.3223686,3.8045454],"to":[4.6406403,10.956289,27.419777],"faces":{"east":{"uv":[7.625,1.25,4.5,2.5],"tintindex":0,"rotation":0,"texture":"#0"},"west":{"uv":[4.5,1.25,7.625,2.5],"tintindex":0,"rotation":0,"texture":"#0"}},"rotation":{"origin":[5.53664,7.0273285,10.89216],"angle":-45.0,"axis":"z"}},{"from":[10.74221,3.3223686,3.8045454],"to":[10.74221,10.956289,27.419777],"faces":{"east":{"uv":[7.625,1.25,4.5,2.5],"tintindex":0,"rotation":0,"texture":"#0"},"west":{"uv":[4.5,1.25,7.625,2.5],"tintindex":0,"rotation":0,"texture":"#0"}},"rotation":{"origin":[9.8462105,7.0273285,10.89216],"angle":45.0,"axis":"z"}}],"display":{"gui":{"rotation":[30,225,0]}}}