{"textures":{"0":"modelengine:entity/ravenlord"},"elements":[{"from":[9.358786,-1.3027802,3.4894094],"to":[9.358786,5.4351387,21.31264],"faces":{"east":{"uv":[10.375,1.0,7.625,2.0],"tintindex":0,"rotation":0,"texture":"#0"},"west":{"uv":[7.625,1.0,10.375,2.0],"tintindex":0,"rotation":0,"texture":"#0"}},"rotation":{"origin":[8.462785,2.4021797,6.5770245],"angle":22.5,"axis":"z"}},{"from":[6.841215,-1.3027802,3.4894094],"to":[6.841215,5.4351387,21.31264],"faces":{"east":{"uv":[10.375,1.0,7.625,2.0],"tintindex":0,"rotation":0,"texture":"#0"},"west":{"uv":[7.625,1.0,10.375,2.0],"tintindex":0,"rotation":0,"texture":"#0"}},"rotation":{"origin":[7.737215,2.4021797,6.5770245],"angle":-22.5,"axis":"z"}},{"from":[3.7446399,2.605959,5.8670397],"to":[10.91264,9.77396,11.24304],"faces":{"east":{"uv":[11.5,3.0,12.375,4.125],"tintindex":0,"rotation":0,"texture":"#0"},"south":{"uv":[10.375,3.0,11.5,4.125],"tintindex":0,"rotation":0,"texture":"#0"},"north":{"uv":[10.25,6.75,11.375,7.875],"tintindex":0,"rotation":0,"texture":"#0"},"west":{"uv":[11.5,4.125,12.375,5.25],"tintindex":0,"rotation":0,"texture":"#0"},"up":{"uv":[12.625,6.125,11.5,5.25],"tintindex":0,"rotation":0,"texture":"#0"},"down":{"uv":[12.625,7.75,11.5,8.625],"tintindex":0,"rotation":0,"texture":"#0"}},"rotation":{"origin":[8.192385,6.88974,9.57827],"angle":45.0,"axis":"z"}}],"display":{"gui":{"rotation":[30,225,0]}}}