{"textures":{"0":"modelengine:entity/nocsy_skeleton_archer_end"},"elements":[{"from":[6.501404,2.3061068,7.452949],"to":[7.9594045,3.7641065,8.82095],"faces":{"east":{"uv":[2.375,7.625,2.5625,7.8125],"tintindex":0,"rotation":0,"texture":"#0"},"south":{"uv":[7.625,2.625,7.8125,2.8125],"tintindex":0,"rotation":0,"texture":"#0"},"north":{"uv":[2.125,7.625,2.3125,7.8125],"tintindex":0,"rotation":0,"texture":"#0"},"west":{"uv":[2.875,7.625,3.0625,7.8125],"tintindex":0,"rotation":0,"texture":"#0"},"up":{"uv":[3.5625,7.8125,3.375,7.625],"tintindex":0,"rotation":0,"texture":"#0"},"down":{"uv":[7.8125,3.875,7.625,4.0625],"tintindex":0,"rotation":0,"texture":"#0"}},"rotation":{"origin":[8.282434,2.5294724,7.894994],"angle":-45.0,"axis":"z"}},{"from":[7.427434,2.844473,7.219994],"to":[8.417434,8.2444725,8.569994],"faces":{"east":{"uv":[2.625,5.125,2.8125,5.8125],"tintindex":0,"rotation":0,"texture":"#0"},"south":{"uv":[6.375,0.0,6.5,0.6875],"tintindex":0,"rotation":0,"texture":"#0"},"north":{"uv":[6.125,6.25,6.25,6.9375],"tintindex":0,"rotation":0,"texture":"#0"},"west":{"uv":[5.25,2.75,5.4375,3.4375],"tintindex":0,"rotation":0,"texture":"#0"},"up":{"uv":[8.125,7.3125,8.0,7.125],"tintindex":0,"rotation":0,"texture":"#0"},"down":{"uv":[7.375,8.0,7.25,8.1875],"tintindex":0,"rotation":0,"texture":"#0"}}}],"display":{"gui":{"rotation":[30,225,0]}}}