{"textures":{"0":"modelengine:entity/nocsy_skeleton_archer_end"},"elements":[{"from":[7.129545,7.0386868,7.4791155],"to":[8.497545,8.406687,8.757115],"faces":{"east":{"uv":[7.5,5.5,7.6875,5.6875],"tintindex":0,"rotation":0,"texture":"#0"},"south":{"uv":[7.5,5.75,7.6875,5.9375],"tintindex":0,"rotation":0,"texture":"#0"},"north":{"uv":[7.5,5.25,7.6875,5.4375],"tintindex":0,"rotation":0,"texture":"#0"},"west":{"uv":[7.5,6.125,7.6875,6.3125],"tintindex":0,"rotation":0,"texture":"#0"},"up":{"uv":[6.6875,7.6875,6.5,7.5],"tintindex":0,"rotation":0,"texture":"#0"},"down":{"uv":[6.9375,7.5,6.75,7.6875],"tintindex":0,"rotation":0,"texture":"#0"}},"rotation":{"origin":[7.865,7.505,8.0],"angle":45.0,"axis":"z"}},{"from":[7.1770163,1.0209816,3.9835107],"to":[7.7741847,1.5033095,6.188439],"faces":{"east":{"uv":[8.25,4.625,8.5,4.6875],"tintindex":0,"rotation":0,"texture":"#0"},"south":{"uv":[8.75,1.25,8.8125,1.3125],"tintindex":0,"rotation":0,"texture":"#0"},"north":{"uv":[1.25,8.75,1.3125,8.8125],"tintindex":0,"rotation":0,"texture":"#0"},"west":{"uv":[4.875,8.25,5.125,8.3125],"tintindex":0,"rotation":0,"texture":"#0"},"up":{"uv":[5.1875,8.5,5.125,8.25],"tintindex":0,"rotation":0,"texture":"#0"},"down":{"uv":[5.3125,8.25,5.25,8.5],"tintindex":0,"rotation":0,"texture":"#0"}},"rotation":{"origin":[7.9448414,3.0250578,8.13161],"angle":22.5,"axis":"y"}},{"from":[8.833881,1.0209816,3.988972],"to":[9.43105,1.5033095,6.1939],"faces":{"east":{"uv":[8.25,6.125,8.5,6.1875],"tintindex":0,"rotation":0,"texture":"#0"},"south":{"uv":[8.75,1.625,8.8125,1.6875],"tintindex":0,"rotation":0,"texture":"#0"},"north":{"uv":[1.625,8.75,1.6875,8.8125],"tintindex":0,"rotation":0,"texture":"#0"},"west":{"uv":[6.25,8.25,6.5,8.3125],"tintindex":0,"rotation":0,"texture":"#0"},"up":{"uv":[6.5625,8.5,6.5,8.25],"tintindex":0,"rotation":0,"texture":"#0"},"down":{"uv":[6.6875,8.25,6.625,8.5],"tintindex":0,"rotation":0,"texture":"#0"}},"rotation":{"origin":[7.793845,2.2342343,5.4742937],"angle":-22.5,"axis":"y"}},{"from":[6.6170454,0.8471495,6.8973236],"to":[8.913845,1.5361894,9.079283],"faces":{"east":{"uv":[7.25,2.0,7.5625,2.125],"tintindex":0,"rotation":0,"texture":"#0"},"south":{"uv":[7.25,2.125,7.5625,2.25],"tintindex":0,"rotation":0,"texture":"#0"},"north":{"uv":[7.25,1.375,7.5625,1.5],"tintindex":0,"rotation":0,"texture":"#0"},"west":{"uv":[7.25,2.625,7.5625,2.75],"tintindex":0,"rotation":0,"texture":"#0"},"up":{"uv":[4.6875,6.1875,4.375,5.875],"tintindex":0,"rotation":0,"texture":"#0"},"down":{"uv":[6.1875,4.375,5.875,4.6875],"tintindex":0,"rotation":0,"texture":"#0"}}},{"from":[7.226,1.7360003,7.496],"to":[8.324,7.964,8.504001],"faces":{"east":{"uv":[2.875,6.125,3.0,6.875],"tintindex":0,"rotation":0,"texture":"#0"},"south":{"uv":[3.25,6.125,3.375,6.875],"tintindex":0,"rotation":0,"texture":"#0"},"north":{"uv":[2.5,6.125,2.625,6.875],"tintindex":0,"rotation":0,"texture":"#0"},"west":{"uv":[3.375,6.125,3.5,6.875],"tintindex":0,"rotation":0,"texture":"#0"},"up":{"uv":[3.75,8.375,3.625,8.25],"tintindex":0,"rotation":0,"texture":"#0"},"down":{"uv":[4.375,8.25,4.25,8.375],"tintindex":0,"rotation":0,"texture":"#0"}}},{"from":[7.2584457,0.9061415,4.4390635],"to":[8.314974,1.6181495,5.036232],"faces":{"east":{"uv":[1.5,8.75,1.5625,8.8125],"tintindex":0,"rotation":0,"texture":"#0"},"south":{"uv":[8.625,0.75,8.75,0.8125],"tintindex":0,"rotation":0,"texture":"#0"},"north":{"uv":[0.75,8.625,0.875,8.6875],"tintindex":0,"rotation":0,"texture":"#0"},"west":{"uv":[8.75,1.5,8.8125,1.5625],"tintindex":0,"rotation":0,"texture":"#0"},"up":{"uv":[1.0,8.6875,0.875,8.625],"tintindex":0,"rotation":0,"texture":"#0"},"down":{"uv":[8.75,0.875,8.625,0.9375],"tintindex":0,"rotation":0,"texture":"#0"}}},{"from":[7.2584457,1.0209816,5.4726233],"to":[8.314974,1.8478296,7.218192],"faces":{"east":{"uv":[4.375,8.0,4.5625,8.125],"tintindex":0,"rotation":0,"texture":"#0"},"south":{"uv":[5.375,8.25,5.5,8.375],"tintindex":0,"rotation":0,"texture":"#0"},"north":{"uv":[8.25,5.0,8.375,5.125],"tintindex":0,"rotation":0,"texture":"#0"},"west":{"uv":[8.0,4.375,8.1875,4.5],"tintindex":0,"rotation":0,"texture":"#0"},"up":{"uv":[8.125,4.6875,8.0,4.5],"tintindex":0,"rotation":0,"texture":"#0"},"down":{"uv":[8.125,4.75,8.0,4.9375],"tintindex":0,"rotation":0,"texture":"#0"}}},{"from":[8.604202,1.0209816,5.4818916],"to":[9.66073,1.8478296,7.2274604],"faces":{"east":{"uv":[4.875,8.0,5.0625,8.125],"tintindex":0,"rotation":0,"texture":"#0"},"south":{"uv":[6.125,8.25,6.25,8.375],"tintindex":0,"rotation":0,"texture":"#0"},"north":{"uv":[6.0,8.25,6.125,8.375],"tintindex":0,"rotation":0,"texture":"#0"},"west":{"uv":[8.0,5.0,8.1875,5.125],"tintindex":0,"rotation":0,"texture":"#0"},"up":{"uv":[5.25,8.1875,5.125,8.0],"tintindex":0,"rotation":0,"texture":"#0"},"down":{"uv":[8.125,5.125,8.0,5.3125],"tintindex":0,"rotation":0,"texture":"#0"}},"rotation":{"origin":[7.793845,2.2342343,5.4742937],"angle":-22.5,"axis":"y"}},{"from":[6.947336,1.0209816,5.4764304],"to":[8.003864,1.8478296,7.221999],"faces":{"east":{"uv":[8.0,3.75,8.1875,3.875],"tintindex":0,"rotation":0,"texture":"#0"},"south":{"uv":[8.25,4.5,8.375,4.625],"tintindex":0,"rotation":0,"texture":"#0"},"north":{"uv":[8.25,4.375,8.375,4.5],"tintindex":0,"rotation":0,"texture":"#0"},"west":{"uv":[4.0,8.0,4.1875,8.125],"tintindex":0,"rotation":0,"texture":"#0"},"up":{"uv":[8.125,4.3125,8.0,4.125],"tintindex":0,"rotation":0,"texture":"#0"},"down":{"uv":[4.375,8.0,4.25,8.1875],"tintindex":0,"rotation":0,"texture":"#0"}},"rotation":{"origin":[7.9448414,3.0250578,8.13161],"angle":22.5,"axis":"y"}},{"from":[6.4907217,1.1801851,6.4264793],"to":[9.04017,2.007033,9.205607],"faces":{"east":{"uv":[7.0,0.25,7.375,0.375],"tintindex":0,"rotation":0,"texture":"#0"},"south":{"uv":[7.25,0.125,7.5625,0.25],"tintindex":0,"rotation":0,"texture":"#0"},"north":{"uv":[7.25,0.0,7.5625,0.125],"tintindex":0,"rotation":0,"texture":"#0"},"west":{"uv":[7.0,0.375,7.375,0.5],"tintindex":0,"rotation":0,"texture":"#0"},"up":{"uv":[5.8125,4.75,5.5,4.375],"tintindex":0,"rotation":0,"texture":"#0"},"down":{"uv":[5.8125,5.125,5.5,5.5],"tintindex":0,"rotation":0,"texture":"#0"}}},{"from":[7.488126,1.0209816,3.9797037],"to":[8.085295,1.5033095,6.184632],"faces":{"east":{"uv":[8.25,5.375,8.5,5.4375],"tintindex":0,"rotation":0,"texture":"#0"},"south":{"uv":[8.75,1.375,8.8125,1.4375],"tintindex":0,"rotation":0,"texture":"#0"},"north":{"uv":[1.375,8.75,1.4375,8.8125],"tintindex":0,"rotation":0,"texture":"#0"},"west":{"uv":[5.5,8.25,5.75,8.3125],"tintindex":0,"rotation":0,"texture":"#0"},"up":{"uv":[5.8125,8.5,5.75,8.25],"tintindex":0,"rotation":0,"texture":"#0"},"down":{"uv":[8.3125,5.75,8.25,6.0],"tintindex":0,"rotation":0,"texture":"#0"}}},{"from":[8.604202,0.9061415,4.448332],"to":[9.66073,1.6181495,5.0455003],"faces":{"east":{"uv":[1.75,8.75,1.8125,8.8125],"tintindex":0,"rotation":0,"texture":"#0"},"south":{"uv":[8.625,1.0,8.75,1.0625],"tintindex":0,"rotation":0,"texture":"#0"},"north":{"uv":[1.0,8.625,1.125,8.6875],"tintindex":0,"rotation":0,"texture":"#0"},"west":{"uv":[8.75,1.75,8.8125,1.8125],"tintindex":0,"rotation":0,"texture":"#0"},"up":{"uv":[1.25,8.6875,1.125,8.625],"tintindex":0,"rotation":0,"texture":"#0"},"down":{"uv":[8.75,1.125,8.625,1.1875],"tintindex":0,"rotation":0,"texture":"#0"}},"rotation":{"origin":[7.793845,2.2342343,5.4742937],"angle":-22.5,"axis":"y"}},{"from":[6.947336,0.9061415,4.4428706],"to":[8.003864,1.6181495,5.040039],"faces":{"east":{"uv":[1.125,8.75,1.1875,8.8125],"tintindex":0,"rotation":0,"texture":"#0"},"south":{"uv":[8.625,0.5,8.75,0.5625],"tintindex":0,"rotation":0,"texture":"#0"},"north":{"uv":[0.5,8.625,0.625,8.6875],"tintindex":0,"rotation":0,"texture":"#0"},"west":{"uv":[8.75,1.125,8.8125,1.1875],"tintindex":0,"rotation":0,"texture":"#0"},"up":{"uv":[0.75,8.6875,0.625,8.625],"tintindex":0,"rotation":0,"texture":"#0"},"down":{"uv":[8.75,0.625,8.625,0.6875],"tintindex":0,"rotation":0,"texture":"#0"}},"rotation":{"origin":[7.9448414,3.0250578,8.13161],"angle":22.5,