{"textures":{"0":"modelengine:entity/nocsy_skeleton_archer_end"},"elements":[{"from":[7.23896,1.0351593,7.5769596],"to":[8.303841,2.5264394,8.22424],"faces":{"east":{"uv":[8.5,6.125,8.5625,6.3125],"tintindex":0,"rotation":0,"texture":"#0"},"south":{"uv":[4.375,8.125,4.5,8.3125],"tintindex":0,"rotation":0,"texture":"#0"},"north":{"uv":[8.125,4.125,8.25,4.3125],"tintindex":0,"rotation":0,"texture":"#0"},"west":{"uv":[6.25,8.5,6.3125,8.6875],"tintindex":0,"rotation":0,"texture":"#0"},"up":{"uv":[7.75,8.6875,7.625,8.625],"tintindex":0,"rotation":0,"texture":"#0"},"down":{"uv":[8.75,7.625,8.625,7.6875],"tintindex":0,"rotation":0,"texture":"#0"}},"rotation":{"origin":[7.519335,0.82023907,7.8875504],"angle":-22.5,"axis":"z"}},{"from":[6.2685595,1.7791598,6.6373596],"to":[7.02024,3.4704397,7.70224],"faces":{"east":{"uv":[3.875,8.125,4.0,8.3125],"tintindex":0,"rotation":0,"texture":"#0"},"south":{"uv":[8.5,5.875,8.5625,6.0625],"tintindex":0,"rotation":0,"texture":"#0"},"north":{"uv":[5.875,8.5,5.9375,8.6875],"tintindex":0,"rotation":0,"texture":"#0"},"west":{"uv":[8.125,3.875,8.25,4.0625],"tintindex":0,"rotation":0,"texture":"#0"},"up":{"uv":[6.6875,8.75,6.625,8.625],"tintindex":0,"rotation":0,"texture":"#0"},"down":{"uv":[6.8125,8.625,6.75,8.75],"tintindex":0,"rotation":0,"texture":"#0"}},"rotation":{"origin":[6.8532,2.6247997,7.1698],"angle":-22.5,"axis":"z"}},{"from":[7.6257596,1.7791598,6.74176],"to":[8.899441,3.8880394,9.059441],"faces":{"east":{"uv":[6.5,3.375,6.8125,3.625],"tintindex":0,"rotation":0,"texture":"#0"},"south":{"uv":[7.0,2.625,7.1875,2.875],"tintindex":0,"rotation":0,"texture":"#0"},"north":{"uv":[2.5,7.0,2.6875,7.25],"tintindex":0,"rotation":0,"texture":"#0"},"west":{"uv":[6.5,3.875,6.8125,4.125],"tintindex":0,"rotation":0,"texture":"#0"},"up":{"uv":[1.0625,7.1875,0.875,6.875],"tintindex":0,"rotation":0,"texture":"#0"},"down":{"uv":[1.5625,6.875,1.375,7.1875],"tintindex":0,"rotation":0,"texture":"#0"}}},{"from":[7.095054,3.8676398,7.084384],"to":[8.868734,4.9765196,8.802065],"faces":{"east":{"uv":[8.125,2.375,8.3125,2.5],"tintindex":0,"rotation":0,"texture":"#0"},"south":{"uv":[2.375,7.875,2.625,8.0],"tintindex":0,"rotation":0,"texture":"#0"},"north":{"uv":[7.875,2.125,8.125,2.25],"tintindex":0,"rotation":0,"texture":"#0"},"west":{"uv":[2.5,8.125,2.6875,8.25],"tintindex":0,"rotation":0,"texture":"#0"},"up":{"uv":[7.25,3.3125,7.0,3.125],"tintindex":0,"rotation":0,"texture":"#0"},"down":{"uv":[7.25,3.875,7.0,4.0625],"tintindex":0,"rotation":0,"texture":"#0"}},"rotation":{"origin":[8.0126,4.4335995,7.9505997],"angle":45.0,"axis":"y"}},{"from":[8.01575,6.5989122,7.467955],"to":[9.473751,8.056913,8.835956],"faces":{"east":{"uv":[7.75,3.625,7.9375,3.8125],"tintindex":0,"rotation":0,"texture":"#0"},"south":{"uv":[3.875,7.75,4.0625,7.9375],"tintindex":0,"rotation":0,"texture":"#0"},"north":{"uv":[3.625,7.75,3.8125,7.9375],"tintindex":0,"rotation":0,"texture":"#0"},"west":{"uv":[4.125,7.75,4.3125,7.9375],"tintindex":0,"rotation":0,"texture":"#0"},"up":{"uv":[7.9375,4.3125,7.75,4.125],"tintindex":0,"rotation":0,"texture":"#0"},"down":{"uv":[4.5625,7.75,4.375,7.9375],"tintindex":0,"rotation":0,"texture":"#0"}},"rotation":{"origin":[7.8199997,6.6949997,7.91],"angle":45.0,"axis":"z"}},{"from":[6.3621435,-0.16345577,7.7700996],"to":[7.3885436,0.38494378,8.0572],"faces":{"east":{"uv":[8.625,5.75,8.6875,5.875],"tintindex":0,"rotation":0,"texture":"#0"},"south":{"uv":[8.125,3.5,8.3125,3.625],"tintindex":0,"rotation":0,"texture":"#0"},"north":{"uv":[8.125,3.375,8.3125,3.5],"tintindex":0,"rotation":0,"texture":"#0"},"west":{"uv":[8.625,5.875,8.6875,6.0],"tintindex":0,"rotation":0,"texture":"#0"},"up":{"uv":[8.6875,4.3125,8.5,4.25],"tintindex":0,"rotation":0,"texture":"#0"},"down":{"uv":[5.6875,8.5,5.5,8.5625],"tintindex":0,"rotation":0,"texture":"#0"}}},{"from":[7.254788,-0.06431808,6.8044],"to":[8.089988,1.397282,7.222],"faces":{"east":{"uv":[8.5,5.125,8.5625,5.3125],"tintindex":0,"rotation":0,"texture":"#0"},"south":{"uv":[8.125,3.125,8.25,3.3125],"tintindex":0,"rotation":0,"texture":"#0"},"north":{"uv":[3.125,8.125,3.25,8.3125],"tintindex":0,"rotation":0,"texture":"#0"},"west":{"uv":[5.25,8.5,5.3125,8.6875],"tintindex":0,"rotation":0,"texture":"#0"},"up":{"uv":[8.75,5.0625,8.625,5.0],"tintindex":0,"rotation":0,"texture":"#0"},"down":{"uv":[8.75,5.125,8.625,5.1875],"tintindex":0,"rotation":0,"texture":"#0"}},"rotation":{"origin":[7.519335,0.82023907,7.8875504],"angle":-45.0,"axis":"z"}},{"from":[6.462143,-0.16345577,8.6053],"to":[7.2885437,0.38494378,8.8924],"faces":{"east":{"uv":[8.625,6.0,8.6875,6.125],"tintindex":0,"rotation":0,"texture":"#0"},"south":{"uv":[1.75,8.375,1.875,8.5],"tintindex":0,"rotation":0,"texture":"#0"},"north":{"uv":[1.625,8.375,1.75,8.5],"tintindex":0,"rotation":0,"texture":"#0"},"west":{"uv":[8.625,6.125,8.6875,6.25],"tintindex":0,"rotation":0,"texture":"#0"},"up":{"uv":[8.75,6.3125,8.625,6.25],"tintindex":0,"rotation":0,"texture":"#0"},"down":{"uv":[8.75,6.375,8.625,6.4375],"tintindex":0,"rotation":0,"texture":"#0"}}},{"from":[6.6444,2.8857992,6.8044004],"to":[8.8368,3.8253996,8.9968],"faces":{"east":{"uv":[0.375,7.375,0.6875,7.5],"tintindex":0,"rotation":0,"texture":"#0"},"south":{"uv":[7.375,0.375,7.6875,0.5],"tintindex":0,"rotation":0,"texture":"#0"},"north":{"uv":[7.375,0.25,7.6875,0.375],"tintindex":0,"rotation":0,"texture":"#0"},"west":{"uv":[7.375,0.75,7.6875,0.875],"tintindex":0,"rotation":0,"texture":"#0"},"up":{"uv":[6.3125,0.6875,6.0,0.375],"tintindex":0,"rotation":0,"texture":"#0"},"down":{"uv":[6.3125,3.375,6.0,3.6875],"tintindex":0,"rotation":0,"texture":"#0"}}},{"from":[6.0701995,0.7455994,6.7521996],"to":[6.5922,2.2071996,7.5874],"faces":{"east":{"uv":[4.0,8.125,4.125,8.3125],"tintindex":0,"rotation":0,"texture":"#0"},"south":{"uv":[6.125,8.5,6.1875,8.6875],"tintindex":0,"rotation":0,"texture":"#0"},"north":{"uv":[6.0,8.5,6.0625,8.6875],"tintindex":0,"rotation":0,"texture":"#0"},"west":{"uv":[4.125,8.125,4.25,8.3125],"tintindex":0,"rotation":0,"texture":"#0"},"up":{"uv":[6.9375,8.75,6.875,8.625],"tintindex":0,"rotation":0,"texture":"#0"},"down":{"uv":[7.0625,8.625,7.0,8.75],"tintindex":0,"rotation":0,"texture":"#0"}}},{"from":[6.0431166,0.30184573,6.8566],"to":[6.356317,0.8238457,7.4830003],"faces":{"east":{"uv":[1.875,8.375,2.0,8.5],"tintindex":0,"rotation":0,"texture":"#0"},"south":{"uv":[7.25,8.625,7.3125,8.75],"tintindex":0,"rotation":0,"texture":"#0"},"north":{"uv":[7.125,8.625,7.1875,8.75],"tintindex":0,"rotation":0,"texture":"#0"},"west":{"uv":[2.0,8.375,2.125,8.5],"tintindex":0,"rotation":0,"texture":"#0"},"up":{"uv":[7.4375,8.75,7.375,8.625],"tintindex":0,"rotation":0,"texture":"#0"},"down":{"uv":[7.5625,8.625,7.5,8.75],"tintindex":0,"rotation":0,"texture":"#0"}},"rotation":{"origin":[6.356317,1.006546,7.1698],"angle":22.5,"axis":"z"}},{"from":[7.496,2.4109995,7.226],"to":[8.504,8.008999,8.594],"faces":{"east":{"uv":[3.25,5.375,3.4375,6.0625],"tintindex":0,"rotation":0,"texture":"#0"},"south":{"uv":[6.375,4.75,6.5,5.4375],"tintindex":0,"rotation":0,"texture":"#0"},"north":{"uv":[4.75,6.375,4.875,7.0625],"tintindex":0,"rotation":0,"texture":"#0"},"west":{"uv":[3.5,5.375,3.6875,6.0625],"tintindex":0,"rotation":0,"texture":"#0"},"up":{"uv":[2.375,8.3125,2.25,8.125],"tintindex":0,"rotation":0,"texture":"#0"},"down":{"uv":[2.5,8.125,2.375,8.3125],"tintindex":0,"rotation":0,"texture":"#0"}}},{"from":[7.254788,-0.06431808,7.6657],"to":[8.089988,1.397282,8.1616],"faces":{"east":{"uv":[8.5,5.625,8.5625,5.8125],"tintindex":0,"rotation":0,"texture":"#0"},"south":{"uv":[3.75,8.125,3.875,8.3125],"tintindex":0,"rotation":0,"texture":"#0"},"north":{"uv":[3.5,8.125,3.625,8.3125],"tintindex":0,"rotation":0,"texture":"#0"},"west":{"uv":[5.75,8.5,5.8125,8.6875],"tintindex":0,"rotation":0,"texture":"#0"},"up":{"uv":[6.625,8.6875,6.5,8.625],"tintindex":0,"rotation":0,"texture":"#0"},"down":{"uv":[8.75,6.5,8.625,6.5625],"tintindex":0,"rotation":0,"texture":"#0"}},"rotation":{"origin":[7.519335,0.82023907,7.8875504],