{"textures":{"0":"modelengine:entity/nocsy_skeleton_archer_end"},"elements":[{"from":[7.6576853,3.0346832,7.3104196],"to":[8.647686,8.434683,8.660419],"faces":{"east":{"uv":[2.125,5.375,2.3125,6.0625],"tintindex":0,"rotation":0,"texture":"#0"},"south":{"uv":[6.375,4.0,6.5,4.6875],"tintindex":0,"rotation":0,"texture":"#0"},"north":{"uv":[3.875,6.375,4.0,7.0625],"tintindex":0,"rotation":0,"texture":"#0"},"west":{"uv":[2.375,5.375,2.5625,6.0625],"tintindex":0,"rotation":0,"texture":"#0"},"up":{"uv":[8.25,2.1875,8.125,2.0],"tintindex":0,"rotation":0,"texture":"#0"},"down":{"uv":[2.25,8.125,2.125,8.3125],"tintindex":0,"rotation":0,"texture":"#0"}}},{"from":[8.115715,2.4963171,7.5433745],"to":[9.573715,3.9543169,8.911375],"faces":{"east":{"uv":[7.75,1.75,7.9375,1.9375],"tintindex":0,"rotation":0,"texture":"#0"},"south":{"uv":[2.625,7.75,2.8125,7.9375],"tintindex":0,"rotation":0,"texture":"#0"},"north":{"uv":[7.75,1.5,7.9375,1.6875],"tintindex":0,"rotation":0,"texture":"#0"},"west":{"uv":[7.75,2.875,7.9375,3.0625],"tintindex":0,"rotation":0,"texture":"#0"},"up":{"uv":[7.9375,3.3125,7.75,3.125],"tintindex":0,"rotation":0,"texture":"#0"},"down":{"uv":[7.9375,3.375,7.75,3.5625],"tintindex":0,"rotation":0,"texture":"#0"}},"rotation":{"origin":[7.7926855,2.7196827,7.9854193],"angle":45.0,"axis":"z"}}],"display":{"gui":{"rotation":[30,225,0]}}}