{"textures":{"0":"modelengine:entity/yurei2"},"elements":[{"from":[6.089353,4.216614,5.278245],"to":[9.089354,9.216614,5.278245],"faces":{"south":{"uv":[0.75,11.5,0.0,12.75],"tintindex":0,"rotation":0,"texture":"#0"},"north":{"uv":[0.75,11.5,0.0,12.75],"tintindex":0,"rotation":0,"texture":"#0"}},"rotation":{"origin":[7.089353,6.716614,5.278245],"angle":22.5,"axis":"x"}},{"from":[7.070586,-0.24183655,5.9858775],"to":[7.070586,2.7581635,11.985878],"faces":{"east":{"uv":[12.5,3.0,11.0,3.75],"tintindex":0,"rotation":0,"texture":"#0"},"west":{"uv":[11.0,3.0,12.5,3.75],"tintindex":0,"rotation":0,"texture":"#0"}},"rotation":{"origin":[7.070586,0.25816298,7.9858775],"angle":-45.0,"axis":"z"}},{"from":[8.839354,2.0259304,5.9858775],"to":[8.839354,9.02593,11.985878],"faces":{"east":{"uv":[4.75,5.5,3.25,7.25],"tintindex":0,"rotation":0,"texture":"#0"},"west":{"uv":[3.25,5.5,4.75,7.25],"tintindex":0,"rotation":0,"texture":"#0"}}}],"display":{"gui":{"rotation":[30,225,0]}}}