{"textures":{"0":"modelengine:entity/dragon_statue"},"elements":[{"from":[-9.060394,7.3000126,7.0],"to":[-8.060394,11.300013,8.0],"faces":{"east":{"uv":[5.0,10.625,5.125,11.125],"tintindex":0,"rotation":0,"texture":"#0"},"south":{"uv":[5.125,10.625,5.25,11.125],"tintindex":0,"rotation":0,"texture":"#0"},"north":{"uv":[4.875,10.625,5.0,11.125],"tintindex":0,"rotation":0,"texture":"#0"},"west":{"uv":[10.625,5.625,10.75,6.125],"tintindex":0,"rotation":0,"texture":"#0"},"up":{"uv":[10.625,0.875,10.5,0.75],"tintindex":0,"rotation":0,"texture":"#0"},"down":{"uv":[10.625,1.375,10.5,1.5],"tintindex":0,"rotation":0,"texture":"#0"}},"rotation":{"origin":[-0.06039524,-11.699987,12.0],"angle":-45.0,"axis":"z"}},{"from":[-9.060394,11.300013,14.0],"to":[-8.060394,18.300013,17.0],"faces":{"east":{"uv":[2.75,8.75,3.125,9.625],"tintindex":0,"rotation":0,"texture":"#0"},"south":{"uv":[8.0,10.25,8.125,11.125],"tintindex":0,"rotation":0,"texture":"#0"},"north":{"uv":[7.875,10.25,8.0,11.125],"tintindex":0,"rotation":0,"texture":"#0"},"west":{"uv":[3.125,8.75,3.5,9.625],"tintindex":0,"rotation":0,"texture":"#0"},"up":{"uv":[10.75,9.375,10.625,9.0],"tintindex":0,"rotation":0,"texture":"#0"},"down":{"uv":[10.75,9.375,10.625,9.75],"tintindex":0,"rotation":0,"texture":"#0"}},"rotation":{"origin":[-0.06039524,-11.699987,12.0],"angle":-45.0,"axis":"z"}},{"from":[-10.060394,7.3000126,8.0],"to":[-9.060394,13.300013,10.0],"faces":{"east":{"uv":[2.75,10.0,3.0,10.75],"tintindex":0,"rotation":0,"texture":"#0"},"south":{"uv":[1.875,10.5,2.0,11.25],"tintindex":0,"rotation":0,"texture":"#0"},"north":{"uv":[10.5,1.75,10.625,2.5],"tintindex":0,"rotation":0,"texture":"#0"},"west":{"uv":[3.0,10.0,3.25,10.75],"tintindex":0,"rotation":0,"texture":"#0"},"up":{"uv":[5.375,11.125,5.25,10.875],"tintindex":0,"rotation":0,"texture":"#0"},"down":{"uv":[5.5,10.875,5.375,11.125],"tintindex":0,"rotation":0,"texture":"#0"}},"rotation":{"origin":[-0.06039524,-11.699987,12.0],"angle":-45.0,"axis":"z"}},{"from":[-9.060394,7.3000126,10.0],"to":[-8.060394,16.300013,14.0],"faces":{"east":{"uv":[1.0,7.75,1.5,8.875],"tintindex":0,"rotation":0,"texture":"#0"},"south":{"uv":[0.375,10.25,0.5,11.375],"tintindex":0,"rotation":0,"texture":"#0"},"north":{"uv":[0.25,10.25,0.375,11.375],"tintindex":0,"rotation":0,"texture":"#0"},"west":{"uv":[8.25,1.875,8.75,3.0],"tintindex":0,"rotation":0,"texture":"#0"},"up":{"uv":[10.625,6.625,10.5,6.125],"tintindex":0,"rotation":0,"texture":"#0"},"down":{"uv":[10.625,6.625,10.5,7.125],"tintindex":0,"rotation":0,"texture":"#0"}},"rotation":{"origin":[-0.06039524,-11.699987,12.0],"angle":-45.0,"axis":"z"}},{"from":[-9.060394,13.300013,17.0],"to":[-8.060394,20.300014,19.0],"faces":{"east":{"uv":[5.5,9.625,5.75,10.5],"tintindex":0,"rotation":0,"texture":"#0"},"south":{"uv":[8.25,10.25,8.375,11.125],"tintindex":0,"rotation":0,"texture":"#0"},"north":{"uv":[8.125,10.25,8.25,11.125],"tintindex":0,"rotation":0,"texture":"#0"},"west":{"uv":[7.0,9.625,7.25,10.5],"tintindex":0,"rotation":0,"texture":"#0"},"up":{"uv":[10.875,8.5,10.75,8.25],"tintindex":0,"rotation":0,"texture":"#0"},"down":{"uv":[10.875,8.5,10.75,8.75],"tintindex":0,"rotation":0,"texture":"#0"}},"rotation":{"origin":[-0.06039524,-11.699987,12.0],"angle":-45.0,"axis":"z"}},{"from":[-10.060394,18.300013,17.0],"to":[-9.060394,20.300014,21.0],"faces":{"east":{"uv":[10.125,8.25,10.625,8.5],"tintindex":0,"rotation":0,"texture":"#0"},"south":{"uv":[10.875,8.25,11.0,8.5],"tintindex":0,"rotation":0,"texture":"#0"},"north":{"uv":[10.875,7.375,11.0,7.625],"tintindex":0,"rotation":0,"texture":"#0"},"west":{"uv":[10.25,3.0,10.75,3.25],"tintindex":0,"rotation":0,"texture":"#0"},"up":{"uv":[10.75,4.25,10.625,3.75],"tintindex":0,"rotation":0,"texture":"#0"},"down":{"uv":[4.375,10.625,4.25,11.125],"tintindex":0,"rotation":0,"texture":"#0"}},"rotation":{"origin":[-0.06039524,-11.699987,12.0],"angle":-45.0,"axis":"z"}},{"from":[-9.060394,7.3000126,8.0],"to":[-8.060394,13.300013,10.0],"faces":{"east":{"uv":[4.25,9.875,4.5,10.625],"tintindex":0,"rotation":0,"texture":"#0"},"south":{"uv":[10.375,8.875,10.5,9.625],"tintindex":0,"rotation":0,"texture":"#0"},"north":{"uv":[7.625,10.375,7.75,11.125],"tintindex":0,"rotation":0,"texture":"#0"},"west":{"uv":[4.5,9.875,4.75,10.625],"tintindex":0,"rotation":0,"texture":"#0"},"up":{"uv":[10.875,10.25,10.75,10.0],"tintindex":0,"rotation":0,"texture":"#0"},"down":{"uv":[10.875,10.25,10.75,10.5],"tintindex":0,"rotation":0,"texture":"#0"}},"rotation":{"origin":[-0.06039524,-11.699987,12.0],"angle":-45.0,"axis":"z"}},{"from":[-10.060394,13.300013,10.0],"to":[-9.060394,16.300013,12.0],"faces":{"east":{"uv":[10.5,2.5,10.75,2.875],"tintindex":0,"rotation":0,"texture":"#0"},"south":{"uv":[10.75,2.875,10.875,3.25],"tintindex":0,"rotation":0,"texture":"#0"},"north":{"uv":[2.875,10.75,3.0,11.125],"tintindex":0,"rotation":0,"texture":"#0"},"west":{"uv":[3.5,10.5,3.75,10.875],"tintindex":0,"rotation":0,"texture":"#0"},"up":{"uv":[5.625,11.125,5.5,10.875],"tintindex":0,"rotation":0,"texture":"#0"},"down":{"uv":[5.75,10.875,5.625,11.125],"tintindex":0,"rotation":0,"texture":"#0"}},"rotation":{"origin":[-0.06039524,-11.699987,12.0],"angle":-45.0,"axis":"z"}},{"from":[-10.060394,16.300013,14.0],"to":[-9.060394,18.300013,17.0],"faces":{"east":{"uv":[3.75,10.5,4.125,10.75],"tintindex":0,"rotation":0,"texture":"#0"},"south":{"uv":[10.875,6.875,11.0,7.125],"tintindex":0,"rotation":0,"texture":"#0"},"north":{"uv":[10.875,6.625,11.0,6.875],"tintindex":0,"rotation":0,"texture":"#0"},"west":{"uv":[10.5,4.25,10.875,4.5],"tintindex":0,"rotation":0,"texture":"#0"},"up":{"uv":[3.125,11.125,3.0,10.75],"tintindex":0,"rotation":0,"texture":"#0"},"down":{"uv":[3.25,10.75,3.125,11.125],"tintindex":0,"rotation":0,"texture":"#0"}},"rotation":{"origin":[-0.06039524,-11.699987,12.0],"angle":-45.0,"axis":"z"}},{"from":[-10.060394,14.300013,12.0],"to":[-9.060394,16.300013,14.0],"faces":{"east":{"uv":[10.625,1.125,10.875,1.375],"tintindex":0,"rotation":0,"texture":"#0"},"south":{"uv":[10.875,5.875,11.0,6.125],"tintindex":0,"rotation":0,"texture":"#0"},"north":{"uv":[10.875,5.625,11.0,5.875],"tintindex":0,"rotation":0,"texture":"#0"},"west":{"uv":[10.625,2.25,10.875,2.5],"tintindex":0,"rotation":0,"texture":"#0"},"up":{"uv":[11.0,6.375,10.875,6.125],"tintindex":0,"rotation":0,"texture":"#0"},"down":{"uv":[11.0,6.375,10.875,6.625],"tintindex":0,"rotation":0,"texture":"#0"}},"rotation":{"origin":[-0.06039524,-11.699987,12.0],"angle":-45.0,"axis":"z"}}],"display":{"gui":{"rotation":[30,225,0]}}}