{"textures":{"0":"modelengine:entity/wild_boar"},"elements":[{"from":[4.358499,4.863469,0.63090897],"to":[12.564699,13.069669,7.195869],"faces":{"east":{"uv":[3.015,6.265,3.985,7.485],"tintindex":0,"rotation":0,"texture":"#0"},"south":{"uv":[3.765,3.265,4.985,4.485],"tintindex":0,"rotation":0,"texture":"#0"},"north":{"uv":[3.765,1.765,4.985,2.985],"tintindex":0,"rotation":0,"texture":"#0"},"west":{"uv":[4.265,6.265,5.235,7.485],"tintindex":0,"rotation":0,"texture":"#0"},"up":{"uv":[7.485,5.735,6.265,4.765],"tintindex":0,"rotation":0,"texture":"#0"},"down":{"uv":[6.735,6.265,5.515,7.235],"tintindex":0,"rotation":0,"texture":"#0"}}},{"from":[6.8203588,12.06998,-1.1366653],"to":[10.1028385,15.35246,3.787054],"faces":{"east":{"uv":[10.265,0.015,10.985,0.485],"tintindex":0,"rotation":0,"texture":"#0"},"south":{"uv":[11.265,3.265,11.735,3.735],"tintindex":0,"rotation":0,"texture":"#0"},"north":{"uv":[11.265,2.515,11.735,2.985],"tintindex":0,"rotation":0,"texture":"#0"},"west":{"uv":[10.265,0.765,10.985,1.235],"tintindex":0,"rotation":0,"texture":"#0"},"up":{"uv":[10.735,2.235,10.265,1.515],"tintindex":0,"rotation":0,"texture":"#0"},"down":{"uv":[5.485,10.265,5.015,10.985],"tintindex":0,"rotation":0,"texture":"#0"}},"rotation":{"origin":[8.461598,5.479373,12.915752],"angle":-22.5,"axis":"x"}},{"from":[5.9997387,11.428429,2.272149],"to":[10.923458,13.890288,8.837109],"faces":{"east":{"uv":[10.265,5.515,11.235,5.875],"tintindex":0,"rotation":0,"texture":"#0"},"south":{"uv":[11.265,0.015,11.985,0.375],"tintindex":0,"rotation":0,"texture":"#0"},"north":{"uv":[11.015,9.265,11.735,9.625],"tintindex":0,"rotation":0,"texture":"#0"},"west":{"uv":[5.765,10.265,6.735,10.625],"tintindex":0,"rotation":0,"texture":"#0"},"up":{"uv":[5.735,9.985,5.015,9.015],"tintindex":0,"rotation":0,"texture":"#0"},"down":{"uv":[6.735,9.015,6.015,9.985],"tintindex":0,"rotation":0,"texture":"#0"}}},{"from":[8.461598,10.607809,2.272149],"to":[8.461598,17.99339,10.47835],"faces":{"east":{"uv":[5.515,0.015,6.735,1.125],"tintindex":0,"rotation":0,"texture":"#0"},"west":{"uv":[1.515,5.515,2.735,6.625],"tintindex":0,"rotation":0,"texture":"#0"}}}],"display":{"gui":{"rotation":[30,225,0]}}}