{"textures":{"0":"modelengine:entity/wild_boar"},"elements":[{"from":[6.35876,1.6334424,4.311914],"to":[9.64124,6.557163,7.5943937],"faces":{"east":{"uv":[3.515,10.515,3.985,11.235],"tintindex":0,"rotation":0,"texture":"#0"},"south":{"uv":[4.265,10.515,4.735,11.235],"tintindex":0,"rotation":0,"texture":"#0"},"north":{"uv":[2.765,10.515,3.235,11.235],"tintindex":0,"rotation":0,"texture":"#0"},"west":{"uv":[10.015,10.515,10.485,11.235],"tintindex":0,"rotation":0,"texture":"#0"},"up":{"uv":[7.735,11.735,7.265,11.265],"tintindex":0,"rotation":0,"texture":"#0"},"down":{"uv":[11.735,7.265,11.265,7.735],"tintindex":0,"rotation":0,"texture":"#0"}},"rotation":{"origin":[12.513411,11.795513,-0.62518597],"angle":-22.5,"axis":"x"}}],"display":{"gui":{"rotation":[30,225,0]}}}