{"textures":{"0":"modelengine:entity/wild_boar"},"elements":[{"from":[6.35876,5.27997,5.1864376],"to":[9.64124,10.203691,8.468918],"faces":{"east":{"uv":[7.015,10.265,7.485,10.985],"tintindex":0,"rotation":0,"texture":"#0"},"south":{"uv":[7.765,10.265,8.235,10.985],"tintindex":0,"rotation":0,"texture":"#0"},"north":{"uv":[10.265,6.265,10.735,6.985],"tintindex":0,"rotation":0,"texture":"#0"},"west":{"uv":[2.015,10.515,2.485,11.235],"tintindex":0,"rotation":0,"texture":"#0"},"up":{"uv":[11.735,4.485,11.265,4.015],"tintindex":0,"rotation":0,"texture":"#0"},"down":{"uv":[11.735,4.765,11.265,5.235],"tintindex":0,"rotation":0,"texture":"#0"}},"rotation":{"origin":[12.513411,11.045513,10.863494],"angle":-22.5,"axis":"x"}}],"display":{"gui":{"rotation":[30,225,0]}}}