{"textures":{"0":"modelengine:entity/wild_boar"},"elements":[{"from":[6.35876,4.278537,5.1858397],"to":[9.64124,5.919777,8.46832],"faces":{"east":{"uv":[12.265,10.515,12.735,10.735],"tintindex":0,"rotation":0,"texture":"#0"},"south":{"uv":[11.015,12.265,11.485,12.485],"tintindex":0,"rotation":0,"texture":"#0"},"north":{"uv":[10.265,12.265,10.735,12.485],"tintindex":0,"rotation":0,"texture":"#0"},"west":{"uv":[12.265,11.015,12.735,11.235],"tintindex":0,"rotation":0,"texture":"#0"},"up":{"uv":[5.485,11.735,5.015,11.265],"tintindex":0,"rotation":0,"texture":"#0"},"down":{"uv":[6.985,11.265,6.515,11.735],"tintindex":0,"rotation":0,"texture":"#0"}}},{"from":[6.76907,5.097214,9.405903],"to":[9.23093,8.379694,11.8677635],"faces":{"east":{"uv":[11.765,6.265,12.125,6.735],"tintindex":0,"rotation":0,"texture":"#0"},"south":{"uv":[8.015,11.765,8.375,12.235],"tintindex":0,"rotation":0,"texture":"#0"},"north":{"uv":[11.765,1.515,12.125,1.985],"tintindex":0,"rotation":0,"texture":"#0"},"west":{"uv":[11.765,8.015,12.125,8.485],"tintindex":0,"rotation":0,"texture":"#0"},"up":{"uv":[12.375,7.375,12.015,7.015],"tintindex":0,"rotation":0,"texture":"#0"},"down":{"uv":[12.375,8.765,12.015,9.125],"tintindex":0,"rotation":0,"texture":"#0"}},"rotation":{"origin":[12.513411,14.269947,9.563068],"angle":22.5,"axis":"x"}}],"display":{"gui":{"rotation":[30,225,0]}}}