{"textures":{"0":"modelengine:entity/wild_boar"},"elements":[{"from":[5.5381403,7.7788715,0.5036082],"to":[10.461861,15.985072,7.068568],"faces":{"east":{"uv":[6.765,3.015,7.735,4.235],"tintindex":0,"rotation":0,"texture":"#0"},"south":{"uv":[8.265,0.015,8.985,1.235],"tintindex":0,"rotation":0,"texture":"#0"},"north":{"uv":[0.015,8.265,0.735,9.485],"tintindex":0,"rotation":0,"texture":"#0"},"west":{"uv":[7.015,0.015,7.985,1.235],"tintindex":0,"rotation":0,"texture":"#0"},"up":{"uv":[8.735,9.985,8.015,9.015],"tintindex":0,"rotation":0,"texture":"#0"},"down":{"uv":[9.735,8.765,9.015,9.735],"tintindex":0,"rotation":0,"texture":"#0"}},"rotation":{"origin":[12.513411,6.536298,-2.9860334],"angle":45.0,"axis":"x"}}],"display":{"gui":{"rotation":[30,225,0]}}}