{"textures":{"0":"modelengine:entity/wild_boar"},"elements":[{"from":[7.17938,12.207254,13.613552],"to":[8.82062,13.8484955,16.89603],"faces":{"east":{"uv":[12.265,11.515,12.735,11.735],"tintindex":0,"rotation":0,"texture":"#0"},"south":{"uv":[9.515,11.765,9.735,11.985],"tintindex":0,"rotation":0,"texture":"#0"},"north":{"uv":[4.515,11.515,4.735,11.735],"tintindex":0,"rotation":0,"texture":"#0"},"west":{"uv":[11.765,12.265,12.235,12.485],"tintindex":0,"rotation":0,"texture":"#0"},"up":{"uv":[7.735,12.485,7.515,12.015],"tintindex":0,"rotation":0,"texture":"#0"},"down":{"uv":[12.735,1.515,12.515,1.985],"tintindex":0,"rotation":0,"texture":"#0"}},"rotation":{"origin":[8.0,5.6664085,3.2884135],"angle":22.5,"axis":"x"}},{"from":[3.8969002,3.8195744,8.057211],"to":[12.1031,12.025774,16.26341],"faces":{"east":{"uv":[3.265,4.765,4.485,5.985],"tintindex":0,"rotation":0,"texture":"#0"},"south":{"uv":[4.765,4.765,5.985,5.985],"tintindex":0,"rotation":0,"texture":"#0"},"north":{"uv":[1.765,4.015,2.985,5.235],"tintindex":0,"rotation":0,"texture":"#0"},"west":{"uv":[0.015,5.265,1.235,6.485],"tintindex":0,"rotation":0,"texture":"#0"},"up":{"uv":[6.485,2.985,5.265,1.765],"tintindex":0,"rotation":0,"texture":"#0"},"down":{"uv":[6.485,3.265,5.265,4.485],"tintindex":0,"rotation":0,"texture":"#0"}}},{"from":[8.0,12.025774,8.057211],"to":[8.0,16.128874,14.6221695],"faces":{"east":{"uv":[10.015,4.515,10.985,5.125],"tintindex":0,"rotation":0,"texture":"#0"},"west":{"uv":[10.015,7.265,10.985,7.875],"tintindex":0,"rotation":0,"texture":"#0"}}}],"display":{"gui":{"rotation":[30,225,0]}}}