{"textures":{"0":"modelengine:entity/wild_boar"},"elements":[{"from":[5.53814,7.7788715,0.5036082],"to":[10.46186,15.985072,7.068568],"faces":{"east":{"uv":[7.985,0.015,7.015,1.235],"tintindex":0,"rotation":0,"texture":"#0"},"south":{"uv":[8.985,0.015,8.265,1.235],"tintindex":0,"rotation":0,"texture":"#0"},"north":{"uv":[0.735,8.265,0.015,9.485],"tintindex":0,"rotation":0,"texture":"#0"},"west":{"uv":[7.735,3.015,6.765,4.235],"tintindex":0,"rotation":0,"texture":"#0"},"up":{"uv":[8.015,9.985,8.735,9.015],"tintindex":0,"rotation":0,"texture":"#0"},"down":{"uv":[9.015,8.765,9.735,9.735],"tintindex":0,"rotation":0,"texture":"#0"}},"rotation":{"origin":[3.48659,6.536298,-2.9860334],"angle":45.0,"axis":"x"}}],"display":{"gui":{"rotation":[30,225,0]}}}