{"textures":{"0":"modelengine:entity/wild_boar"},"elements":[{"from":[6.7690697,9.493742,8.53138],"to":[9.23093,12.776221,10.993239],"faces":{"east":{"uv":[12.375,0.765,12.015,1.235],"tintindex":0,"rotation":0,"texture":"#0"},"south":{"uv":[1.125,12.015,0.765,12.485],"tintindex":0,"rotation":0,"texture":"#0"},"north":{"uv":[9.125,11.765,8.765,12.235],"tintindex":0,"rotation":0,"texture":"#0"},"west":{"uv":[0.375,12.015,0.015,12.485],"tintindex":0,"rotation":0,"texture":"#0"},"up":{"uv":[12.265,0.375,12.625,0.015],"tintindex":0,"rotation":0,"texture":"#0"},"down":{"uv":[1.515,12.265,1.875,12.625],"tintindex":0,"rotation":0,"texture":"#0"}},"rotation":{"origin":[3.48659,14.269947,-1.9256115],"angle":22.5,"axis":"x"}},{"from":[6.35876,4.278537,5.185839],"to":[9.64124,5.919777,8.468319],"faces":{"east":{"uv":[8.485,12.515,8.015,12.735],"tintindex":0,"rotation":0,"texture":"#0"},"south":{"uv":[12.985,7.765,12.515,7.985],"tintindex":0,"rotation":0,"texture":"#0"},"north":{"uv":[12.985,6.015,12.515,6.235],"tintindex":0,"rotation":0,"texture":"#0"},"west":{"uv":[12.985,6.515,12.515,6.735],"tintindex":0,"rotation":0,"texture":"#0"},"up":{"uv":[1.515,11.985,1.985,11.515],"tintindex":0,"rotation":0,"texture":"#0"},"down":{"uv":[2.265,11.515,2.735,11.985],"tintindex":0,"rotation":0,"texture":"#0"}}}],"display":{"gui":{"rotation":[30,225,0]}}}