{"textures":{"0":"modelengine:entity/wild_boar"},"elements":[{"from":[6.7690697,5.097214,9.405903],"to":[9.23093,8.379694,11.8677635],"faces":{"east":{"uv":[12.125,8.015,11.765,8.485],"tintindex":0,"rotation":0,"texture":"#0"},"south":{"uv":[8.375,11.765,8.015,12.235],"tintindex":0,"rotation":0,"texture":"#0"},"north":{"uv":[12.125,1.515,11.765,1.985],"tintindex":0,"rotation":0,"texture":"#0"},"west":{"uv":[12.125,6.265,11.765,6.735],"tintindex":0,"rotation":0,"texture":"#0"},"up":{"uv":[12.015,7.375,12.375,7.015],"tintindex":0,"rotation":0,"texture":"#0"},"down":{"uv":[12.015,8.765,12.375,9.125],"tintindex":0,"rotation":0,"texture":"#0"}},"rotation":{"origin":[3.48659,14.269947,9.563068],"angle":22.5,"axis":"x"}},{"from":[6.35876,4.278537,5.1858397],"to":[9.64124,5.919777,8.46832],"faces":{"east":{"uv":[12.735,11.015,12.265,11.235],"tintindex":0,"rotation":0,"texture":"#0"},"south":{"uv":[11.485,12.265,11.015,12.485],"tintindex":0,"rotation":0,"texture":"#0"},"north":{"uv":[10.735,12.265,10.265,12.485],"tintindex":0,"rotation":0,"texture":"#0"},"west":{"uv":[12.735,10.515,12.265,10.735],"tintindex":0,"rotation":0,"texture":"#0"},"up":{"uv":[5.015,11.735,5.485,11.265],"tintindex":0,"rotation":0,"texture":"#0"},"down":{"uv":[6.515,11.265,6.985,11.735],"tintindex":0,"rotation":0,"texture":"#0"}}}],"display":{"gui":{"rotation":[30,225,0]}}}