{"textures":{"0":"modelengine:entity/wild_boar"},"elements":[{"from":[6.35876,1.6334424,4.311914],"to":[9.64124,6.557163,7.5943937],"faces":{"east":{"uv":[10.485,10.515,10.015,11.235],"tintindex":0,"rotation":0,"texture":"#0"},"south":{"uv":[4.735,10.515,4.265,11.235],"tintindex":0,"rotation":0,"texture":"#0"},"north":{"uv":[3.235,10.515,2.765,11.235],"tintindex":0,"rotation":0,"texture":"#0"},"west":{"uv":[3.985,10.515,3.515,11.235],"tintindex":0,"rotation":0,"texture":"#0"},"up":{"uv":[7.265,11.735,7.735,11.265],"tintindex":0,"rotation":0,"texture":"#0"},"down":{"uv":[11.265,7.265,11.735,7.735],"tintindex":0,"rotation":0,"texture":"#0"}},"rotation":{"origin":[3.48659,11.795513,-0.62518597],"angle":-22.5,"axis":"x"}}],"display":{"gui":{"rotation":[30,225,0]}}}