{"textures":{"0":"modelengine:entity/wild_boar"},"elements":[{"from":[8.0,3.7339268,3.3148618],"to":[8.0,9.478268,8.238583],"faces":{"east":{"uv":[1.735,10.015,1.015,10.875],"tintindex":0,"rotation":0,"texture":"#0"},"west":{"uv":[1.015,10.015,1.735,10.875],"tintindex":0,"rotation":0,"texture":"#0"}},"rotation":{"origin":[4.30721,0.8292103,15.794512],"angle":22.5,"axis":"x"}}],"display":{"gui":{"rotation":[30,225,0]}}}