{"textures":{"0":"modelengine:entity/nocsy_dragon_saddled_version"},"elements":[{"from":[5.618661,7.8979216,3.5487778],"to":[10.818661,11.09792,12.74878],"faces":{"east":{"uv":[9.0625,7.53125,9.375,7.65625],"tintindex":0,"rotation":0,"texture":"#0"},"south":{"uv":[9.40625,1.1875,9.59375,1.3125],"tintindex":0,"rotation":0,"texture":"#0"},"north":{"uv":[9.40625,1.0625,9.59375,1.1875],"tintindex":0,"rotation":0,"texture":"#0"},"west":{"uv":[8.15625,9.0625,8.46875,9.1875],"tintindex":0,"rotation":0,"texture":"#0"},"up":{"uv":[7.28125,9.1875,7.09375,8.875],"tintindex":0,"rotation":0,"texture":"#0"},"down":{"uv":[8.15625,8.875,7.96875,9.1875],"tintindex":0,"rotation":0,"texture":"#0"}}},{"from":[5.5161853,6.5247917,3.1487808],"to":[5.5161853,12.524792,13.148781],"faces":{"east":{"uv":[8.15625,8.875,8.46875,9.0625],"tintindex":0,"rotation":0,"texture":"#0"},"west":{"uv":[8.46875,8.875,8.78125,9.0625],"tintindex":0,"rotation":0,"texture":"#0"}},"rotation":{"origin":[-1.5635242,-2.7118473,36.68416],"angle":-22.5,"axis":"z"}}],"display":{"gui":{"rotation":[30,225,0]}}}