{"textures":{"0":"modelengine:entity/nocsy_dragon_saddled_version"},"elements":[{"from":[5.1813393,7.8979216,3.5487778],"to":[10.381339,11.09792,12.74878],"faces":{"east":{"uv":[9.0625,7.28125,9.375,7.40625],"tintindex":0,"rotation":0,"texture":"#0"},"south":{"uv":[0.71875,9.40625,0.90625,9.53125],"tintindex":0,"rotation":0,"texture":"#0"},"north":{"uv":[9.40625,0.6875,9.59375,0.8125],"tintindex":0,"rotation":0,"texture":"#0"},"west":{"uv":[9.0625,7.40625,9.375,7.53125],"tintindex":0,"rotation":0,"texture":"#0"},"up":{"uv":[7.53125,9.125,7.34375,8.8125],"tintindex":0,"rotation":0,"texture":"#0"},"down":{"uv":[6.125,8.84375,5.9375,9.15625],"tintindex":0,"rotation":0,"texture":"#0"}}},{"from":[10.483814,6.5247917,3.1487808],"to":[10.483814,12.524792,13.148781],"faces":{"east":{"uv":[8.84375,0.3125,9.15625,0.5],"tintindex":0,"rotation":0,"texture":"#0"},"west":{"uv":[8.84375,4.96875,9.15625,5.15625],"tintindex":0,"rotation":0,"texture":"#0"}},"rotation":{"origin":[17.563524,-2.7118473,36.68416],"angle":22.5,"axis":"z"}}],"display":{"gui":{"rotation":[30,225,0]}}}