{"textures":{"0":"modelengine:entity/nocsy_dragon_saddled_version"},"elements":[{"from":[16.719965,1.3667549,6.737307],"to":[21.119967,5.7667556,19.137306],"faces":{"east":{"uv":[8.9375,5.6875,9.3125,5.8125],"tintindex":0,"rotation":0,"texture":"#0"},"south":{"uv":[9.6875,7.875,9.8125,8.0],"tintindex":0,"rotation":0,"texture":"#0"},"north":{"uv":[7.8125,9.6875,7.9375,9.8125],"tintindex":0,"rotation":0,"texture":"#0"},"west":{"uv":[6.71875,8.9375,7.09375,9.0625],"tintindex":0,"rotation":0,"texture":"#0"},"up":{"uv":[3.21875,9.3125,3.09375,8.9375],"tintindex":0,"rotation":0,"texture":"#0"},"down":{"uv":[9.0625,7.28125,8.9375,7.65625],"tintindex":0,"rotation":0,"texture":"#0"}},"rotation":{"origin":[7.851008,-7.502203,39.209087],"angle":45.0,"axis":"z"}}],"display":{"gui":{"rotation":[30,225,0]}}}