{"textures":{"0":"modelengine:entity/nocsy_dragon_saddled_version"},"elements":[{"from":[6.635248,20.254559,-11.728742],"to":[8.235248,21.854557,-9.128741],"faces":{"east":{"uv":[9.625,4.84375,9.71875,4.90625],"tintindex":0,"rotation":0,"texture":"#0"},"south":{"uv":[9.5,7.59375,9.5625,7.65625],"tintindex":0,"rotation":0,"texture":"#0"},"north":{"uv":[9.21875,8.125,9.28125,8.1875],"tintindex":0,"rotation":0,"texture":"#0"},"west":{"uv":[9.65625,0.375,9.75,0.4375],"tintindex":0,"rotation":0,"texture":"#0"},"up":{"uv":[7.28125,9.28125,7.21875,9.1875],"tintindex":0,"rotation":0,"texture":"#0"},"down":{"uv":[9.4375,8.03125,9.375,8.125],"tintindex":0,"rotation":0,"texture":"#0"}}},{"from":[5.2352476,11.187343,6.2345114],"to":[9.835248,15.787343,10.834512],"faces":{"east":{"uv":[9.25,4.5625,9.40625,4.71875],"tintindex":0,"rotation":0,"texture":"#0"},"south":{"uv":[9.25,5.125,9.40625,5.28125],"tintindex":0,"rotation":0,"texture":"#0"},"north":{"uv":[9.25,4.40625,9.40625,4.5625],"tintindex":0,"rotation":0,"texture":"#0"},"west":{"uv":[9.25,5.28125,9.40625,5.4375],"tintindex":0,"rotation":0,"texture":"#0"},"up":{"uv":[7.65625,9.40625,7.5,9.25],"tintindex":0,"rotation":0,"texture":"#0"},"down":{"uv":[1.09375,9.28125,0.9375,9.4375],"tintindex":0,"rotation":0,"texture":"#0"}},"rotation":{"origin":[7.535248,13.887344,7.334511],"angle":22.5,"axis":"x"}},{"from":[5.635248,15.687344,9.734512],"to":[9.635248,20.687344,12.734512],"faces":{"east":{"uv":[9.8125,7.65625,9.90625,7.8125],"tintindex":0,"rotation":0,"texture":"#0"},"south":{"uv":[9.46875,2.875,9.59375,3.03125],"tintindex":0,"rotation":0,"texture":"#0"},"north":{"uv":[2.34375,9.46875,2.46875,9.625],"tintindex":0,"rotation":0,"texture":"#0"},"west":{"uv":[7.6875,9.8125,7.78125,9.96875],"tintindex":0,"rotation":0,"texture":"#0"},"up":{"uv":[8.71875,1.8125,8.59375,1.71875],"tintindex":0,"rotation":0,"texture":"#0"},"down":{"uv":[8.78125,0.78125,8.65625,0.875],"tintindex":0,"rotation":0,"texture":"#0"}}},{"from":[5.035248,6.987343,4.834511],"to":[10.035248,11.987343,9.834513],"faces":{"east":{"uv":[9.25,1.0625,9.40625,1.21875],"tintindex":0,"rotation":0,"texture":"#0"},"south":{"uv":[9.25,1.21875,9.40625,1.375],"tintindex":0,"rotation":0,"texture":"#0"},"north":{"uv":[0.78125,9.25,0.9375,9.40625],"tintindex":0,"rotation":0,"texture":"#0"},"west":{"uv":[9.25,2.4375,9.40625,2.59375],"tintindex":0,"rotation":0,"texture":"#0"},"up":{"uv":[9.40625,2.75,9.25,2.59375],"tintindex":0,"rotation":0,"texture":"#0"},"down":{"uv":[9.40625,4.125,9.25,4.28125],"tintindex":0,"rotation":0,"texture":"#0"}}},{"from":[5.835248,22.2351,9.771865],"to":[9.235248,26.635101,12.1718645],"faces":{"east":{"uv":[9.8125,7.96875,9.90625,8.125],"tintindex":0,"rotation":0,"texture":"#0"},"south":{"uv":[9.46875,3.40625,9.59375,3.5625],"tintindex":0,"rotation":0,"texture":"#0"},"north":{"uv":[3.34375,9.46875,3.46875,9.625],"tintindex":0,"rotation":0,"texture":"#0"},"west":{"uv":[8.28125,9.8125,8.375,9.96875],"tintindex":0,"rotation":0,"texture":"#0"},"up":{"uv":[10.0,1.9375,9.875,1.84375],"tintindex":0,"rotation":0,"texture":"#0"},"down":{"uv":[2.03125,9.875,1.90625,9.96875],"tintindex":0,"rotation":0,"texture":"#0"}},"rotation":{"origin":[7.135248,21.335102,10.471865],"angle":-45.0,"axis":"x"}},{"from":[6.145248,19.664558,-5.8187413],"to":[8.925248,22.444557,-1.0387415],"faces":{"east":{"uv":[9.8125,6.15625,9.96875,6.25],"tintindex":0,"rotation":0,"texture":"#0"},"south":{"uv":[9.6875,9.9375,9.78125,10.03125],"tintindex":0,"rotation":0,"texture":"#0"},"north":{"uv":[9.59375,9.9375,9.6875,10.03125],"tintindex":0,"rotation":0,"texture":"#0"},"west":{"uv":[9.8125,8.34375,9.96875,8.4375],"tintindex":0,"rotation":0,"texture":"#0"},"up":{"uv":[0.09375,10.0,0.0,9.84375],"tintindex":0,"rotation":0,"texture":"#0"},"down":{"uv":[0.59375,9.84375,0.5,10.0],"tintindex":0,"rotation":0,"texture":"#0"}}},{"from":[5.935248,23.9663,3.6931634],"to":[9.135248,26.1663,7.893163],"faces":{"east":{"uv":[9.8125,1.5,9.96875,1.59375],"tintindex":0,"rotation":0,"texture":"#0"},"south":{"uv":[2.15625,9.875,2.28125,9.96875],"tintindex":0,"rotation":0,"texture":"#0"},"north":{"uv":[2.03125,9.875,2.15625,9.96875],"tintindex":0,"rotation":0,"texture":"#0"},"west":{"uv":[9.8125,3.15625,9.96875,3.25],"tintindex":0,"rotation":0,"texture":"#0"},"up":{"uv":[3.59375,9.625,3.46875,9.46875],"tintindex":0,"rotation":0,"texture":"#0"},"down":{"uv":[9.59375,3.5625,9.46875,3.71875],"tintindex":0,"rotation":0,"texture":"#0"}}},{"from":[5.735248,18.987345,10.334513],"to":[9.535248,23.787344,13.134512],"faces":{"east":{"uv":[7.78125,9.8125,7.875,9.96875],"tintindex":0,"rotation":0,"texture":"#0"},"south":{"uv":[3.21875,9.46875,3.34375,9.625],"tintindex":0,"rotation":0,"texture":"#0"},"north":{"uv":[3.09375,9.46875,3.21875,9.625],"tintindex":0,"rotation":0,"texture":"#0"},"west":{"uv":[9.8125,7.8125,9.90625,7.96875],"tintindex":0,"rotation":0,"texture":"#0"},"up":{"uv":[9.75,5.5,9.625,5.40625],"tintindex":0,"rotation":0,"texture":"#0"},"down":{"uv":[9.75,8.9375,9.625,9.03125],"tintindex":0,"rotation":0,"texture":"#0"}},"rotation":{"origin":[7.135248,18.187344,11.234512],"angle":-22.5,"axis":"x"}},{"from":[6.3352485,19.954557,-9.028742],"to":[8.535248,22.154558,-4.8287416],"faces":{"east":{"uv":[9.3125,3.75,9.4375,3.8125],"tintindex":0,"rotation":0,"texture":"#0"},"south":{"uv":[6.0625,9.15625,6.125,9.21875],"tintindex":0,"rotation":0,"texture":"#0"},"north":{"uv":[7.28125,9.0625,7.34375,9.125],"tintindex":0,"rotation":0,"texture":"#0"},"west":{"uv":[9.625,1.9375,9.75,2.0],"tintindex":0,"rotation":0,"texture":"#0"},"up":{"uv":[6.65625,7.125,6.59375,7.0],"tintindex":0,"rotation":0,"texture":"#0"},"down":{"uv":[2.3125,7.125,2.25,7.25],"tintindex":0,"rotation":0,"texture":"#0"}}},{"from":[6.010248,24.166298,1.1931648],"to":[9.010248,27.166298,5.193165],"faces":{"east":{"uv":[9.875,2.1875,10.0,2.28125],"tintindex":0,"rotation":0,"texture":"#0"},"south":{"uv":[8.5625,9.9375,8.65625,10.03125],"tintindex":0,"rotation":0,"texture":"#0"},"north":{"uv":[8.46875,9.9375,8.5625,10.03125],"tintindex":0,"rotation":0,"texture":"#0"},"west":{"uv":[2.28125,9.875,2.40625,9.96875],"tintindex":0,"rotation":0,"texture":"#0"},"up":{"uv":[8.8125,6.90625,8.71875,6.78125],"tintindex":0,"rotation":0,"texture":"#0"},"down":{"uv":[9.96875,2.875,9.875,3.0],"tintindex":0,"rotation":0,"texture":"#0"}},"rotation":{"origin":[7.035248,24.866299,5.7931633],"angle":-45.0,"axis":"x"}},{"from":[6.1352477,22.6663,-2.8068376],"to":[8.935247,25.4663,1.9931625],"faces":{"east":{"uv":[9.8125,3.65625,9.96875,3.75],"tintindex":0,"rotation":0,"texture":"#0"},"south":{"uv":[9.5,9.9375,9.59375,10.03125],"tintindex":0,"rotation":0,"texture":"#0"},"north":{"uv":[8.65625,9.9375,8.75,10.03125],"tintindex":0,"rotation":0,"texture":"#0"},"west":{"uv":[9.8125,4.1875,9.96875,4.28125],"tintindex":0,"rotation":0,"texture":"#0"},"up":{"uv":[8.46875,9.96875,8.375,9.8125],"tintindex":0,"rotation":0,"texture":"#0"},"down":{"uv":[9.90625,9.78125,9.8125,9.9375],"tintindex":0,"rotation":0,"texture":"#0"}},"rotation":{"origin":[7.035248,24.866299,5.7931633],"angle":-22.5,"axis":"x"}},{"from":[5.535248,15.187344,6.0345116],"to":[9.535248,19.187344,10.034512],"faces":{"east":{"uv":[1.25,9.28125,1.40625,9.4375],"tintindex":0,"rotation":0,"texture":"#0"},"south":{"uv":[2.0625,9.28125,2.21875,9.4375],"tintindex":0,"rotation":0,"texture":"#0"},"north":{"uv":[1.09375,9.28125,1.25,9.4375],"tintindex":0,"rotation":0,"texture":"#0"},"west":{"uv":[2.21875,9.28125,2.375,9.4375],"tintindex":0,"rotation":0,"texture":"#0"},"up":{"uv":[3.9375,9.4375,3.78125,9.28125],"tintindex":0,"rotation":0,"texture":"#0"},"down":{"uv":[4.09375,9.28125,3.9375,9.4375],"tintindex":0,"rotation":0,"texture":"#0"}},"rotation":{"origin":[7.535248,13.887344,7.334511],"angle":45.0,"axis":"x"}}],"display":{"gui":{"rotation":[30,225,0]}}}