{"textures":{"0":"modelengine:entity/nocsy_dragon_saddled_version"},"elements":[{"from":[3.318509,14.141987,10.848045],"to":[5.318509,18.141987,12.848045],"faces":{"east":{"uv":[2.5,9.8125,2.59375,9.96875],"tintindex":0,"rotation":0,"texture":"#0"},"south":{"uv":[2.59375,9.8125,2.6875,9.96875],"tintindex":0,"rotation":0,"texture":"#0"},"north":{"uv":[2.40625,9.8125,2.5,9.96875],"tintindex":0,"rotation":0,"texture":"#0"},"west":{"uv":[2.6875,9.8125,2.78125,9.96875],"tintindex":0,"rotation":0,"texture":"#0"},"up":{"uv":[10.03125,3.53125,9.9375,3.4375],"tintindex":0,"rotation":0,"texture":"#0"},"down":{"uv":[3.65625,9.9375,3.5625,10.03125],"tintindex":0,"rotation":0,"texture":"#0"}}},{"from":[2.7185092,-0.028524779,14.105753],"to":[6.318509,4.171477,18.305754],"faces":{"east":{"uv":[2.71875,9.6875,2.84375,9.8125],"tintindex":0,"rotation":0,"texture":"#0"},"south":{"uv":[2.84375,9.6875,2.96875,9.8125],"tintindex":0,"rotation":0,"texture":"#0"},"north":{"uv":[2.59375,9.6875,2.71875,9.8125],"tintindex":0,"rotation":0,"texture":"#0"},"west":{"uv":[9.6875,3.0,9.8125,3.125],"tintindex":0,"rotation":0,"texture":"#0"},"up":{"uv":[9.8125,3.25,9.6875,3.125],"tintindex":0,"rotation":0,"texture":"#0"},"down":{"uv":[9.8125,3.65625,9.6875,3.78125],"tintindex":0,"rotation":0,"texture":"#0"}},"rotation":{"origin":[10.71833,23.286545,36.839478],"angle":22.5,"axis":"x"}},{"from":[2.118509,6.141988,6.248044],"to":[6.918509,10.941989,11.048045],"faces":{"east":{"uv":[0.25,9.6875,0.375,9.8125],"tintindex":0,"rotation":0,"texture":"#0"},"south":{"uv":[9.6875,0.875,9.8125,1.0],"tintindex":0,"rotation":0,"texture":"#0"},"north":{"uv":[0.125,9.6875,0.25,9.8125],"tintindex":0,"rotation":0,"texture":"#0"},"west":{"uv":[1.40625,9.6875,1.53125,9.8125],"tintindex":0,"rotation":0,"texture":"#0"},"up":{"uv":[9.8125,1.625,9.6875,1.5],"tintindex":0,"rotation":0,"texture":"#0"},"down":{"uv":[2.59375,9.6875,2.46875,9.8125],"tintindex":0,"rotation":0,"texture":"#0"}}},{"from":[3.718509,28.748264,8.482226],"to":[4.9185095,31.948265,9.682227],"faces":{"east":{"uv":[2.875,9.8125,2.96875,9.96875],"tintindex":0,"rotation":0,"texture":"#0"},"south":{"uv":[9.8125,3.0,9.90625,3.15625],"tintindex":0,"rotation":0,"texture":"#0"},"north":{"uv":[2.78125,9.8125,2.875,9.96875],"tintindex":0,"rotation":0,"texture":"#0"},"west":{"uv":[5.46875,9.8125,5.5625,9.96875],"tintindex":0,"rotation":0,"texture":"#0"},"up":{"uv":[10.03125,4.0,9.9375,3.90625],"tintindex":0,"rotation":0,"texture":"#0"},"down":{"uv":[4.15625,9.9375,4.0625,10.03125],"tintindex":0,"rotation":0,"texture":"#0"}},"rotation":{"origin":[10.518331,30.886543,40.039474],"angle":-22.5,"axis":"x"}},{"from":[2.9185092,-2.8453553,23.702671],"to":[5.718509,-0.045357525,26.502674],"faces":{"east":{"uv":[9.9375,2.375,10.03125,2.46875],"tintindex":0,"rotation":0,"texture":"#0"},"south":{"uv":[9.9375,2.46875,10.03125,2.5625],"tintindex":0,"rotation":0,"texture":"#0"},"north":{"uv":[9.9375,0.96875,10.03125,1.0625],"tintindex":0,"rotation":0,"texture":"#0"},"west":{"uv":[9.9375,2.5625,10.03125,2.65625],"tintindex":0,"rotation":0,"texture":"#0"},"up":{"uv":[3.0625,10.03125,2.96875,9.9375],"tintindex":0,"rotation":0,"texture":"#0"},"down":{"uv":[10.03125,3.34375,9.9375,3.4375],"tintindex":0,"rotation":0,"texture":"#0"}},"rotation":{"origin":[10.71833,23.286545,36.839478],"angle":45.0,"axis":"x"}}],"display":{"gui":{"rotation":[30,225,0]}}}