{"textures":{"0":"modelengine:entity/nocsy_dragon_saddled_version"},"elements":[{"from":[6.0928245,9.874797,6.756091],"to":[10.692825,14.474797,11.3560915],"faces":{"east":{"uv":[6.21875,9.28125,6.375,9.4375],"tintindex":0,"rotation":0,"texture":"#0"},"south":{"uv":[7.21875,9.28125,7.375,9.4375],"tintindex":0,"rotation":0,"texture":"#0"},"north":{"uv":[6.0625,9.28125,6.21875,9.4375],"tintindex":0,"rotation":0,"texture":"#0"},"west":{"uv":[9.28125,8.125,9.4375,8.28125],"tintindex":0,"rotation":0,"texture":"#0"},"up":{"uv":[9.4375,8.4375,9.28125,8.28125],"tintindex":0,"rotation":0,"texture":"#0"},"down":{"uv":[9.21875,9.28125,9.0625,9.4375],"tintindex":0,"rotation":0,"texture":"#0"}},"rotation":{"origin":[8.392824,12.574799,7.8560905],"angle":22.5,"axis":"x"}},{"from":[6.3928246,13.874798,6.5560913],"to":[10.392825,17.874798,10.556091],"faces":{"east":{"uv":[0.4375,9.3125,0.59375,9.46875],"tintindex":0,"rotation":0,"texture":"#0"},"south":{"uv":[3.09375,9.3125,3.25,9.46875],"tintindex":0,"rotation":0,"texture":"#0"},"north":{"uv":[9.21875,9.28125,9.375,9.4375],"tintindex":0,"rotation":0,"texture":"#0"},"west":{"uv":[3.25,9.3125,3.40625,9.46875],"tintindex":0,"rotation":0,"texture":"#0"},"up":{"uv":[3.5625,9.46875,3.40625,9.3125],"tintindex":0,"rotation":0,"texture":"#0"},"down":{"uv":[9.46875,3.4375,9.3125,3.59375],"tintindex":0,"rotation":0,"texture":"#0"}},"rotation":{"origin":[8.392824,12.574799,7.8560905],"angle":45.0,"axis":"x"}},{"from":[6.7928247,22.65375,4.214743],"to":[9.9928255,24.85375,8.414743],"faces":{"east":{"uv":[9.8125,9.34375,9.96875,9.4375],"tintindex":0,"rotation":0,"texture":"#0"},"south":{"uv":[3.8125,9.875,3.9375,9.96875],"tintindex":0,"rotation":0,"texture":"#0"},"north":{"uv":[9.875,3.75,10.0,3.84375],"tintindex":0,"rotation":0,"texture":"#0"},"west":{"uv":[9.84375,1.125,10.0,1.21875],"tintindex":0,"rotation":0,"texture":"#0"},"up":{"uv":[9.625,7.59375,9.5,7.4375],"tintindex":0,"rotation":0,"texture":"#0"},"down":{"uv":[7.75,9.5,7.625,9.65625],"tintindex":0,"rotation":0,"texture":"#0"}}},{"from":[7.6928244,18.942009,-11.207162],"to":[9.292825,20.542007,-8.6071615],"faces":{"east":{"uv":[9.6875,9.46875,9.78125,9.53125],"tintindex":0,"rotation":0,"texture":"#0"},"south":{"uv":[7.125,9.5625,7.1875,9.625],"tintindex":0,"rotation":0,"texture":"#0"},"north":{"uv":[9.5625,6.3125,9.625,6.375],"tintindex":0,"rotation":0,"texture":"#0"},"west":{"uv":[9.75,0.625,9.84375,0.6875],"tintindex":0,"rotation":0,"texture":"#0"},"up":{"uv":[9.625,3.9375,9.5625,3.84375],"tintindex":0,"rotation":0,"texture":"#0"},"down":{"uv":[5.78125,9.625,5.71875,9.71875],"tintindex":0,"rotation":0,"texture":"#0"}}},{"from":[6.2928247,14.374798,10.256092],"to":[10.292825,19.374798,13.256092],"faces":{"east":{"uv":[0.59375,9.84375,0.6875,10.0],"tintindex":0,"rotation":0,"texture":"#0"},"south":{"uv":[6.34375,9.46875,6.46875,9.625],"tintindex":0,"rotation":0,"texture":"#0"},"north":{"uv":[4.03125,9.46875,4.15625,9.625],"tintindex":0,"rotation":0,"texture":"#0"},"west":{"uv":[9.84375,0.625,9.9375,0.78125],"tintindex":0,"rotation":0,"texture":"#0"},"up":{"uv":[3.1875,9.96875,3.0625,9.875],"tintindex":0,"rotation":0,"texture":"#0"},"down":{"uv":[3.3125,9.875,3.1875,9.96875],"tintindex":0,"rotation":0,"texture":"#0"}}},{"from":[5.8928246,5.674797,5.3560905],"to":[10.892825,10.674797,10.356091],"faces":{"east":{"uv":[5.0,9.28125,5.15625,9.4375],"tintindex":0,"rotation":0,"texture":"#0"},"south":{"uv":[5.15625,9.28125,5.3125,9.4375],"tintindex":0,"rotation":0,"texture":"#0"},"north":{"uv":[4.84375,9.28125,5.0,9.4375],"tintindex":0,"rotation":0,"texture":"#0"},"west":{"uv":[5.3125,9.28125,5.46875,9.4375],"tintindex":0,"rotation":0,"texture":"#0"},"up":{"uv":[5.625,9.4375,5.46875,9.28125],"tintindex":0,"rotation":0,"texture":"#0"},"down":{"uv":[5.78125,9.28125,5.625,9.4375],"tintindex":0,"rotation":0,"texture":"#0"}}},{"from":[6.9928246,21.35375,-2.2852578],"to":[9.792825,24.15375,2.5147424],"faces":{"east":{"uv":[9.84375,1.59375,10.0,1.6875],"tintindex":0,"rotation":0,"texture":"#0"},"south":{"uv":[9.96875,0.09375,10.0625,0.1875],"tintindex":0,"rotation":0,"texture":"#0"},"north":{"uv":[0.09375,9.96875,0.1875,10.0625],"tintindex":0,"rotation":0,"texture":"#0"},"west":{"uv":[9.84375,2.0,10.0,2.09375],"tintindex":0,"rotation":0,"texture":"#0"},"up":{"uv":[1.65625,10.0,1.5625,9.84375],"tintindex":0,"rotation":0,"texture":"#0"},"down":{"uv":[9.9375,2.53125,9.84375,2.6875],"tintindex":0,"rotation":0,"texture":"#0"}},"rotation":{"origin":[8.892825,23.55375,6.314743],"angle":-22.5,"axis":"x"}},{"from":[6.9178247,22.853752,1.7147446],"to":[9.917825,25.853752,5.7147446],"faces":{"east":{"uv":[3.9375,9.875,4.0625,9.96875],"tintindex":0,"rotation":0,"texture":"#0"},"south":{"uv":[9.96875,0.0,10.0625,0.09375],"tintindex":0,"rotation":0,"texture":"#0"},"north":{"uv":[9.78125,9.9375,9.875,10.03125],"tintindex":0,"rotation":0,"texture":"#0"},"west":{"uv":[9.875,4.0625,10.0,4.15625],"tintindex":0,"rotation":0,"texture":"#0"},"up":{"uv":[4.28125,10.0,4.1875,9.875],"tintindex":0,"rotation":0,"texture":"#0"},"down":{"uv":[9.96875,4.28125,9.875,4.40625],"tintindex":0,"rotation":0,"texture":"#0"}},"rotation":{"origin":[8.892825,23.55375,6.314743],"angle":-45.0,"axis":"x"}},{"from":[7.3928246,18.642008,-8.507162],"to":[9.592825,20.842009,-4.307162],"faces":{"east":{"uv":[9.875,6.5,10.0,6.5625],"tintindex":0,"rotation":0,"texture":"#0"},"south":{"uv":[6.15625,9.5625,6.21875,9.625],"tintindex":0,"rotation":0,"texture":"#0"},"north":{"uv":[5.59375,9.5625,5.65625,9.625],"tintindex":0,"rotation":0,"texture":"#0"},"west":{"uv":[9.875,9.28125,10.0,9.34375],"tintindex":0,"rotation":0,"texture":"#0"},"up":{"uv":[7.3125,0.46875,7.25,0.34375],"tintindex":0,"rotation":0,"texture":"#0"},"down":{"uv":[7.375,1.21875,7.3125,1.34375],"tintindex":0,"rotation":0,"texture":"#0"}}},{"from":[6.692825,20.922554,10.293445],"to":[10.092825,25.322556,12.693444],"faces":{"east":{"uv":[9.84375,0.96875,9.9375,1.125],"tintindex":0,"rotation":0,"texture":"#0"},"south":{"uv":[9.5,7.28125,9.625,7.4375],"tintindex":0,"rotation":0,"texture":"#0"},"north":{"uv":[3.59375,9.5,3.71875,9.65625],"tintindex":0,"rotation":0,"texture":"#0"},"west":{"uv":[1.46875,9.84375,1.5625,10.0],"tintindex":0,"rotation":0,"texture":"#0"},"up":{"uv":[3.5625,9.96875,3.4375,9.875],"tintindex":0,"rotation":0,"texture":"#0"},"down":{"uv":[3.8125,9.875,3.6875,9.96875],"tintindex":0,"rotation":0,"texture":"#0"}},"rotation":{"origin":[8.792825,20.022552,10.993444],"angle":-45.0,"axis":"x"}},{"from":[7.002825,18.352009,-5.2971616],"to":[9.782825,21.132008,-0.5171617],"faces":{"east":{"uv":[9.84375,2.09375,10.0,2.1875],"tintindex":0,"rotation":0,"texture":"#0"},"south":{"uv":[1.0625,9.96875,1.15625,10.0625],"tintindex":0,"rotation":0,"texture":"#0"},"north":{"uv":[0.96875,9.96875,1.0625,10.0625],"tintindex":0,"rotation":0,"texture":"#0"},"west":{"uv":[9.84375,2.6875,10.0,2.78125],"tintindex":0,"rotation":0,"texture":"#0"},"up":{"uv":[9.9375,3.53125,9.84375,3.375],"tintindex":0,"rotation":0,"texture":"#0"},"down":{"uv":[9.9375,3.90625,9.84375,4.0625],"tintindex":0,"rotation":0,"texture":"#0"}}},{"from":[6.3928246,17.674799,10.856092],"to":[10.192824,22.474798,13.656092],"faces":{"east":{"uv":[0.6875,9.84375,0.78125,10.0],"tintindex":0,"rotation":0,"texture":"#0"},"south":{"uv":[9.46875,8.65625,9.59375,8.8125],"tintindex":0,"rotation":0,"texture":"#0"},"north":{"uv":[7.3125,9.46875,7.4375,9.625],"tintindex":0,"rotation":0,"texture":"#0"},"west":{"uv":[0.78125,9.84375,0.875,10.0],"tintindex":0,"rotation":0,"texture":"#0"},"up":{"uv":[10.0,3.34375,9.875,3.25],"tintindex":0,"rotation":0,"texture":"#0"},"down":{"uv":[3.4375,9.875,3.3125,9.96875],"tintindex":0,"rotation":0,"texture":"#0"}},"rotation":{"origin":[8.792825,16.874798,11.756092],"angle":-22.5,"axis":"x"}}],"display":{"gui":{"rotation":[30,225,0]}}}