{"textures":{"0":"modelengine:entity/nocsy_dragon_saddled_version"},"elements":[{"from":[10.281491,-2.8453553,23.702671],"to":[13.0814905,-0.045357525,26.502674],"faces":{"east":{"uv":[4.71875,9.9375,4.8125,10.03125],"tintindex":0,"rotation":0,"texture":"#0"},"south":{"uv":[4.8125,9.9375,4.90625,10.03125],"tintindex":0,"rotation":0,"texture":"#0"},"north":{"uv":[4.625,9.9375,4.71875,10.03125],"tintindex":0,"rotation":0,"texture":"#0"},"west":{"uv":[4.90625,9.9375,5.0,10.03125],"tintindex":0,"rotation":0,"texture":"#0"},"up":{"uv":[7.375,10.03125,7.28125,9.9375],"tintindex":0,"rotation":0,"texture":"#0"},"down":{"uv":[7.46875,9.9375,7.375,10.03125],"tintindex":0,"rotation":0,"texture":"#0"}},"rotation":{"origin":[5.2816696,23.286545,36.839478],"angle":45.0,"axis":"x"}},{"from":[9.681492,-0.028524779,14.105753],"to":[13.28149,4.171477,18.305754],"faces":{"east":{"uv":[6.96875,9.6875,7.09375,9.8125],"tintindex":0,"rotation":0,"texture":"#0"},"south":{"uv":[9.6875,7.5,9.8125,7.625],"tintindex":0,"rotation":0,"texture":"#0"},"north":{"uv":[6.84375,9.6875,6.96875,9.8125],"tintindex":0,"rotation":0,"texture":"#0"},"west":{"uv":[9.6875,7.625,9.8125,7.75],"tintindex":0,"rotation":0,"texture":"#0"},"up":{"uv":[7.8125,9.8125,7.6875,9.6875],"tintindex":0,"rotation":0,"texture":"#0"},"down":{"uv":[9.8125,7.75,9.6875,7.875],"tintindex":0,"rotation":0,"texture":"#0"}},"rotation":{"origin":[5.2816696,23.286545,36.839478],"angle":22.5,"axis":"x"}},{"from":[10.681491,14.141987,10.848045],"to":[12.681491,18.141987,12.848045],"faces":{"east":{"uv":[6.53125,9.8125,6.625,9.96875],"tintindex":0,"rotation":0,"texture":"#0"},"south":{"uv":[6.625,9.8125,6.71875,9.96875],"tintindex":0,"rotation":0,"texture":"#0"},"north":{"uv":[5.96875,9.8125,6.0625,9.96875],"tintindex":0,"rotation":0,"texture":"#0"},"west":{"uv":[6.71875,9.8125,6.8125,9.96875],"tintindex":0,"rotation":0,"texture":"#0"},"up":{"uv":[7.5625,10.03125,7.46875,9.9375],"tintindex":0,"rotation":0,"texture":"#0"},"down":{"uv":[7.65625,9.9375,7.5625,10.03125],"tintindex":0,"rotation":0,"texture":"#0"}}},{"from":[9.0814905,6.141988,6.248044],"to":[13.881491,10.941989,11.048045],"faces":{"east":{"uv":[5.46875,9.6875,5.59375,9.8125],"tintindex":0,"rotation":0,"texture":"#0"},"south":{"uv":[6.0,9.6875,6.125,9.8125],"tintindex":0,"rotation":0,"texture":"#0"},"north":{"uv":[9.6875,4.1875,9.8125,4.3125],"tintindex":0,"rotation":0,"texture":"#0"},"west":{"uv":[9.6875,6.15625,9.8125,6.28125],"tintindex":0,"rotation":0,"texture":"#0"},"up":{"uv":[6.71875,9.8125,6.59375,9.6875],"tintindex":0,"rotation":0,"texture":"#0"},"down":{"uv":[6.84375,9.6875,6.71875,9.8125],"tintindex":0,"rotation":0,"texture":"#0"}}},{"from":[11.0814905,28.748264,8.482226],"to":[12.281491,31.948265,9.682227],"faces":{"east":{"uv":[6.90625,9.8125,7.0,9.96875],"tintindex":0,"rotation":0,"texture":"#0"},"south":{"uv":[7.0,9.8125,7.09375,9.96875],"tintindex":0,"rotation":0,"texture":"#0"},"north":{"uv":[6.8125,9.8125,6.90625,9.96875],"tintindex":0,"rotation":0,"texture":"#0"},"west":{"uv":[9.8125,7.5,9.90625,7.65625],"tintindex":0,"rotation":0,"texture":"#0"},"up":{"uv":[8.21875,10.03125,8.125,9.9375],"tintindex":0,"rotation":0,"texture":"#0"},"down":{"uv":[10.03125,8.4375,9.9375,8.53125],"tintindex":0,"rotation":0,"texture":"#0"}},"rotation":{"origin":[5.4816694,30.886543,40.039474],"angle":-22.5,"axis":"x"}}],"display":{"gui":{"rotation":[30,225,0]}}}