{"textures":{"0":"modelengine:entity/nocsy_dragon_saddled_version"},"elements":[{"from":[7.16,11.645692,9.2731285],"to":[8.96,13.745688,11.373129],"faces":{"east":{"uv":[4.71875,9.625,4.84375,9.75],"tintindex":0,"rotation":0,"texture":"#0"},"south":{"uv":[9.625,4.71875,9.75,4.84375],"tintindex":0,"rotation":0,"texture":"#0"},"north":{"uv":[9.625,4.375,9.75,4.5],"tintindex":0,"rotation":0,"texture":"#0"},"west":{"uv":[4.84375,9.625,4.96875,9.75],"tintindex":0,"rotation":0,"texture":"#0"},"up":{"uv":[5.09375,9.75,4.96875,9.625],"tintindex":0,"rotation":0,"texture":"#0"},"down":{"uv":[9.75,5.03125,9.625,5.15625],"tintindex":0,"rotation":0,"texture":"#0"}},"rotation":{"origin":[11.15991,23.012554,-0.2844057],"angle":22.5,"axis":"x"}},{"from":[6.8600006,7.7168374,5.8878727],"to":[9.26,10.116835,8.287872],"faces":{"east":{"uv":[3.71875,9.625,3.84375,9.75],"tintindex":0,"rotation":0,"texture":"#0"},"south":{"uv":[3.84375,9.625,3.96875,9.75],"tintindex":0,"rotation":0,"texture":"#0"},"north":{"uv":[3.46875,9.625,3.59375,9.75],"tintindex":0,"rotation":0,"texture":"#0"},"west":{"uv":[9.625,3.84375,9.75,3.96875],"tintindex":0,"rotation":0,"texture":"#0"},"up":{"uv":[4.09375,9.75,3.96875,9.625],"tintindex":0,"rotation":0,"texture":"#0"},"down":{"uv":[4.375,9.625,4.25,9.75],"tintindex":0,"rotation":0,"texture":"#0"}}},{"from":[7.66,8.833925,-4.615264],"to":[8.26,9.433928,-3.0152645],"faces":{"east":{"uv":[8.75,9.78125,8.90625,9.875],"tintindex":0,"rotation":0,"texture":"#0"},"south":{"uv":[9.90625,8.03125,10.0,8.125],"tintindex":0,"rotation":0,"texture":"#0"},"north":{"uv":[9.90625,7.9375,10.0,8.03125],"tintindex":0,"rotation":0,"texture":"#0"},"west":{"uv":[9.375,9.78125,9.53125,9.875],"tintindex":0,"rotation":0,"texture":"#0"},"up":{"uv":[9.875,9.625,9.78125,9.46875],"tintindex":0,"rotation":0,"texture":"#0"},"down":{"uv":[9.625,9.78125,9.53125,9.9375],"tintindex":0,"rotation":0,"texture":"#0"}},"rotation":{"origin":[11.059911,24.612553,-4.084405],"angle":-22.5,"axis":"x"}},{"from":[7.26,16.44415,11.381544],"to":[8.66,17.844149,12.781545],"faces":{"east":{"uv":[9.90625,5.53125,10.0,5.625],"tintindex":0,"rotation":0,"texture":"#0"},"south":{"uv":[9.90625,6.03125,10.0,6.125],"tintindex":0,"rotation":0,"texture":"#0"},"north":{"uv":[5.34375,9.90625,5.4375,10.0],"tintindex":0,"rotation":0,"texture":"#0"},"west":{"uv":[9.90625,7.46875,10.0,7.5625],"tintindex":0,"rotation":0,"texture":"#0"},"up":{"uv":[10.0,7.65625,9.90625,7.5625],"tintindex":0,"rotation":0,"texture":"#0"},"down":{"uv":[10.0,7.65625,9.90625,7.75],"tintindex":0,"rotation":0,"texture":"#0"}},"rotation":{"origin":[11.15991,23.012554,-0.2844057],"angle":45.0,"axis":"x"}},{"from":[7.46,10.016834,2.2878723],"to":[8.46,11.016834,4.2878723],"faces":{"east":{"uv":[9.75,8.25,9.90625,8.34375],"tintindex":0,"rotation":0,"texture":"#0"},"south":{"uv":[9.90625,7.84375,10.0,7.9375],"tintindex":0,"rotation":0,"texture":"#0"},"north":{"uv":[9.90625,7.75,10.0,7.84375],"tintindex":0,"rotation":0,"texture":"#0"},"west":{"uv":[9.78125,2.4375,9.9375,2.53125],"tintindex":0,"rotation":0,"texture":"#0"},"up":{"uv":[8.65625,9.9375,8.5625,9.78125],"tintindex":0,"rotation":0,"texture":"#0"},"down":{"uv":[8.75,9.78125,8.65625,9.9375],"tintindex":0,"rotation":0,"texture":"#0"}}}],"display":{"gui":{"rotation":[30,225,0]}}}