{"textures":{"0":"modelengine:entity/nocsy_dragon_saddled_version"},"elements":[{"from":[7.438335,7.654429,7.498688],"to":[8.771668,16.987762,8.832022],"faces":{"east":{"uv":[5.125,7.84375,5.25,8.71875],"tintindex":0,"rotation":0,"texture":"#0"},"south":{"uv":[5.25,7.84375,5.375,8.71875],"tintindex":0,"rotation":0,"texture":"#0"},"north":{"uv":[5.0,7.84375,5.125,8.71875],"tintindex":0,"rotation":0,"texture":"#0"},"west":{"uv":[5.625,7.84375,5.75,8.71875],"tintindex":0,"rotation":0,"texture":"#0"},"up":{"uv":[9.75,3.40625,9.625,3.28125],"tintindex":0,"rotation":0,"texture":"#0"},"down":{"uv":[3.46875,9.625,3.34375,9.75],"tintindex":0,"rotation":0,"texture":"#0"}}},{"from":[8.171668,2.987761,7.498688],"to":[8.171668,17.65443,30.165356],"faces":{"east":{"uv":[4.0,2.75,6.125,4.125],"tintindex":0,"rotation":0,"texture":"#0"},"west":{"uv":[4.0,4.125,6.125,5.5],"tintindex":0,"rotation":0,"texture":"#0"}}}],"display":{"gui":{"rotation":[30,225,0]}}}