{"textures":{"0":"modelengine:entity/nocsy_dragon_saddled_version"},"elements":[{"from":[7.735814,7.3664327,6.638769],"to":[8.635814,8.266434,8.538769],"faces":{"east":{"uv":[9.1875,3.8125,9.4375,3.9375],"tintindex":0,"rotation":0,"texture":"#0"},"south":{"uv":[9.625,5.5625,9.75,5.6875],"tintindex":0,"rotation":0,"texture":"#0"},"north":{"uv":[5.34375,9.625,5.46875,9.75],"tintindex":0,"rotation":0,"texture":"#0"},"west":{"uv":[9.1875,3.9375,9.4375,4.0625],"tintindex":0,"rotation":0,"texture":"#0"},"up":{"uv":[7.21875,9.4375,7.09375,9.1875],"tintindex":0,"rotation":0,"texture":"#0"},"down":{"uv":[8.0625,9.1875,7.9375,9.4375],"tintindex":0,"rotation":0,"texture":"#0"}}},{"from":[7.735814,13.417383,17.63992],"to":[8.635814,14.317383,24.039919],"faces":{"east":{"uv":[7.9375,1.375,8.75,1.5],"tintindex":0,"rotation":0,"texture":"#0"},"south":{"uv":[9.625,8.21875,9.75,8.34375],"tintindex":0,"rotation":0,"texture":"#0"},"north":{"uv":[8.09375,9.625,8.21875,9.75],"tintindex":0,"rotation":0,"texture":"#0"},"west":{"uv":[7.9375,6.25,8.75,6.375],"tintindex":0,"rotation":0,"texture":"#0"},"up":{"uv":[7.5625,8.8125,7.4375,8.0],"tintindex":0,"rotation":0,"texture":"#0"},"down":{"uv":[6.59375,8.0625,6.46875,8.875],"tintindex":0,"rotation":0,"texture":"#0"}}},{"from":[7.685814,12.47328,12.654234],"to":[8.685814,23.973278,13.654234],"faces":{"east":{"uv":[2.625,7.25,2.75,8.6875],"tintindex":0,"rotation":0,"texture":"#0"},"south":{"uv":[2.75,7.25,2.875,8.6875],"tintindex":0,"rotation":0,"texture":"#0"},"north":{"uv":[2.5,7.25,2.625,8.6875],"tintindex":0,"rotation":0,"texture":"#0"},"west":{"uv":[5.5,7.25,5.625,8.6875],"tintindex":0,"rotation":0,"texture":"#0"},"up":{"uv":[7.6875,9.78125,7.5625,9.65625],"tintindex":0,"rotation":0,"texture":"#0"},"down":{"uv":[8.34375,9.65625,8.21875,9.78125],"tintindex":0,"rotation":0,"texture":"#0"}},"rotation":{"origin":[7.299784,19.498753,19.276283],"angle":45.0,"axis":"x"}},{"from":[7.7858143,3.0732794,8.779233],"to":[8.5858135,3.8732786,9.579233],"faces":{"east":{"uv":[9.625,7.0,9.75,7.125],"tintindex":0,"rotation":0,"texture":"#0"},"south":{"uv":[7.125,9.625,7.25,9.75],"tintindex":0,"rotation":0,"texture":"#0"},"north":{"uv":[9.625,6.6875,9.75,6.8125],"tintindex":0,"rotation":0,"texture":"#0"},"west":{"uv":[9.625,7.125,9.75,7.25],"tintindex":0,"rotation":0,"texture":"#0"},"up":{"uv":[7.375,9.75,7.25,9.625],"tintindex":0,"rotation":0,"texture":"#0"},"down":{"uv":[9.75,7.25,9.625,7.375],"tintindex":0,"rotation":0,"texture":"#0"}},"rotation":{"origin":[7.299784,9.798752,13.551283],"angle":45.0,"axis":"x"}},{"from":[7.735814,16.620802,9.95081],"to":[8.635814,17.520803,15.350811],"faces":{"east":{"uv":[8.09375,1.0,8.78125,1.125],"tintindex":0,"rotation":0,"texture":"#0"},"south":{"uv":[9.625,5.28125,9.75,5.40625],"tintindex":0,"rotation":0,"texture":"#0"},"north":{"uv":[5.21875,9.625,5.34375,9.75],"tintindex":0,"rotation":0,"texture":"#0"},"west":{"uv":[8.15625,0.3125,8.84375,0.4375],"tintindex":0,"rotation":0,"texture":"#0"},"up":{"uv":[8.34375,5.0625,8.21875,4.375],"tintindex":0,"rotation":0,"texture":"#0"},"down":{"uv":[4.46875,8.28125,4.34375,8.96875],"tintindex":0,"rotation":0,"texture":"#0"}},"rotation":{"origin":[7.299784,10.148752,20.326283],"angle":-45.0,"axis":"x"}},{"from":[7.935814,11.266199,26.410862],"to":[8.435814,11.766199,27.410862],"faces":{"east":{"uv":[9.8125,0.0,9.96875,0.09375],"tintindex":0,"rotation":0,"texture":"#0"},"south":{"uv":[9.90625,9.8125,10.0,9.90625],"tintindex":0,"rotation":0,"texture":"#0"},"north":{"uv":[9.90625,9.71875,10.0,9.8125],"tintindex":0,"rotation":0,"texture":"#0"},"west":{"uv":[0.21875,9.8125,0.375,9.90625],"tintindex":0,"rotation":0,"texture":"#0"},"up":{"uv":[9.90625,0.96875,9.8125,0.8125],"tintindex":0,"rotation":0,"texture":"#0"},"down":{"uv":[1.46875,9.8125,1.375,9.96875],"tintindex":0,"rotation":0,"texture":"#0"}},"rotation":{"origin":[7.299784,15.874702,31.677433],"angle":22.5,"axis":"x"}},{"from":[7.935814,11.294407,5.667509],"to":[8.435814,12.294407,6.167509],"faces":{"east":{"uv":[9.78125,9.625,9.875,9.78125],"tintindex":0,"rotation":0,"texture":"#0"},"south":{"uv":[9.71875,9.78125,9.8125,9.9375],"tintindex":0,"rotation":0,"texture":"#0"},"north":{"uv":[9.625,9.78125,9.71875,9.9375],"tintindex":0,"rotation":0,"texture":"#0"},"west":{"uv":[0.125,9.8125,0.21875,9.96875],"tintindex":0,"rotation":0,"texture":"#0"},"up":{"uv":[10.0,8.3125,9.90625,8.21875],"tintindex":0,"rotation":0,"texture":"#0"},"down":{"uv":[9.125,9.90625,9.03125,10.0],"tintindex":0,"rotation":0,"texture":"#0"}},"rotation":{"origin":[7.299784,9.798752,13.551283],"angle":-22.5,"axis":"x"}},{"from":[7.688314,11.542749,10.262211],"to":[8.683313,16.53775,11.257212],"faces":{"east":{"uv":[3.96875,8.34375,4.09375,8.96875],"tintindex":0,"rotation":0,"texture":"#0"},"south":{"uv":[8.34375,4.375,8.46875,5.0],"tintindex":0,"rotation":0,"texture":"#0"},"north":{"uv":[3.84375,8.34375,3.96875,8.96875],"tintindex":0,"rotation":0,"texture":"#0"},"west":{"uv":[2.09375,8.375,2.21875,9.0],"tintindex":0,"rotation":0,"texture":"#0"},"up":{"uv":[9.78125,6.5625,9.65625,6.4375],"tintindex":0,"rotation":0,"texture":"#0"},"down":{"uv":[9.78125,6.875,9.65625,7.0],"tintindex":0,"rotation":0,"texture":"#0"}},"rotation":{"origin":[7.299784,19.498753,16.826283],"angle":22.5,"axis":"x"}},{"from":[7.685814,7.6664333,7.6887693],"to":[8.685814,14.666433,8.688769],"faces":{"east":{"uv":[5.875,7.84375,6.0,8.71875],"tintindex":0,"rotation":0,"texture":"#0"},"south":{"uv":[6.21875,7.84375,6.34375,8.71875],"tintindex":0,"rotation":0,"texture":"#0"},"north":{"uv":[5.75,7.84375,5.875,8.71875],"tintindex":0,"rotation":0,"texture":"#0"},"west":{"uv":[6.34375,7.84375,6.46875,8.71875],"tintindex":0,"rotation":0,"texture":"#0"},"up":{"uv":[5.21875,9.75,5.09375,9.625],"tintindex":0,"rotation":0,"texture":"#0"},"down":{"uv":[9.75,5.15625,9.625,5.28125],"tintindex":0,"rotation":0,"texture":"#0"}}},{"from":[7.635814,13.342384,22.939919],"to":[8.735814,14.442383,25.039919],"faces":{"east":{"uv":[9.1875,4.71875,9.4375,4.84375],"tintindex":0,"rotation":0,"texture":"#0"},"south":{"uv":[9.0,9.625,9.125,9.75],"tintindex":0,"rotation":0,"texture":"#0"},"north":{"uv":[9.625,8.8125,9.75,8.9375],"tintindex":0,"rotation":0,"texture":"#0"},"west":{"uv":[9.1875,6.25,9.4375,6.375],"tintindex":0,"rotation":0,"texture":"#0"},"up":{"uv":[8.1875,9.4375,8.0625,9.1875],"tintindex":0,"rotation":0,"texture":"#0"},"down":{"uv":[8.3125,9.1875,8.1875,9.4375],"tintindex":0,"rotation":0,"texture":"#0"}}},{"from":[7.635814,4.890249,7.184711],"to":[8.735814,5.990248,8.284711],"faces":{"east":{"uv":[9.625,5.90625,9.75,6.03125],"tintindex":0,"rotation":0,"texture":"#0"},"south":{"uv":[9.625,6.03125,9.75,6.15625],"tintindex":0,"rotation":0,"texture":"#0"},"north":{"uv":[5.59375,9.625,5.71875,9.75],"tintindex":0,"rotation":0,"texture":"#0"},"west":{"uv":[6.15625,9.625,6.28125,9.75],"tintindex":0,"rotation":0,"texture":"#0"},"up":{"uv":[6.40625,9.75,6.28125,9.625],"tintindex":0,"rotation":0,"texture":"#0"},"down":{"uv":[9.75,6.3125,9.625,6.4375],"tintindex":0,"rotation":0,"texture":"#0"}},"rotation":{"origin":[7.299784,9.798752,13.551283],"angle":22.5,"axis":"x"}},{"from":[7.738314,14.146908,12.945009],"to":[8.633314,15.041908,19.340008],"faces":{"east":{"uv":[7.9375,1.125,8.75,1.25],"tintindex":0,"rotation":0,"texture":"#0"},"south":{"uv":[7.96875,9.625,8.09375,9.75],"tintindex":0,"rotation":0,"texture":"#0"},"north":{"uv":[9.625,7.375,9.75,7.5],"tintindex":0,"rotation":0,"texture":"#0"},"west":{"uv":[7.9375,1.25,8.75,1.375],"tintindex":0,"rotation":0,"texture":"#0"},"up":{"uv":[4.21875,8.8125,4.09375,8.0],"tintindex":0,"rotation":0,"texture":"#0"},"down":{"uv":[4.34375,8.0,4.21875,8.8125],"tintindex":0,"rotation":0,"texture":"#0"}},"rotation":{"origin":[7.299784,10.148752,20.326283],"angle":-22.5,"axis":"x"}},{"from":[7.735814,27.41762,18.656713],"to":[8.635814,28.317621,19.556715],"faces":{"east":{"uv":[9.40625,9.65625,9.53125,9.78125],"tintindex":0,"rotation":0,"texture":"#0"},