{"textures":{"0":"modelengine:entity/nocsy_dragon_saddled_version"},"elements":[{"from":[5.499857,-7.6123953,17.669289],"to":[10.299857,-5.4123964,20.96929],"faces":{"east":{"uv":[7.28125,9.125,7.5,9.28125],"tintindex":0,"rotation":0,"texture":"#0"},"south":{"uv":[8.9375,5.3125,9.25,5.46875],"tintindex":0,"rotation":0,"texture":"#0"},"north":{"uv":[5.28125,8.9375,5.59375,9.09375],"tintindex":0,"rotation":0,"texture":"#0"},"west":{"uv":[9.09375,9.125,9.3125,9.28125],"tintindex":0,"rotation":0,"texture":"#0"},"up":{"uv":[8.96875,8.65625,8.65625,8.4375],"tintindex":0,"rotation":0,"texture":"#0"},"down":{"uv":[8.90625,8.65625,8.59375,8.875],"tintindex":0,"rotation":0,"texture":"#0"}},"rotation":{"origin":[0.89985704,10.500603,21.719238],"angle":22.5,"axis":"x"}},{"from":[7.540371,-0.20333576,18.929228],"to":[9.340371,1.8966637,21.029228],"faces":{"east":{"uv":[2.28125,9.75,2.40625,9.875],"tintindex":0,"rotation":0,"texture":"#0"},"south":{"uv":[3.09375,9.75,3.21875,9.875],"tintindex":0,"rotation":0,"texture":"#0"},"north":{"uv":[9.75,2.1875,9.875,2.3125],"tintindex":0,"rotation":0,"texture":"#0"},"west":{"uv":[3.21875,9.75,3.34375,9.875],"tintindex":0,"rotation":0,"texture":"#0"},"up":{"uv":[9.875,3.375,9.75,3.25],"tintindex":0,"rotation":0,"texture":"#0"},"down":{"uv":[3.46875,9.75,3.34375,9.875],"tintindex":0,"rotation":0,"texture":"#0"}},"rotation":{"origin":[11.540281,11.454199,30.29609],"angle":22.5,"axis":"x"}},{"from":[5.899857,1.5980787,5.092144],"to":[9.899857,11.598078,12.092143],"faces":{"east":{"uv":[6.5,5.5,6.9375,6.125],"tintindex":0,"rotation":0,"texture":"#0"},"south":{"uv":[3.125,7.375,3.375,8.0],"tintindex":0,"rotation":0,"texture":"#0"},"north":{"uv":[2.875,7.375,3.125,8.0],"tintindex":0,"rotation":0,"texture":"#0"},"west":{"uv":[6.65625,2.3125,7.09375,2.9375],"tintindex":0,"rotation":0,"texture":"#0"},"up":{"uv":[4.75,8.3125,4.5,7.875],"tintindex":0,"rotation":0,"texture":"#0"},"down":{"uv":[8.125,7.84375,7.875,8.28125],"tintindex":0,"rotation":0,"texture":"#0"}}},{"from":[5.904857,-1.6900015,11.941219],"to":[8.894857,3.2999983,18.93122],"faces":{"east":{"uv":[7.53125,5.25,7.96875,5.5625],"tintindex":0,"rotation":0,"texture":"#0"},"south":{"uv":[5.625,8.90625,5.8125,9.21875],"tintindex":0,"rotation":0,"texture":"#0"},"north":{"uv":[5.09375,8.90625,5.28125,9.21875],"tintindex":0,"rotation":0,"texture":"#0"},"west":{"uv":[7.53125,5.5625,7.96875,5.875],"tintindex":0,"rotation":0,"texture":"#0"},"up":{"uv":[8.40625,3.34375,8.21875,2.90625],"tintindex":0,"rotation":0,"texture":"#0"},"down":{"uv":[7.75,8.28125,7.5625,8.71875],"tintindex":0,"rotation":0,"texture":"#0"}},"rotation":{"origin":[0.89985704,10.500603,21.719238],"angle":22.5,"axis":"x"}},{"from":[7.240371,2.8819203,15.000373],"to":[9.640371,5.281921,17.400375],"faces":{"east":{"uv":[1.78125,9.75,1.90625,9.875],"tintindex":0,"rotation":0,"texture":"#0"},"south":{"uv":[9.75,1.875,9.875,2.0],"tintindex":0,"rotation":0,"texture":"#0"},"north":{"uv":[9.75,1.75,9.875,1.875],"tintindex":0,"rotation":0,"texture":"#0"},"west":{"uv":[1.90625,9.75,2.03125,9.875],"tintindex":0,"rotation":0,"texture":"#0"},"up":{"uv":[2.15625,9.875,2.03125,9.75],"tintindex":0,"rotation":0,"texture":"#0"},"down":{"uv":[2.28125,9.75,2.15625,9.875],"tintindex":0,"rotation":0,"texture":"#0"}}},{"from":[7.6403713,-1.6117516,23.727686],"to":[9.040371,-0.21175194,25.127687],"faces":{"east":{"uv":[9.96875,2.875,10.0625,2.96875],"tintindex":0,"rotation":0,"texture":"#0"},"south":{"uv":[3.0625,9.96875,3.15625,10.0625],"tintindex":0,"rotation":0,"texture":"#0"},"north":{"uv":[2.84375,9.96875,2.9375,10.0625],"tintindex":0,"rotation":0,"texture":"#0"},"west":{"uv":[9.96875,3.09375,10.0625,3.1875],"tintindex":0,"rotation":0,"texture":"#0"},"up":{"uv":[3.25,10.0625,3.15625,9.96875],"tintindex":0,"rotation":0,"texture":"#0"},"down":{"uv":[3.34375,9.96875,3.25,10.0625],"tintindex":0,"rotation":0,"texture":"#0"}},"rotation":{"origin":[11.540281,11.454199,30.29609],"angle":45.0,"axis":"x"}},{"from":[7.840371,6.7819195,17.300373],"to":[8.840371,7.7819195,18.800373],"faces":{"east":{"uv":[6.125,9.875,6.25,9.96875],"tintindex":0,"rotation":0,"texture":"#0"},"south":{"uv":[3.4375,9.96875,3.53125,10.0625],"tintindex":0,"rotation":0,"texture":"#0"},"north":{"uv":[3.34375,9.96875,3.4375,10.0625],"tintindex":0,"rotation":0,"texture":"#0"},"west":{"uv":[6.25,9.875,6.375,9.96875],"tintindex":0,"rotation":0,"texture":"#0"},"up":{"uv":[9.96875,6.375,9.875,6.25],"tintindex":0,"rotation":0,"texture":"#0"},"down":{"uv":[9.96875,6.375,9.875,6.5],"tintindex":0,"rotation":0,"texture":"#0"}},"rotation":{"origin":[8.340371,7.88192,17.800373],"angle":-22.5,"axis":"x"}},{"from":[8.040371,7.363876,18.519234],"to":[8.640371,7.963877,19.619232],"faces":{"east":{"uv":[9.875,6.65625,10.0,6.75],"tintindex":0,"rotation":0,"texture":"#0"},"south":{"uv":[3.65625,9.96875,3.75,10.0625],"tintindex":0,"rotation":0,"texture":"#0"},"north":{"uv":[9.96875,3.625,10.0625,3.71875],"tintindex":0,"rotation":0,"texture":"#0"},"west":{"uv":[9.875,6.75,10.0,6.84375],"tintindex":0,"rotation":0,"texture":"#0"},"up":{"uv":[9.96875,6.96875,9.875,6.84375],"tintindex":0,"rotation":0,"texture":"#0"},"down":{"uv":[9.96875,6.96875,9.875,7.09375],"tintindex":0,"rotation":0,"texture":"#0"}}},{"from":[5.399857,-7.312396,17.06929],"to":[10.399857,2.687604,21.06929],"faces":{"east":{"uv":[3.375,7.375,3.625,8.0],"tintindex":0,"rotation":0,"texture":"#0"},"south":{"uv":[1.8125,6.9375,2.125,7.5625],"tintindex":0,"rotation":0,"texture":"#0"},"north":{"uv":[1.5,6.9375,1.8125,7.5625],"tintindex":0,"rotation":0,"texture":"#0"},"west":{"uv":[4.09375,7.375,4.34375,8.0],"tintindex":0,"rotation":0,"texture":"#0"},"up":{"uv":[8.71875,3.0625,8.40625,2.8125],"tintindex":0,"rotation":0,"texture":"#0"},"down":{"uv":[8.71875,3.0625,8.40625,3.3125],"tintindex":0,"rotation":0,"texture":"#0"}},"rotation":{"origin":[0.89985704,10.500603,21.719238],"angle":22.5,"axis":"x"}}],"display":{"gui":{"rotation":[30,225,0]}}}