{"textures":{"0":"modelengine:entity/nocsy_dragon_saddled_version"},"elements":[{"from":[6.100143,1.5980787,5.092144],"to":[10.100143,11.598078,12.092143],"faces":{"east":{"uv":[4.71875,6.4375,5.15625,7.0625],"tintindex":0,"rotation":0,"texture":"#0"},"south":{"uv":[0.25,7.375,0.5,8.0],"tintindex":0,"rotation":0,"texture":"#0"},"north":{"uv":[0.0,7.375,0.25,8.0],"tintindex":0,"rotation":0,"texture":"#0"},"west":{"uv":[5.15625,6.4375,5.59375,7.0625],"tintindex":0,"rotation":0,"texture":"#0"},"up":{"uv":[8.09375,2.9375,7.84375,2.5],"tintindex":0,"rotation":0,"texture":"#0"},"down":{"uv":[7.875,7.84375,7.625,8.28125],"tintindex":0,"rotation":0,"texture":"#0"}}},{"from":[6.359629,2.8819203,15.000373],"to":[8.759628,5.281921,17.400375],"faces":{"east":{"uv":[7.375,9.71875,7.5,9.84375],"tintindex":0,"rotation":0,"texture":"#0"},"south":{"uv":[9.71875,8.46875,9.84375,8.59375],"tintindex":0,"rotation":0,"texture":"#0"},"north":{"uv":[9.71875,6.5625,9.84375,6.6875],"tintindex":0,"rotation":0,"texture":"#0"},"west":{"uv":[9.71875,8.59375,9.84375,8.71875],"tintindex":0,"rotation":0,"texture":"#0"},"up":{"uv":[9.84375,9.21875,9.71875,9.09375],"tintindex":0,"rotation":0,"texture":"#0"},"down":{"uv":[9.25,9.71875,9.125,9.84375],"tintindex":0,"rotation":0,"texture":"#0"}}},{"from":[5.700143,-7.6123953,17.669289],"to":[10.500143,-5.4123964,20.96929],"faces":{"east":{"uv":[8.5,5.1875,8.71875,5.34375],"tintindex":0,"rotation":0,"texture":"#0"},"south":{"uv":[8.9375,5.15625,9.25,5.3125],"tintindex":0,"rotation":0,"texture":"#0"},"north":{"uv":[8.9375,4.5625,9.25,4.71875],"tintindex":0,"rotation":0,"texture":"#0"},"west":{"uv":[9.125,6.875,9.34375,7.03125],"tintindex":0,"rotation":0,"texture":"#0"},"up":{"uv":[8.96875,8.4375,8.65625,8.21875],"tintindex":0,"rotation":0,"texture":"#0"},"down":{"uv":[8.59375,8.65625,8.28125,8.875],"tintindex":0,"rotation":0,"texture":"#0"}},"rotation":{"origin":[15.100143,10.500603,21.719238],"angle":22.5,"axis":"x"}},{"from":[6.659629,-0.20333576,18.929228],"to":[8.459629,1.8966637,21.029228],"faces":{"east":{"uv":[9.75,0.125,9.875,0.25],"tintindex":0,"rotation":0,"texture":"#0"},"south":{"uv":[0.375,9.75,0.5,9.875],"tintindex":0,"rotation":0,"texture":"#0"},"north":{"uv":[9.25,9.71875,9.375,9.84375],"tintindex":0,"rotation":0,"texture":"#0"},"west":{"uv":[9.75,0.375,9.875,0.5],"tintindex":0,"rotation":0,"texture":"#0"},"up":{"uv":[9.875,0.625,9.75,0.5],"tintindex":0,"rotation":0,"texture":"#0"},"down":{"uv":[1.0,9.75,0.875,9.875],"tintindex":0,"rotation":0,"texture":"#0"}},"rotation":{"origin":[4.459718,11.454199,30.29609],"angle":22.5,"axis":"x"}},{"from":[7.159629,6.7819195,17.300373],"to":[8.159629,7.7819195,18.800373],"faces":{"east":{"uv":[9.875,5.125,10.0,5.21875],"tintindex":0,"rotation":0,"texture":"#0"},"south":{"uv":[2.0,9.96875,2.09375,10.0625],"tintindex":0,"rotation":0,"texture":"#0"},"north":{"uv":[1.90625,9.96875,2.0,10.0625],"tintindex":0,"rotation":0,"texture":"#0"},"west":{"uv":[9.875,5.21875,10.0,5.3125],"tintindex":0,"rotation":0,"texture":"#0"},"up":{"uv":[5.34375,10.0,5.25,9.875],"tintindex":0,"rotation":0,"texture":"#0"},"down":{"uv":[9.96875,5.3125,9.875,5.4375],"tintindex":0,"rotation":0,"texture":"#0"}},"rotation":{"origin":[7.659629,7.88192,17.800373],"angle":-22.5,"axis":"x"}},{"from":[6.959629,-1.6117516,23.727686],"to":[8.359629,-0.21175194,25.127687],"faces":{"east":{"uv":[9.96875,1.21875,10.0625,1.3125],"tintindex":0,"rotation":0,"texture":"#0"},"south":{"uv":[1.375,9.96875,1.46875,10.0625],"tintindex":0,"rotation":0,"texture":"#0"},"north":{"uv":[1.15625,9.96875,1.25,10.0625],"tintindex":0,"rotation":0,"texture":"#0"},"west":{"uv":[9.96875,1.46875,10.0625,1.5625],"tintindex":0,"rotation":0,"texture":"#0"},"up":{"uv":[1.75,10.0625,1.65625,9.96875],"tintindex":0,"rotation":0,"texture":"#0"},"down":{"uv":[10.0625,1.6875,9.96875,1.78125],"tintindex":0,"rotation":0,"texture":"#0"}},"rotation":{"origin":[4.459718,11.454199,30.29609],"angle":45.0,"axis":"x"}},{"from":[7.105143,-1.6900015,11.941219],"to":[10.095142,3.2999983,18.93122],"faces":{"east":{"uv":[7.53125,2.1875,7.96875,2.5],"tintindex":0,"rotation":0,"texture":"#0"},"south":{"uv":[4.90625,8.90625,5.09375,9.21875],"tintindex":0,"rotation":0,"texture":"#0"},"north":{"uv":[4.71875,8.90625,4.90625,9.21875],"tintindex":0,"rotation":0,"texture":"#0"},"west":{"uv":[7.53125,4.9375,7.96875,5.25],"tintindex":0,"rotation":0,"texture":"#0"},"up":{"uv":[8.375,7.65625,8.1875,7.21875],"tintindex":0,"rotation":0,"texture":"#0"},"down":{"uv":[8.40625,1.84375,8.21875,2.28125],"tintindex":0,"rotation":0,"texture":"#0"}},"rotation":{"origin":[15.100143,10.500603,21.719238],"angle":22.5,"axis":"x"}},{"from":[7.3596287,7.363876,18.519234],"to":[7.959629,7.963877,19.619232],"faces":{"east":{"uv":[9.875,5.4375,10.0,5.53125],"tintindex":0,"rotation":0,"texture":"#0"},"south":{"uv":[2.1875,9.96875,2.28125,10.0625],"tintindex":0,"rotation":0,"texture":"#0"},"north":{"uv":[2.09375,9.96875,2.1875,10.0625],"tintindex":0,"rotation":0,"texture":"#0"},"west":{"uv":[5.5625,9.875,5.6875,9.96875],"tintindex":0,"rotation":0,"texture":"#0"},"up":{"uv":[9.96875,5.90625,9.875,5.78125],"tintindex":0,"rotation":0,"texture":"#0"},"down":{"uv":[9.96875,5.90625,9.875,6.03125],"tintindex":0,"rotation":0,"texture":"#0"}}},{"from":[5.600143,-7.312396,17.06929],"to":[10.600143,2.687604,21.06929],"faces":{"east":{"uv":[0.5,7.375,0.75,8.0],"tintindex":0,"rotation":0,"texture":"#0"},"south":{"uv":[1.1875,6.9375,1.5,7.5625],"tintindex":0,"rotation":0,"texture":"#0"},"north":{"uv":[0.875,6.875,1.1875,7.5],"tintindex":0,"rotation":0,"texture":"#0"},"west":{"uv":[7.375,1.21875,7.625,1.84375],"tintindex":0,"rotation":0,"texture":"#0"},"up":{"uv":[8.6875,7.78125,8.375,7.53125],"tintindex":0,"rotation":0,"texture":"#0"},"down":{"uv":[1.0625,8.40625,0.75,8.65625],"tintindex":0,"rotation":0,"texture":"#0"}},"rotation":{"origin":[15.100143,10.500603,21.719238],"angle":22.5,"axis":"x"}}],"display":{"gui":{"rotation":[30,225,0]}}}