{"textures":{"0":"modelengine:entity/nocsy_dragon_saddled_version"},"elements":[{"from":[6.0555553,9.061693,11.24939],"to":[10.055555,13.061693,17.24939],"faces":{"east":{"uv":[9.4375,8.21875,9.625,8.34375],"tintindex":0,"rotation":0,"texture":"#0"},"south":{"uv":[9.78125,2.3125,9.90625,2.4375],"tintindex":0,"rotation":0,"texture":"#0"},"north":{"uv":[9.78125,0.25,9.90625,0.375],"tintindex":0,"rotation":0,"texture":"#0"},"west":{"uv":[8.4375,9.4375,8.625,9.5625],"tintindex":0,"rotation":0,"texture":"#0"},"up":{"uv":[8.28125,9.625,8.15625,9.4375],"tintindex":0,"rotation":0,"texture":"#0"},"down":{"uv":[9.125,9.4375,9.0,9.625],"tintindex":0,"rotation":0,"texture":"#0"}},"rotation":{"origin":[8.255555,-16.919989,27.989923],"angle":-22.5,"axis":"x"}},{"from":[4.255555,10.861692,13.24939],"to":[12.255555,18.861692,19.24939],"faces":{"east":{"uv":[8.96875,8.1875,9.15625,8.4375],"tintindex":0,"rotation":0,"texture":"#0"},"south":{"uv":[6.84375,8.6875,7.09375,8.9375],"tintindex":0,"rotation":0,"texture":"#0"},"north":{"uv":[6.59375,8.6875,6.84375,8.9375],"tintindex":0,"rotation":0,"texture":"#0"},"west":{"uv":[9.0,0.0,9.1875,0.25],"tintindex":0,"rotation":0,"texture":"#0"},"up":{"uv":[9.21875,8.625,8.96875,8.4375],"tintindex":0,"rotation":0,"texture":"#0"},"down":{"uv":[2.125,9.0,1.875,9.1875],"tintindex":0,"rotation":0,"texture":"#0"}},"rotation":{"origin":[8.255555,-16.919989,27.989923],"angle":-22.5,"axis":"x"}},{"from":[3.0555553,16.861692,11.24939],"to":[7.0555553,20.861692,17.24939],"faces":{"east":{"uv":[9.4375,6.6875,9.625,6.8125],"tintindex":0,"rotation":0,"texture":"#0"},"south":{"uv":[8.90625,9.75,9.03125,9.875],"tintindex":0,"rotation":0,"texture":"#0"},"north":{"uv":[9.75,8.84375,9.875,8.96875],"tintindex":0,"rotation":0,"texture":"#0"},"west":{"uv":[7.0,9.4375,7.1875,9.5625],"tintindex":0,"rotation":0,"texture":"#0"},"up":{"uv":[6.34375,9.625,6.21875,9.4375],"tintindex":0,"rotation":0,"texture":"#0"},"down":{"uv":[7.3125,9.4375,7.1875,9.625],"tintindex":0,"rotation":0,"texture":"#0"}},"rotation":{"origin":[8.255555,-16.919989,27.989923],"angle":-22.5,"axis":"x"}},{"from":[9.255555,16.861692,11.24939],"to":[13.255556,20.861692,17.24939],"faces":{"east":{"uv":[9.4375,7.15625,9.625,7.28125],"tintindex":0,"rotation":0,"texture":"#0"},"south":{"uv":[9.75,9.21875,9.875,9.34375],"tintindex":0,"rotation":0,"texture":"#0"},"north":{"uv":[9.75,8.96875,9.875,9.09375],"tintindex":0,"rotation":0,"texture":"#0"},"west":{"uv":[7.84375,9.4375,8.03125,9.5625],"tintindex":0,"rotation":0,"texture":"#0"},"up":{"uv":[8.15625,9.625,8.03125,9.4375],"tintindex":0,"rotation":0,"texture":"#0"},"down":{"uv":[9.5625,8.03125,9.4375,8.21875],"tintindex":0,"rotation":0,"texture":"#0"}},"rotation":{"origin":[8.255555,-16.919989,27.989923],"angle":-22.5,"axis":"x"}},{"from":[4.755555,8.348726,11.906811],"to":[4.755555,16.348726,19.90681],"faces":{"east":{"uv":[8.71875,1.96875,8.96875,2.21875],"tintindex":0,"rotation":0,"texture":"#0"},"west":{"uv":[8.71875,2.21875,8.96875,2.46875],"tintindex":0,"rotation":0,"texture":"#0"}},"rotation":{"origin":[11.255555,-16.18539,15.129892],"angle":-45.0,"axis":"x"}},{"from":[7.455555,2.5962906,2.4893608],"to":[7.455555,10.596291,10.489361],"faces":{"east":{"uv":[8.71875,2.46875,8.96875,2.71875],"tintindex":0,"rotation":0,"texture":"#0"},"west":{"uv":[8.71875,2.71875,8.96875,2.96875],"tintindex":0,"rotation":0,"texture":"#0"}},"rotation":{"origin":[11.255555,-16.18539,15.129892],"angle":-22.5,"axis":"x"}},{"from":[9.855556,12.048726,19.406809],"to":[12.655555,14.848727,24.20681],"faces":{"east":{"uv":[0.96875,9.875,1.125,9.96875],"tintindex":0,"rotation":0,"texture":"#0"},"south":{"uv":[9.96875,7.125,10.0625,7.21875],"tintindex":0,"rotation":0,"texture":"#0"},"north":{"uv":[7.09375,9.96875,7.1875,10.0625],"tintindex":0,"rotation":0,"texture":"#0"},"west":{"uv":[1.125,9.875,1.28125,9.96875],"tintindex":0,"rotation":0,"texture":"#0"},"up":{"uv":[9.96875,1.375,9.875,1.21875],"tintindex":0,"rotation":0,"texture":"#0"},"down":{"uv":[1.375,9.875,1.28125,10.03125],"tintindex":0,"rotation":0,"texture":"#0"}},"rotation":{"origin":[11.255555,-16.18539,15.129892],"angle":-45.0,"axis":"x"}},{"from":[3.4555552,12.048726,19.406809],"to":[6.255555,14.848727,24.20681],"faces":{"east":{"uv":[9.875,1.375,10.03125,1.46875],"tintindex":0,"rotation":0,"texture":"#0"},"south":{"uv":[9.96875,7.21875,10.0625,7.3125],"tintindex":0,"rotation":0,"texture":"#0"},"north":{"uv":[7.1875,9.96875,7.28125,10.0625],"tintindex":0,"rotation":0,"texture":"#0"},"west":{"uv":[1.65625,9.875,1.8125,9.96875],"tintindex":0,"rotation":0,"texture":"#0"},"up":{"uv":[9.96875,1.84375,9.875,1.6875],"tintindex":0,"rotation":0,"texture":"#0"},"down":{"uv":[1.90625,9.875,1.8125,10.03125],"tintindex":0,"rotation":0,"texture":"#0"}},"rotation":{"origin":[11.255555,-16.18539,15.129892],"angle":-45.0,"axis":"x"}},{"from":[11.055555,8.348726,11.906811],"to":[11.055555,16.348726,19.90681],"faces":{"east":{"uv":[8.6875,7.5,8.9375,7.75],"tintindex":0,"rotation":0,"texture":"#0"},"west":{"uv":[8.71875,1.71875,8.96875,1.96875],"tintindex":0,"rotation":0,"texture":"#0"}},"rotation":{"origin":[11.255555,-16.18539,15.129892],"angle":-45.0,"axis":"x"}}],"display":{"gui":{"rotation":[30,225,0]}}}