{"textures":{"0":"modelengine:entity/nocsy_dragon_saddled_version"},"elements":[{"from":[7.414186,3.0732794,8.779233],"to":[8.214186,3.8732786,9.579233],"faces":{"east":{"uv":[0.53125,9.59375,0.65625,9.71875],"tintindex":0,"rotation":0,"texture":"#0"},"south":{"uv":[9.59375,0.6875,9.71875,0.8125],"tintindex":0,"rotation":0,"texture":"#0"},"north":{"uv":[0.0,9.59375,0.125,9.71875],"tintindex":0,"rotation":0,"texture":"#0"},"west":{"uv":[9.59375,1.0625,9.71875,1.1875],"tintindex":0,"rotation":0,"texture":"#0"},"up":{"uv":[9.71875,1.3125,9.59375,1.1875],"tintindex":0,"rotation":0,"texture":"#0"},"down":{"uv":[9.71875,1.6875,9.59375,1.8125],"tintindex":0,"rotation":0,"texture":"#0"}},"rotation":{"origin":[8.700216,9.798752,13.551283],"angle":45.0,"axis":"x"}},{"from":[7.564186,11.294407,5.667509],"to":[8.064186,12.294407,6.167509],"faces":{"east":{"uv":[9.78125,6.8125,9.875,6.96875],"tintindex":0,"rotation":0,"texture":"#0"},"south":{"uv":[7.5,9.78125,7.59375,9.9375],"tintindex":0,"rotation":0,"texture":"#0"},"north":{"uv":[9.78125,6.40625,9.875,6.5625],"tintindex":0,"rotation":0,"texture":"#0"},"west":{"uv":[7.59375,9.78125,7.6875,9.9375],"tintindex":0,"rotation":0,"texture":"#0"},"up":{"uv":[9.40625,9.96875,9.3125,9.875],"tintindex":0,"rotation":0,"texture":"#0"},"down":{"uv":[9.5,9.875,9.40625,9.96875],"tintindex":0,"rotation":0,"texture":"#0"}},"rotation":{"origin":[8.700216,9.798752,13.551283],"angle":-22.5,"axis":"x"}},{"from":[7.314186,7.6664333,7.6887693],"to":[8.314186,14.666433,8.688769],"faces":{"east":{"uv":[1.84375,7.8125,1.96875,8.6875],"tintindex":0,"rotation":0,"texture":"#0"},"south":{"uv":[1.96875,7.8125,2.09375,8.6875],"tintindex":0,"rotation":0,"texture":"#0"},"north":{"uv":[1.71875,7.8125,1.84375,8.6875],"tintindex":0,"rotation":0,"texture":"#0"},"west":{"uv":[4.875,7.84375,5.0,8.71875],"tintindex":0,"rotation":0,"texture":"#0"},"up":{"uv":[6.875,9.6875,6.75,9.5625],"tintindex":0,"rotation":0,"texture":"#0"},"down":{"uv":[7.0,9.5625,6.875,9.6875],"tintindex":0,"rotation":0,"texture":"#0"}}},{"from":[7.564186,27.675549,18.695192],"to":[8.064186,28.175549,20.195192],"faces":{"east":{"uv":[9.34375,9.4375,9.5625,9.53125],"tintindex":0,"rotation":0,"texture":"#0"},"south":{"uv":[0.21875,9.90625,0.3125,10.0],"tintindex":0,"rotation":0,"texture":"#0"},"north":{"uv":[9.875,9.625,9.96875,9.71875],"tintindex":0,"rotation":0,"texture":"#0"},"west":{"uv":[9.46875,0.875,9.6875,0.96875],"tintindex":0,"rotation":0,"texture":"#0"},"up":{"uv":[6.59375,7.46875,6.5,7.25],"tintindex":0,"rotation":0,"texture":"#0"},"down":{"uv":[7.4375,8.5625,7.34375,8.78125],"tintindex":0,"rotation":0,"texture":"#0"}}},{"from":[7.264186,4.890249,7.184711],"to":[8.364186,5.990248,8.284711],"faces":{"east":{"uv":[9.5625,7.96875,9.6875,8.09375],"tintindex":0,"rotation":0,"texture":"#0"},"south":{"uv":[9.5625,8.09375,9.6875,8.21875],"tintindex":0,"rotation":0,"texture":"#0"},"north":{"uv":[9.5625,7.84375,9.6875,7.96875],"tintindex":0,"rotation":0,"texture":"#0"},"west":{"uv":[8.40625,9.5625,8.53125,9.6875],"tintindex":0,"rotation":0,"texture":"#0"},"up":{"uv":[9.6875,8.5625,9.5625,8.4375],"tintindex":0,"rotation":0,"texture":"#0"},"down":{"uv":[9.6875,9.40625,9.5625,9.53125],"tintindex":0,"rotation":0,"texture":"#0"}},"rotation":{"origin":[8.700216,9.798752,13.551283],"angle":22.5,"axis":"x"}},{"from":[7.764186,7.6664333,7.6887693],"to":[7.764186,28.166431,23.68877],"faces":{"east":{"uv":[0.0,0.0,2.0,2.5625],"tintindex":0,"rotation":0,"texture":"#0"},"west":{"uv":[2.0,0.0,4.0,2.5625],"tintindex":0,"rotation":0,"texture":"#0"}}},{"from":[7.564186,11.266199,26.410862],"to":[8.064186,11.766199,27.410862],"faces":{"east":{"uv":[9.75,5.59375,9.90625,5.6875],"tintindex":0,"rotation":0,"texture":"#0"},"south":{"uv":[9.875,9.53125,9.96875,9.625],"tintindex":0,"rotation":0,"texture":"#0"},"north":{"uv":[9.875,9.4375,9.96875,9.53125],"tintindex":0,"rotation":0,"texture":"#0"},"west":{"uv":[9.75,6.0625,9.90625,6.15625],"tintindex":0,"rotation":0,"texture":"#0"},"up":{"uv":[8.28125,9.9375,8.1875,9.78125],"tintindex":0,"rotation":0,"texture":"#0"},"down":{"uv":[8.5625,9.78125,8.46875,9.9375],"tintindex":0,"rotation":0,"texture":"#0"}},"rotation":{"origin":[8.700216,15.874702,31.677433],"angle":22.5,"axis":"x"}},{"from":[7.316686,11.542749,10.262211],"to":[8.311686,16.53775,11.257212],"faces":{"east":{"uv":[4.59375,8.3125,4.71875,8.9375],"tintindex":0,"rotation":0,"texture":"#0"},"south":{"uv":[3.59375,8.34375,3.71875,8.96875],"tintindex":0,"rotation":0,"texture":"#0"},"north":{"uv":[4.46875,8.3125,4.59375,8.9375],"tintindex":0,"rotation":0,"texture":"#0"},"west":{"uv":[3.71875,8.34375,3.84375,8.96875],"tintindex":0,"rotation":0,"texture":"#0"},"up":{"uv":[6.59375,9.71875,6.46875,9.59375],"tintindex":0,"rotation":0,"texture":"#0"},"down":{"uv":[9.71875,6.5625,9.59375,6.6875],"tintindex":0,"rotation":0,"texture":"#0"}},"rotation":{"origin":[8.700216,19.498753,16.826283],"angle":22.5,"axis":"x"}},{"from":[7.364186,7.3664327,6.638769],"to":[8.264186,8.266434,8.538769],"faces":{"east":{"uv":[9.15625,4.9375,9.40625,5.0625],"tintindex":0,"rotation":0,"texture":"#0"},"south":{"uv":[7.84375,9.5625,7.96875,9.6875],"tintindex":0,"rotation":0,"texture":"#0"},"north":{"uv":[9.5625,7.71875,9.6875,7.84375],"tintindex":0,"rotation":0,"texture":"#0"},"west":{"uv":[9.15625,5.46875,9.40625,5.59375],"tintindex":0,"rotation":0,"texture":"#0"},"up":{"uv":[4.71875,9.40625,4.59375,9.15625],"tintindex":0,"rotation":0,"texture":"#0"},"down":{"uv":[6.0625,9.15625,5.9375,9.40625],"tintindex":0,"rotation":0,"texture":"#0"}}},{"from":[7.364186,13.417383,17.63992],"to":[8.264186,14.317383,24.039919],"faces":{"east":{"uv":[7.78125,3.625,8.59375,3.75],"tintindex":0,"rotation":0,"texture":"#0"},"south":{"uv":[9.59375,2.875,9.71875,3.0],"tintindex":0,"rotation":0,"texture":"#0"},"north":{"uv":[9.59375,2.75,9.71875,2.875],"tintindex":0,"rotation":0,"texture":"#0"},"west":{"uv":[7.90625,0.4375,8.71875,0.5625],"tintindex":0,"rotation":0,"texture":"#0"},"up":{"uv":[3.46875,8.8125,3.34375,8.0],"tintindex":0,"rotation":0,"texture":"#0"},"down":{"uv":[3.59375,8.0,3.46875,8.8125],"tintindex":0,"rotation":0,"texture":"#0"}}},{"from":[7.264186,13.342384,22.939919],"to":[8.364186,14.442383,25.039919],"faces":{"east":{"uv":[9.15625,6.0,9.40625,6.125],"tintindex":0,"rotation":0,"texture":"#0"},"south":{"uv":[9.59375,3.53125,9.71875,3.65625],"tintindex":0,"rotation":0,"texture":"#0"},"north":{"uv":[9.59375,3.40625,9.71875,3.53125],"tintindex":0,"rotation":0,"texture":"#0"},"west":{"uv":[9.15625,6.125,9.40625,6.25],"tintindex":0,"rotation":0,"texture":"#0"},"up":{"uv":[6.625,9.40625,6.5,9.15625],"tintindex":0,"rotation":0,"texture":"#0"},"down":{"uv":[9.28125,8.1875,9.15625,8.4375],"tintindex":0,"rotation":0,"texture":"#0"}}},{"from":[7.314186,12.47328,12.654234],"to":[8.314186,23.973278,13.654234],"faces":{"east":{"uv":[5.375,7.0625,5.5,8.5],"tintindex":0,"rotation":0,"texture":"#0"},"south":{"uv":[2.25,7.25,2.375,8.6875],"tintindex":0,"rotation":0,"texture":"#0"},"north":{"uv":[2.125,6.9375,2.25,8.375],"tintindex":0,"rotation":0,"texture":"#0"},"west":{"uv":[2.375,7.25,2.5,8.6875],"tintindex":0,"rotation":0,"texture":"#0"},"up":{"uv":[7.5625,9.71875,7.4375,9.59375],"tintindex":0,"rotation":0,"texture":"#0"},"down":{"uv":[9.71875,8.5625,9.59375,8.6875],"tintindex":0,"rotation":0,"texture":"#0"}},"rotation":{"origin":[8.700216,19.498753,19.276283],"angle":45.0,"axis":"x"}},{"from":[7.364186,27.41762,18.656713],"to":[8.264186,28.317621,19.556715],"faces":{"east":{"uv":[9.625,0.4375,9.75,0.5625],"tintindex":0,"rotation":0,"texture":"#0"},"south":{"uv":[9.625,0.5625,9.75,0.6875],"tintindex":0,"rotation":0,"texture":"#0"},"north":{"uv":[0.375,9.625,0.5,9.75],"tintindex":0,"rotation":0,"texture":"#0"},"west":{"uv":[0.90625,9.625,1.03125,9.75],"tintindex":0,"rotation":0,"texture":"#0"},"up":{"uv":[1.15625,9.75,1.03125,9.625],"tintindex":0,"rotation":0,"texture":"#0"},"down":{"uv":[1.28125,9.625,1.15625,9.75],"tintindex":0,"rotation":0,