{"textures":{"0":"modelengine:entity/nocsy_dragon_saddled_version"},"elements":[{"from":[6.74,7.7168374,5.8878727],"to":[9.139999,10.116835,8.287872],"faces":{"east":{"uv":[2.59375,9.5625,2.71875,9.6875],"tintindex":0,"rotation":0,"texture":"#0"},"south":{"uv":[2.71875,9.5625,2.84375,9.6875],"tintindex":0,"rotation":0,"texture":"#0"},"north":{"uv":[2.46875,9.5625,2.59375,9.6875],"tintindex":0,"rotation":0,"texture":"#0"},"west":{"uv":[2.84375,9.5625,2.96875,9.6875],"tintindex":0,"rotation":0,"texture":"#0"},"up":{"uv":[9.6875,3.15625,9.5625,3.03125],"tintindex":0,"rotation":0,"texture":"#0"},"down":{"uv":[9.6875,3.15625,9.5625,3.28125],"tintindex":0,"rotation":0,"texture":"#0"}}},{"from":[7.34,16.44415,11.381544],"to":[8.74,17.844149,12.781545],"faces":{"east":{"uv":[9.875,8.125,9.96875,8.21875],"tintindex":0,"rotation":0,"texture":"#0"},"south":{"uv":[9.875,8.6875,9.96875,8.78125],"tintindex":0,"rotation":0,"texture":"#0"},"north":{"uv":[8.03125,9.875,8.125,9.96875],"tintindex":0,"rotation":0,"texture":"#0"},"west":{"uv":[8.75,9.875,8.84375,9.96875],"tintindex":0,"rotation":0,"texture":"#0"},"up":{"uv":[9.96875,8.875,9.875,8.78125],"tintindex":0,"rotation":0,"texture":"#0"},"down":{"uv":[8.9375,9.875,8.84375,9.96875],"tintindex":0,"rotation":0,"texture":"#0"}},"rotation":{"origin":[4.8400893,23.012554,-0.2844057],"angle":45.0,"axis":"x"}},{"from":[7.74,8.833925,-4.615264],"to":[8.34,9.433928,-3.0152645],"faces":{"east":{"uv":[9.71875,4.09375,9.875,4.1875],"tintindex":0,"rotation":0,"texture":"#0"},"south":{"uv":[9.875,9.1875,9.96875,9.28125],"tintindex":0,"rotation":0,"texture":"#0"},"north":{"uv":[9.875,8.96875,9.96875,9.0625],"tintindex":0,"rotation":0,"texture":"#0"},"west":{"uv":[9.75,4.75,9.90625,4.84375],"tintindex":0,"rotation":0,"texture":"#0"},"up":{"uv":[3.6875,9.9375,3.59375,9.78125],"tintindex":0,"rotation":0,"texture":"#0"},"down":{"uv":[4.1875,9.78125,4.09375,9.9375],"tintindex":0,"rotation":0,"texture":"#0"}},"rotation":{"origin":[4.940089,24.612553,-4.084405],"angle":-22.5,"axis":"x"}},{"from":[7.54,10.016834,2.2878723],"to":[8.54,11.016834,4.2878723],"faces":{"east":{"uv":[7.75,4.84375,7.90625,4.9375],"tintindex":0,"rotation":0,"texture":"#0"},"south":{"uv":[8.9375,9.875,9.03125,9.96875],"tintindex":0,"rotation":0,"texture":"#0"},"north":{"uv":[9.875,8.875,9.96875,8.96875],"tintindex":0,"rotation":0,"texture":"#0"},"west":{"uv":[9.71875,2.90625,9.875,3.0],"tintindex":0,"rotation":0,"texture":"#0"},"up":{"uv":[9.125,9.90625,9.03125,9.75],"tintindex":0,"rotation":0,"texture":"#0"},"down":{"uv":[3.0625,9.78125,2.96875,9.9375],"tintindex":0,"rotation":0,"texture":"#0"}}},{"from":[7.04,11.645692,9.2731285],"to":[8.84,13.745688,11.373129],"faces":{"east":{"uv":[9.5625,4.25,9.6875,4.375],"tintindex":0,"rotation":0,"texture":"#0"},"south":{"uv":[5.46875,9.5625,5.59375,9.6875],"tintindex":0,"rotation":0,"texture":"#0"},"north":{"uv":[9.5625,3.71875,9.6875,3.84375],"tintindex":0,"rotation":0,"texture":"#0"},"west":{"uv":[6.03125,9.5625,6.15625,9.6875],"tintindex":0,"rotation":0,"texture":"#0"},"up":{"uv":[9.6875,6.3125,9.5625,6.1875],"tintindex":0,"rotation":0,"texture":"#0"},"down":{"uv":[6.75,9.5625,6.625,9.6875],"tintindex":0,"rotation":0,"texture":"#0"}},"rotation":{"origin":[4.8400893,23.012554,-0.2844057],"angle":22.5,"axis":"x"}}],"display":{"gui":{"rotation":[30,225,0]}}}