{"textures":{"0":"modelengine:entity/nocsy_dragon_saddled_version"},"elements":[{"from":[5.5150003,6.468078,7.2348194],"to":[10.505,8.458078,11.22482],"faces":{"east":{"uv":[9.21875,2.1875,9.46875,2.3125],"tintindex":0,"rotation":0,"texture":"#0"},"south":{"uv":[9.09375,9.0,9.40625,9.125],"tintindex":0,"rotation":0,"texture":"#0"},"north":{"uv":[9.09375,8.875,9.40625,9.0],"tintindex":0,"rotation":0,"texture":"#0"},"west":{"uv":[9.21875,2.3125,9.46875,2.4375],"tintindex":0,"rotation":0,"texture":"#0"},"up":{"uv":[8.75,5.59375,8.4375,5.34375],"tintindex":0,"rotation":0,"texture":"#0"},"down":{"uv":[8.75,5.59375,8.4375,5.84375],"tintindex":0,"rotation":0,"texture":"#0"}}},{"from":[6.9100003,-6.291465,14.482279],"to":[8.91,-3.2914648,16.482279],"faces":{"east":{"uv":[9.4375,3.09375,9.5625,3.28125],"tintindex":0,"rotation":0,"texture":"#0"},"south":{"uv":[9.4375,3.75,9.5625,3.9375],"tintindex":0,"rotation":0,"texture":"#0"},"north":{"uv":[2.21875,9.4375,2.34375,9.625],"tintindex":0,"rotation":0,"texture":"#0"},"west":{"uv":[3.78125,9.4375,3.90625,9.625],"tintindex":0,"rotation":0,"texture":"#0"},"up":{"uv":[9.875,3.90625,9.75,3.78125],"tintindex":0,"rotation":0,"texture":"#0"},"down":{"uv":[3.96875,9.75,3.84375,9.875],"tintindex":0,"rotation":0,"texture":"#0"}},"rotation":{"origin":[8.51,9.999134,24.886312],"angle":45.0,"axis":"x"}},{"from":[9.51,-6.291465,14.482279],"to":[11.51,-3.2914648,16.482279],"faces":{"east":{"uv":[4.25,9.4375,4.375,9.625],"tintindex":0,"rotation":0,"texture":"#0"},"south":{"uv":[4.71875,9.4375,4.84375,9.625],"tintindex":0,"rotation":0,"texture":"#0"},"north":{"uv":[3.90625,9.4375,4.03125,9.625],"tintindex":0,"rotation":0,"texture":"#0"},"west":{"uv":[4.84375,9.4375,4.96875,9.625],"tintindex":0,"rotation":0,"texture":"#0"},"up":{"uv":[4.09375,9.875,3.96875,9.75],"tintindex":0,"rotation":0,"texture":"#0"},"down":{"uv":[4.34375,9.75,4.21875,9.875],"tintindex":0,"rotation":0,"texture":"#0"}},"rotation":{"origin":[8.51,9.999134,24.886312],"angle":45.0,"axis":"x"}},{"from":[7.2100005,-3.3543587,9.325552],"to":[8.610001,-0.45435905,10.7255535],"faces":{"east":{"uv":[9.53125,4.40625,9.625,4.59375],"tintindex":0,"rotation":0,"texture":"#0"},"south":{"uv":[4.53125,9.53125,4.625,9.71875],"tintindex":0,"rotation":0,"texture":"#0"},"north":{"uv":[9.53125,2.3125,9.625,2.5],"tintindex":0,"rotation":0,"texture":"#0"},"west":{"uv":[4.625,9.53125,4.71875,9.71875],"tintindex":0,"rotation":0,"texture":"#0"},"up":{"uv":[3.84375,10.0625,3.75,9.96875],"tintindex":0,"rotation":0,"texture":"#0"},"down":{"uv":[3.9375,9.96875,3.84375,10.0625],"tintindex":0,"rotation":0,"texture":"#0"}},"rotation":{"origin":[8.51,9.999134,24.886312],"angle":22.5,"axis":"x"}},{"from":[4.9100003,-3.3543587,9.325552],"to":[6.3100004,-0.45435905,10.7255535],"faces":{"east":{"uv":[9.53125,5.3125,9.625,5.5],"tintindex":0,"rotation":0,"texture":"#0"},"south":{"uv":[5.78125,9.53125,5.875,9.71875],"tintindex":0,"rotation":0,"texture":"#0"},"north":{"uv":[9.53125,5.125,9.625,5.3125],"tintindex":0,"rotation":0,"texture":"#0"},"west":{"uv":[9.53125,6.0,9.625,6.1875],"tintindex":0,"rotation":0,"texture":"#0"},"up":{"uv":[4.03125,10.0625,3.9375,9.96875],"tintindex":0,"rotation":0,"texture":"#0"},"down":{"uv":[10.0625,4.15625,9.96875,4.25],"tintindex":0,"rotation":0,"texture":"#0"}},"rotation":{"origin":[8.51,9.999134,24.886312],"angle":22.5,"axis":"x"}},{"from":[5.61,-6.7543583,9.025553],"to":[5.61,-3.2543583,12.025553],"faces":{"east":{"uv":[2.125,9.0625,2.3125,9.28125],"tintindex":0,"rotation":0,"texture":"#0"},"west":{"uv":[2.3125,9.0625,2.5,9.28125],"tintindex":0,"rotation":0,"texture":"#0"}},"rotation":{"origin":[8.51,9.999134,24.886312],"angle":22.5,"axis":"x"}},{"from":[10.41,-6.7543583,9.025553],"to":[10.41,-3.2543583,12.025553],"faces":{"east":{"uv":[1.0625,9.0625,1.25,9.28125],"tintindex":0,"rotation":0,"texture":"#0"},"west":{"uv":[9.0625,1.0625,9.25,1.28125],"tintindex":0,"rotation":0,"texture":"#0"}},"rotation":{"origin":[8.51,9.999134,24.886312],"angle":22.5,"axis":"x"}},{"from":[5.5150003,6.468078,7.2348194],"to":[10.505,8.458078,11.22482],"faces":{"east":{"uv":[9.21875,1.5,9.46875,1.625],"tintindex":0,"rotation":0,"texture":"#0"},"south":{"uv":[9.09375,5.8125,9.40625,5.9375],"tintindex":0,"rotation":0,"texture":"#0"},"north":{"uv":[5.28125,9.09375,5.59375,9.21875],"tintindex":0,"rotation":0,"texture":"#0"},"west":{"uv":[9.21875,2.0625,9.46875,2.1875],"tintindex":0,"rotation":0,"texture":"#0"},"up":{"uv":[8.34375,8.65625,8.03125,8.40625],"tintindex":0,"rotation":0,"texture":"#0"},"down":{"uv":[8.65625,8.40625,8.34375,8.65625],"tintindex":0,"rotation":0,"texture":"#0"}}},{"from":[7.9100003,-6.7543583,9.025553],"to":[7.9100003,-3.2543583,12.025553],"faces":{"east":{"uv":[1.25,9.0625,1.4375,9.28125],"tintindex":0,"rotation":0,"texture":"#0"},"west":{"uv":[9.0625,1.28125,9.25,1.5],"tintindex":0,"rotation":0,"texture":"#0"}},"rotation":{"origin":[8.51,9.999134,24.886312],"angle":22.5,"axis":"x"}},{"from":[4.61,-6.291465,14.482279],"to":[6.61,-3.2914648,16.482279],"faces":{"east":{"uv":[1.84375,9.4375,1.96875,9.625],"tintindex":0,"rotation":0,"texture":"#0"},"south":{"uv":[1.96875,9.4375,2.09375,9.625],"tintindex":0,"rotation":0,"texture":"#0"},"north":{"uv":[1.71875,9.4375,1.84375,9.625],"tintindex":0,"rotation":0,"texture":"#0"},"west":{"uv":[2.09375,9.4375,2.21875,9.625],"tintindex":0,"rotation":0,"texture":"#0"},"up":{"uv":[3.59375,9.875,3.46875,9.75],"tintindex":0,"rotation":0,"texture":"#0"},"down":{"uv":[3.84375,9.75,3.71875,9.875],"tintindex":0,"rotation":0,"texture":"#0"}},"rotation":{"origin":[8.51,9.999134,24.886312],"angle":45.0,"axis":"x"}},{"from":[9.81,-3.3543587,9.325552],"to":[11.210001,-0.45435905,10.7255535],"faces":{"east":{"uv":[9.125,9.53125,9.21875,9.71875],"tintindex":0,"rotation":0,"texture":"#0"},"south":{"uv":[9.21875,9.53125,9.3125,9.71875],"tintindex":0,"rotation":0,"texture":"#0"},"north":{"uv":[9.53125,8.8125,9.625,9.0],"tintindex":0,"rotation":0,"texture":"#0"},"west":{"uv":[9.3125,9.53125,9.40625,9.71875],"tintindex":0,"rotation":0,"texture":"#0"},"up":{"uv":[10.0625,4.34375,9.96875,4.25],"tintindex":0,"rotation":0,"texture":"#0"},"down":{"uv":[10.0625,4.34375,9.96875,4.4375],"tintindex":0,"rotation":0,"texture":"#0"}},"rotation":{"origin":[8.51,9.999134,24.886312],"angle":22.5,"axis":"x"}}],"display":{"gui":{"rotation":[30,225,0]}}}