{"textures":{"0":"modelengine:entity/nocsy_dragon_saddled_version"},"elements":[{"from":[7.2283316,7.654429,7.498688],"to":[8.561665,16.987762,8.832022],"faces":{"east":{"uv":[1.34375,7.8125,1.46875,8.6875],"tintindex":0,"rotation":0,"texture":"#0"},"south":{"uv":[1.46875,7.8125,1.59375,8.6875],"tintindex":0,"rotation":0,"texture":"#0"},"north":{"uv":[1.21875,7.8125,1.34375,8.6875],"tintindex":0,"rotation":0,"texture":"#0"},"west":{"uv":[1.59375,7.8125,1.71875,8.6875],"tintindex":0,"rotation":0,"texture":"#0"},"up":{"uv":[0.375,9.6875,0.25,9.5625],"tintindex":0,"rotation":0,"texture":"#0"},"down":{"uv":[1.53125,9.5625,1.40625,9.6875],"tintindex":0,"rotation":0,"texture":"#0"}}},{"from":[7.8283315,2.987761,7.498688],"to":[7.8283315,17.65443,30.165356],"faces":{"east":{"uv":[4.0,0.0,6.125,1.375],"tintindex":0,"rotation":0,"texture":"#0"},"west":{"uv":[4.0,1.375,6.125,2.75],"tintindex":0,"rotation":0,"texture":"#0"}}}],"display":{"gui":{"rotation":[30,225,0]}}}