{"textures":{"0":"modelengine:entity/nocsy_dragon_saddled_version"},"elements":[{"from":[8.0,8.64563,6.8190536],"to":[8.0,15.64563,15.819054],"faces":{"east":{"uv":[6.75,0.5,7.3125,0.9375],"tintindex":0,"rotation":0,"texture":"#0"},"west":{"uv":[6.75,0.9375,7.3125,1.375],"tintindex":0,"rotation":0,"texture":"#0"}}},{"from":[5.0,1.945631,15.319054],"to":[11.0,7.945631,23.319052],"faces":{"east":{"uv":[7.15625,3.0,7.65625,3.375],"tintindex":0,"rotation":0,"texture":"#0"},"south":{"uv":[4.5,7.5,4.875,7.875],"tintindex":0,"rotation":0,"texture":"#0"},"north":{"uv":[7.40625,3.375,7.78125,3.75],"tintindex":0,"rotation":0,"texture":"#0"},"west":{"uv":[7.15625,5.875,7.65625,6.25],"tintindex":0,"rotation":0,"texture":"#0"},"up":{"uv":[4.09375,7.4375,3.71875,6.9375],"tintindex":0,"rotation":0,"texture":"#0"},"down":{"uv":[7.53125,6.25,7.15625,6.75],"tintindex":0,"rotation":0,"texture":"#0"}}},{"from":[4.5,1.6456299,7.8190536],"to":[11.5,8.64563,15.819054],"faces":{"east":{"uv":[5.59375,6.8125,6.09375,7.25],"tintindex":0,"rotation":0,"texture":"#0"},"south":{"uv":[4.9375,7.0625,5.375,7.5],"tintindex":0,"rotation":0,"texture":"#0"},"north":{"uv":[4.5,7.0625,4.9375,7.5],"tintindex":0,"rotation":0,"texture":"#0"},"west":{"uv":[6.09375,6.8125,6.59375,7.25],"tintindex":0,"rotation":0,"texture":"#0"},"up":{"uv":[0.4375,7.375,0.0,6.875],"tintindex":0,"rotation":0,"texture":"#0"},"down":{"uv":[0.875,6.875,0.4375,7.375],"tintindex":0,"rotation":0,"texture":"#0"}}},{"from":[8.0,7.6938972,14.871939],"to":[8.0,15.693897,22.871939],"faces":{"east":{"uv":[6.65625,6.625,7.15625,7.125],"tintindex":0,"rotation":0,"texture":"#0"},"west":{"uv":[6.75,0.0,7.25,0.5],"tintindex":0,"rotation":0,"texture":"#0"}}}],"display":{"gui":{"rotation":[30,225,0]}}}