{
	"credit": "Made with Blockbench",
	"texture_size": [32, 32],
	"textures": {
		"1": "modelengine:entity/bard"
	},
	"elements": [
		{
			"from": [3, -7, 7],
			"to": [12, -2, 10],
			"rotation": {"angle": 0, "axis": "y", "origin": [7.5, 4.5391, 8.05683]},
			"faces": {
				"north": {"uv": [8.275, 0.025, 9.475, 2.225], "rotation": 270, "texture": "#1"},
				"east": {"uv": [12.975, 12.475, 11.775, 11.775], "rotation": 90, "texture": "#1"},
				"south": {"uv": [7.525, 8.275, 8.725, 10.475], "rotation": 90, "texture": "#1"},
				"west": {"uv": [13.225, 1.525, 12.025, 2.225], "rotation": 90, "texture": "#1"},
				"up": {"uv": [2.525, 9.775, 3.225, 11.975], "rotation": 90, "texture": "#1"},
				"down": {"uv": [6.525, 9.275, 7.225, 11.475], "rotation": 90, "texture": "#1"}
			}
		},
		{
			"from": [4, -2, 7],
			"to": [11, 4, 9],
			"rotation": {"angle": 0, "axis": "y", "origin": [7.5, 4.5391, 8.05683]},
			"faces": {
				"north": {"uv": [8.025, 5.275, 9.475, 6.975], "rotation": 270, "texture": "#1"},
				"east": {"uv": [3.475, 4.975, 2.025, 4.525], "rotation": 90, "texture": "#1"},
				"south": {"uv": [8.275, 2.275, 9.725, 3.975], "rotation": 90, "texture": "#1"},
				"west": {"uv": [1.475, 6.525, 0.025, 6.975], "rotation": 90, "texture": "#1"},
				"up": {"uv": [4.025, 11.775, 4.475, 13.475], "rotation": 90, "texture": "#1"},
				"down": {"uv": [2.025, 11.275, 2.475, 12.975], "rotation": 90, "texture": "#1"}
			}
		},
		{
			"from": [6, 4, 7],
			"to": [9, 12, 8],
			"rotation": {"angle": 0, "axis": "y", "origin": [7.5, 4.5391, 8.05683]},
			"faces": {
				"north": {"uv": [10.275, 4.525, 12.225, 5.225], "rotation": 270, "texture": "#1"},
				"east": {"uv": [14.475, 4.475, 12.525, 4.275], "rotation": 90, "texture": "#1"},
				"south": {"uv": [10.775, 0.025, 12.725, 0.725], "rotation": 90, "texture": "#1"},
				"west": {"uv": [14.475, 11.525, 12.525, 11.725], "rotation": 90, "texture": "#1"},
				"up": {"uv": [3.275, 9.775, 3.475, 10.475], "rotation": 90, "texture": "#1"},
				"down": {"uv": [7.275, 9.275, 7.475, 9.975], "rotation": 90, "texture": "#1"}
			}
		},
		{
			"from": [6, 11.02764, 4.22528],
			"to": [9, 15.02764, 5.22528],
			"rotation": {"angle": 22.5, "axis": "x", "origin": [7.5, 4.5391, 8.05683]},
			"faces": {
				"north": {"uv": [0.025, 12.275, 0.975, 12.975], "rotation": 270, "texture": "#1"},
				"east": {"uv": [11.475, 9.475, 10.525, 9.275], "rotation": 90, "texture": "#1"},
				"south": {"uv": [12.275, 0.775, 13.225, 1.475], "rotation": 90, "texture": "#1"},
				"west": {"uv": [13.725, 0.525, 12.775, 0.725], "rotation": 90, "texture": "#1"},
				"up": {"uv": [6.275, 13.025, 6.475, 13.725], "rotation": 90, "texture": "#1"},
				"down": {"uv": [1.775, 12.275, 1.975, 12.975], "rotation": 90, "texture": "#1"}
			}
		}
	],
	"display": {
		"thirdperson_righthand": {
			"rotation": [51, -56, 0],
			"translation": [-0.5, 0, 2]
		},
		"thirdperson_lefthand": {
			"rotation": [51, -56, 0],
			"translation": [-0.5, 0, 2]
		},
		"firstperson_righthand": {
			"rotation": [-38, 102, 38],
			"translation": [4.5, 6.5, -5]
		},
		"firstperson_lefthand": {
			"rotation": [-38, 102, 38],
			"translation": [4.5, 6.5, -5]
		},
		"ground": {
			"rotation": [45, 0, 0],
			"translation": [0, 6.75, 0],
			"scale": [0.8, 0.8, 0.8]
		},
		"gui": {
			"rotation": [-27, 149, 60],
			"translation": [2, 2.75, 0],
			"scale": [0.76, 0.76, 0.76]
		},
		"fixed": {
			"translation": [1.25, 6.5, -2.25],
			"scale": [1.6, 1.6, 1.6]
		}
	}
}