{
	"credit": "Made with Blockbench",
	"texture_size": [128, 128],
	"textures": {
		"0": "modelengine:entity/jester"
	},
	"elements": [
		{
			"from": [7, -11, 7],
			"to": [9, 16, 9],
			"rotation": {"angle": 0, "axis": "y", "origin": [8, 12.66667, 8]},
			"faces": {
				"north": {"uv": [8.3625, 0.0125, 8.1375, 3.3625], "rotation": 180, "texture": "#0"},
				"east": {"uv": [8.6375, 0.2625, 11.9875, 0.4875], "rotation": 270, "texture": "#0"},
				"south": {"uv": [8.6125, 3.3625, 8.3875, 0.0125], "texture": "#0"},
				"west": {"uv": [8.6375, 0.0125, 11.9875, 0.2375], "rotation": 90, "texture": "#0"},
				"up": {"uv": [8.3875, 3.3875, 8.6125, 3.6125], "rotation": 180, "texture": "#0"},
				"down": {"uv": [8.1375, 3.3875, 8.3625, 3.6125], "texture": "#0"}
			}
		},
		{
			"from": [7, 16, 6],
			"to": [9, 19, 10],
			"rotation": {"angle": 0, "axis": "y", "origin": [8, 12.66667, 8]},
			"faces": {
				"north": {"uv": [15.1125, 0.0125, 14.8875, 0.3625], "rotation": 180, "texture": "#0"},
				"east": {"uv": [13.3875, 0.0125, 13.7375, 0.4875], "rotation": 270, "texture": "#0"},
				"south": {"uv": [13.9875, 0.3625, 13.7625, 0.0125], "texture": "#0"},
				"west": {"uv": [14.5125, 0.0125, 14.8625, 0.4875], "rotation": 90, "texture": "#0"},
				"up": {"uv": [14.2625, 0.0125, 14.4875, 0.4875], "rotation": 180, "texture": "#0"},
				"down": {"uv": [14.0125, 0.0125, 14.2375, 0.4875], "texture": "#0"}
			}
		},
		{
			"from": [8, 15, 2],
			"to": [8, 21, 14],
			"rotation": {"angle": 0, "axis": "y", "origin": [8, 12.66667, 8]},
			"faces": {
				"north": {"uv": [6.8625, 9.5125, 6.5125, 9.9875], "rotation": 180, "texture": "#0"},
				"east": {"uv": [15.2625, 2.6375, 15.9875, 4.1125], "rotation": 270, "texture": "#0"},
				"south": {"uv": [4.3625, 9.4875, 4.0125, 9.0125], "texture": "#0"},
				"west": {"uv": [15.9875, 2.6375, 15.2625, 4.1125], "rotation": 90, "texture": "#0"},
				"up": {"uv": [3.1375, 9.0125, 3.4875, 9.4875], "rotation": 180, "texture": "#0"},
				"down": {"uv": [3.7625, 9.2625, 4.1125, 9.7375], "texture": "#0"}
			}
		}
	],
	"display": {
		"firstperson_righthand": {
			"rotation": [-21, 7, -10]
		},
		"firstperson_lefthand": {
			"rotation": [-21, 7, -10]
		},
		"ground": {
			"rotation": [0, 0, 42],
			"translation": [0, 5.5, 0],
			"scale": [0.6, 0.6, 0.6]
		},
		"gui": {
			"rotation": [-64, -36, -64],
			"translation": [0.75, 0.5, 0],
			"scale": [0.57, 0.57, 0.57]
		},
		"fixed": {
			"rotation": [0, 90, 0],
			"translation": [0, 0, -0.5],
			"scale": [1.6, 1.6, 1.6]
		}
	}
}