{"textures":{"0":"modelengine:entity/ravenlord"},"elements":[{"from":[4.51024,-4.7168293,0.8306804],"to":[4.51024,9.84317,20.710682],"faces":{"east":{"uv":[5.0,4.375,2.5,6.25],"tintindex":0,"rotation":0,"texture":"#0"},"west":{"uv":[2.5,4.375,5.0,6.25],"tintindex":0,"rotation":0,"texture":"#0"}},"rotation":{"origin":[4.60922,4.3421707,0.8306804],"angle":-22.5,"axis":"z"}},{"from":[4.94768,-2.6012201,1.2641602],"to":[10.12656,9.27302,8.20368],"faces":{"east":{"uv":[10.375,0.0,11.25,1.5],"tintindex":0,"rotation":0,"texture":"#0"},"south":{"uv":[11.5,8.625,12.125,10.125],"tintindex":0,"rotation":0,"texture":"#0"},"north":{"uv":[1.625,11.5,2.25,13.0],"tintindex":0,"rotation":0,"texture":"#0"},"west":{"uv":[10.375,1.5,11.25,3.0],"tintindex":0,"rotation":0,"texture":"#0"},"up":{"uv":[2.25,13.875,1.625,13.0],"tintindex":0,"rotation":0,"texture":"#0"},"down":{"uv":[0.625,13.125,0.0,14.0],"tintindex":0,"rotation":0,"texture":"#0"}},"rotation":{"origin":[6.55152,4.9744606,5.3499203],"angle":22.5,"axis":"x"}}],"display":{"gui":{"rotation":[30,225,0]}}}