{"textures":{"0":"modelengine:entity/ravenlord"},"elements":[{"from":[6.84599,5.39252,1.9323997],"to":[10.25079,8.11636,5.3372],"faces":{"east":{"uv":[10.75,14.5,11.125,14.875],"tintindex":0,"rotation":0,"texture":"#0"},"south":{"uv":[11.625,14.5,12.0,14.875],"tintindex":0,"rotation":0,"texture":"#0"},"north":{"uv":[14.5,10.625,14.875,11.0],"tintindex":0,"rotation":0,"texture":"#0"},"west":{"uv":[13.875,14.5,14.25,14.875],"tintindex":0,"rotation":0,"texture":"#0"},"up":{"uv":[14.875,14.5,14.5,14.125],"tintindex":0,"rotation":0,"texture":"#0"},"down":{"uv":[14.625,14.5,14.25,14.875],"tintindex":0,"rotation":0,"texture":"#0"}},"rotation":{"origin":[29.27511,2.57341,-22.32472],"angle":22.5,"axis":"x"}},{"from":[5.8245497,-4.01385,7.75635],"to":[11.27223,0.16150999,13.479549],"faces":{"east":{"uv":[13.625,11.125,14.375,11.625],"tintindex":0,"rotation":0,"texture":"#0"},"south":{"uv":[13.875,10.625,14.5,11.125],"tintindex":0,"rotation":0,"texture":"#0"},"north":{"uv":[13.75,8.875,14.375,9.375],"tintindex":0,"rotation":0,"texture":"#0"},"west":{"uv":[13.625,11.625,14.375,12.125],"tintindex":0,"rotation":0,"texture":"#0"},"up":{"uv":[14.125,0.75,13.5,0.0],"tintindex":0,"rotation":0,"texture":"#0"},"down":{"uv":[1.25,13.5,0.625,14.25],"tintindex":0,"rotation":0,"texture":"#0"}},"rotation":{"origin":[15.35127,-1.8190203,10.87664],"angle":45.0,"axis":"x"}},{"from":[11.52759,-3.71622,-0.6038103],"to":[13.57047,-1.6733398,2.27907],"faces":{"east":{"uv":[14.75,1.25,15.125,1.5],"tintindex":0,"rotation":0,"texture":"#0"},"south":{"uv":[14.75,11.0,15.0,11.25],"tintindex":0,"rotation":0,"texture":"#0"},"north":{"uv":[10.375,14.75,10.625,15.0],"tintindex":0,"rotation":0,"texture":"#0"},"west":{"uv":[14.75,2.625,15.125,2.875],"tintindex":0,"rotation":0,"texture":"#0"},"up":{"uv":[15.0,3.25,14.75,2.875],"tintindex":0,"rotation":0,"texture":"#0"},"down":{"uv":[3.875,14.75,3.625,15.125],"tintindex":0,"rotation":0,"texture":"#0"}}},{"from":[4.2072697,-3.4685001,-1.72398],"to":[4.8882303,-2.1065807,-0.08205986],"faces":{"east":{"uv":[4.25,11.875,4.5,12.0],"tintindex":0,"rotation":0,"texture":"#0"},"south":{"uv":[11.375,4.375,11.5,4.5],"tintindex":0,"rotation":0,"texture":"#0"},"north":{"uv":[4.625,10.875,4.75,11.0],"tintindex":0,"rotation":0,"texture":"#0"},"west":{"uv":[12.125,10.0,12.375,10.125],"tintindex":0,"rotation":0,"texture":"#0"},"up":{"uv":[13.25,6.125,13.125,5.875],"tintindex":0,"rotation":0,"texture":"#0"},"down":{"uv":[13.375,7.25,13.25,7.5],"tintindex":0,"rotation":0,"texture":"#0"}},"rotation":{"origin":[15.35127,-2.7875404,-0.76301956],"angle":-45.0,"axis":"x"}},{"from":[6.38455,-5.7139406,4.95644],"to":[10.71223,7.42142,9.55964],"faces":{"east":{"uv":[6.5,11.25,7.125,12.875],"tintindex":0,"rotation":0,"texture":"#0"},"south":{"uv":[10.5,11.625,11.0,13.25],"tintindex":0,"rotation":0,"texture":"#0"},"north":{"uv":[11.5,10.875,12.0,12.5],"tintindex":0,"rotation":0,"texture":"#0"},"west":{"uv":[0.0,11.5,0.625,13.125],"tintindex":0,"rotation":0,"texture":"#0"},"up":{"uv":[14.375,10.625,13.875,10.0],"tintindex":0,"rotation":0,"texture":"#0"},"down":{"uv":[12.125,13.875,11.625,14.5],"tintindex":0,"rotation":0,"texture":"#0"}},"rotation":{"origin":[2.8386297,-5.2443504,7.44439],"angle":45.0,"axis":"x"}},{"from":[8.207911,-3.4685001,-1.72398],"to":[8.88887,-2.1065807,-0.08205986],"faces":{"east":{"uv":[10.25,7.875,10.5,8.0],"tintindex":0,"rotation":0,"texture":"#0"},"south":{"uv":[7.5,10.625,7.625,10.75],"tintindex":0,"rotation":0,"texture":"#0"},"north":{"uv":[9.0,2.375,9.125,2.5],"tintindex":0,"rotation":0,"texture":"#0"},"west":{"uv":[4.0,11.875,4.25,12.0],"tintindex":0,"rotation":0,"texture":"#0"},"up":{"uv":[11.5,4.375,11.375,4.125],"tintindex":0,"rotation":0,"texture":"#0"},"down":{"uv":[8.0,12.875,7.875,13.125],"tintindex":0,"rotation":0,"texture":"#0"}},"rotation":{"origin":[15.35127,-2.7875404,-0.76301956],"angle":-45.0,"axis":"x"}},{"from":[4.74263,-5.7465506,3.36087],"to":[12.35415,-3.0227108,8.12759],"faces":{"east":{"uv":[13.875,14.125,14.5,14.5],"tintindex":0,"rotation":0,"texture":"#0"},"south":{"uv":[2.75,13.75,3.75,14.125],"tintindex":0,"rotation":0,"texture":"#0"},"north":{"uv":[13.625,12.125,14.625,12.5],"tintindex":0,"rotation":0,"texture":"#0"},"west":{"uv":[0.5,14.25,1.125,14.625],"tintindex":0,"rotation":0,"texture":"#0"},"up":{"uv":[7.5,13.5,6.5,12.875],"tintindex":0,"rotation":0,"texture":"#0"},"down":{"uv":[13.875,10.5,12.875,11.125],"tintindex":0,"rotation":0,"texture":"#0"}},"rotation":{"origin":[3.3986301,-7.96819,4.72055],"angle":22.5,"axis":"x"}},{"from":[7.52695,-3.71622,-0.6038103],"to":[9.56983,-1.6733398,2.27907],"faces":{"east":{"uv":[14.625,12.0,15.0,12.25],"tintindex":0,"rotation":0,"texture":"#0"},"south":{"uv":[14.75,9.5,15.0,9.75],"tintindex":0,"rotation":0,"texture":"#0"},"north":{"uv":[14.75,9.25,15.0,9.5],"tintindex":0,"rotation":0,"texture":"#0"},"west":{"uv":[14.625,12.25,15.0,12.5],"tintindex":0,"rotation":0,"texture":"#0"},"up":{"uv":[12.5,15.0,12.25,14.625],"tintindex":0,"rotation":0,"texture":"#0"},"down":{"uv":[13.125,14.625,12.875,15.0],"tintindex":0,"rotation":0,"texture":"#0"}}},{"from":[3.9653502,-4.8600206,1.5563598],"to":[6.2501497,-2.13618,7.20116],"faces":{"east":{"uv":[14.0,2.625,14.75,3.0],"tintindex":0,"rotation":0,"texture":"#0"},"south":{"uv":[14.625,8.375,14.875,8.75],"tintindex":0,"rotation":0,"texture":"#0"},"north":{"uv":[6.125,14.625,6.375,15.0],"tintindex":0,"rotation":0,"texture":"#0"},"west":{"uv":[14.0,3.0,14.75,3.375],"tintindex":0,"rotation":0,"texture":"#0"},"up":{"uv":[7.0,14.875,6.75,14.125],"tintindex":0,"rotation":0,"texture":"#0"},"down":{"uv":[8.375,14.25,8.125,15.0],"tintindex":0,"rotation":0,"texture":"#0"}},"rotation":{"origin":[4.5477495,-3.4981003,3.25876],"angle":22.5,"axis":"x"}},{"from":[3.52631,-3.71622,-0.6038103],"to":[5.56919,-1.6733398,2.27907],"faces":{"east":{"uv":[13.125,14.625,13.5,14.875],"tintindex":0,"rotation":0,"texture":"#0"},"south":{"uv":[14.75,10.0,15.0,10.25],"tintindex":0,"rotation":0,"texture":"#0"},"north":{"uv":[14.75,9.75,15.0,10.0],"tintindex":0,"rotation":0,"texture":"#0"},"west":{"uv":[13.5,14.625,13.875,14.875],"tintindex":0,"rotation":0,"texture":"#0"},"up":{"uv":[14.875,14.0,14.625,13.625],"tintindex":0,"rotation":0,"texture":"#0"},"down":{"uv":[14.875,14.5,14.625,14.875],"tintindex":0,"rotation":0,"texture":"#0"}}},{"from":[12.2085495,-3.4685001,-1.72398],"to":[12.88951,-2.1065807,-0.08205986],"faces":{"east":{"uv":[12.375,10.0,12.625,10.125],"tintindex":0,"rotation":0,"texture":"#0"},"south":{"uv":[4.5,11.875,4.625,12.0],"tintindex":0,"rotation":0,"texture":"#0"},"north":{"uv":[11.375,7.75,11.5,7.875],"tintindex":0,"rotation":0,"texture":"#0"},"west":{"uv":[11.75,12.5,12.0,12.625],"tintindex":0,"rotation":0,"texture":"#0"},"up":{"uv":[13.375,7.75,13.25,7.5],"tintindex":0,"rotation":0,"texture":"#0"},"down":{"uv":[8.5,13.25,8.375,13.5],"tintindex":0,"rotation":0,"texture":"#0"}},"rotation":{"origin":[15.35127,-2.7875404,-0.76301956],"angle":-45.0,"axis":"x"}},{"from":[6.6107903,3.7410698,11.79786],"to":[12.68343,8.07771,22.890339],"faces":{"east":{"uv":[7.625,2.0,9.0,2.5],"tintindex":0,"rotation":0,"texture":"#0"},"south":{"uv":[4.875,13.625,5.625,14.125],"tintindex":0,"rotation":0,"texture":"#0"},"north":{"uv":[13.5,13.25,14.25,13.75],"tintindex":0,"rotation":0,"texture":"#0"},"west":{"uv":[12.125,9.5,13.5,10.0],"tintindex":0,"rotation":0,"texture":"#0"},"up":{"uv":[10.5,12.125,9.75,10.75],"tintindex":0,"rotation":0,"texture":"#0"},"down":{"uv":[6.5,11.25,5.75,12.625],"tintindex":0,"rotation":0,"texture":"#0"}},"rotation":{"origin":[5.5624695,15.50967,15.38007],"angle":45.0,"axis":"x"}},{"from":[10.84663,-4.8600206,1.5563598],"to":[13.13143,-2.13618,7.20116],"faces":{"east":{"uv":[14.125,0.0,14.875,0.375],"tintindex":0,"rotation":0,"texture":"#0"},"south":{"uv":[12.0,14.625,12.25,15.0],"tintindex":0,"rotation":0,"texture":"#0"},"north":{"uv":[9.75,14.625,10.0,15.0],"tintindex":0,"rotation":0,"texture":"#0"},