{"textures":{"0":"modelengine:entity/ravenlord"},"elements":[{"from":[11.11177,-3.4685001,-1.72398],"to":[11.79273,-2.1065807,-0.08205986],"faces":{"east":{"uv":[12.375,10.0,12.125,10.125],"tintindex":0,"rotation":0,"texture":"#0"},"south":{"uv":[11.5,4.375,11.375,4.5],"tintindex":0,"rotation":0,"texture":"#0"},"north":{"uv":[4.75,10.875,4.625,11.0],"tintindex":0,"rotation":0,"texture":"#0"},"west":{"uv":[4.5,11.875,4.25,12.0],"tintindex":0,"rotation":0,"texture":"#0"},"up":{"uv":[13.125,6.125,13.25,5.875],"tintindex":0,"rotation":0,"texture":"#0"},"down":{"uv":[13.25,7.25,13.375,7.5],"tintindex":0,"rotation":0,"texture":"#0"}},"rotation":{"origin":[0.6487303,-2.7875404,-0.76301956],"angle":-45.0,"axis":"x"}},{"from":[3.6458502,-5.7465506,3.36087],"to":[11.25737,-3.0227108,8.12759],"faces":{"east":{"uv":[1.125,14.25,0.5,14.625],"tintindex":0,"rotation":0,"texture":"#0"},"south":{"uv":[3.75,13.75,2.75,14.125],"tintindex":0,"rotation":0,"texture":"#0"},"north":{"uv":[14.625,12.125,13.625,12.5],"tintindex":0,"rotation":0,"texture":"#0"},"west":{"uv":[14.5,14.125,13.875,14.5],"tintindex":0,"rotation":0,"texture":"#0"},"up":{"uv":[6.5,13.5,7.5,12.875],"tintindex":0,"rotation":0,"texture":"#0"},"down":{"uv":[12.875,10.5,13.875,11.125],"tintindex":0,"rotation":0,"texture":"#0"}},"rotation":{"origin":[12.60137,-7.96819,4.72055],"angle":22.5,"axis":"x"}},{"from":[6.43017,-3.71622,-0.6038103],"to":[8.47305,-1.6733398,2.27907],"faces":{"east":{"uv":[15.0,12.25,14.625,12.5],"tintindex":0,"rotation":0,"texture":"#0"},"south":{"uv":[15.0,9.5,14.75,9.75],"tintindex":0,"rotation":0,"texture":"#0"},"north":{"uv":[15.0,9.25,14.75,9.5],"tintindex":0,"rotation":0,"texture":"#0"},"west":{"uv":[15.0,12.0,14.625,12.25],"tintindex":0,"rotation":0,"texture":"#0"},"up":{"uv":[12.25,15.0,12.5,14.625],"tintindex":0,"rotation":0,"texture":"#0"},"down":{"uv":[12.875,14.625,13.125,15.0],"tintindex":0,"rotation":0,"texture":"#0"}}},{"from":[3.3165703,3.7410698,11.79786],"to":[9.38921,8.07771,22.890339],"faces":{"east":{"uv":[13.5,9.5,12.125,10.0],"tintindex":0,"rotation":0,"texture":"#0"},"south":{"uv":[5.625,13.625,4.875,14.125],"tintindex":0,"rotation":0,"texture":"#0"},"north":{"uv":[14.25,13.25,13.5,13.75],"tintindex":0,"rotation":0,"texture":"#0"},"west":{"uv":[9.0,2.0,7.625,2.5],"tintindex":0,"rotation":0,"texture":"#0"},"up":{"uv":[9.75,12.125,10.5,10.75],"tintindex":0,"rotation":0,"texture":"#0"},"down":{"uv":[5.75,11.25,6.5,12.625],"tintindex":0,"rotation":0,"texture":"#0"}},"rotation":{"origin":[10.4375305,15.50967,15.38007],"angle":45.0,"axis":"x"}},{"from":[2.4295301,-3.71622,-0.6038103],"to":[4.47241,-1.6733398,2.27907],"faces":{"east":{"uv":[15.125,2.625,14.75,2.875],"tintindex":0,"rotation":0,"texture":"#0"},"south":{"uv":[15.0,11.0,14.75,11.25],"tintindex":0,"rotation":0,"texture":"#0"},"north":{"uv":[10.625,14.75,10.375,15.0],"tintindex":0,"rotation":0,"texture":"#0"},"west":{"uv":[15.125,1.25,14.75,1.5],"tintindex":0,"rotation":0,"texture":"#0"},"up":{"uv":[14.75,3.25,15.0,2.875],"tintindex":0,"rotation":0,"texture":"#0"},"down":{"uv":[3.625,14.75,3.875,15.125],"tintindex":0,"rotation":0,"texture":"#0"}}},{"from":[10.43081,-3.71622,-0.6038103],"to":[12.47369,-1.6733398,2.27907],"faces":{"east":{"uv":[13.875,14.625,13.5,14.875],"tintindex":0,"rotation":0,"texture":"#0"},"south":{"uv":[15.0,10.0,14.75,10.25],"tintindex":0,"rotation":0,"texture":"#0"},"north":{"uv":[15.0,9.75,14.75,10.0],"tintindex":0,"rotation":0,"texture":"#0"},"west":{"uv":[13.5,14.625,13.125,14.875],"tintindex":0,"rotation":0,"texture":"#0"},"up":{"uv":[14.625,14.0,14.875,13.625],"tintindex":0,"rotation":0,"texture":"#0"},"down":{"uv":[14.625,14.5,14.875,14.875],"tintindex":0,"rotation":0,"texture":"#0"}}},{"from":[4.7277703,-4.01385,7.75635],"to":[10.17545,0.16150999,13.479549],"faces":{"east":{"uv":[14.375,11.625,13.625,12.125],"tintindex":0,"rotation":0,"texture":"#0"},"south":{"uv":[14.5,10.625,13.875,11.125],"tintindex":0,"rotation":0,"texture":"#0"},"north":{"uv":[14.375,8.875,13.75,9.375],"tintindex":0,"rotation":0,"texture":"#0"},"west":{"uv":[14.375,11.125,13.625,11.625],"tintindex":0,"rotation":0,"texture":"#0"},"up":{"uv":[13.5,0.75,14.125,0.0],"tintindex":0,"rotation":0,"texture":"#0"},"down":{"uv":[0.625,13.5,1.25,14.25],"tintindex":0,"rotation":0,"texture":"#0"}},"rotation":{"origin":[0.6487303,-1.8190203,10.87664],"angle":45.0,"axis":"x"}},{"from":[5.2877703,-5.7139406,4.95644],"to":[9.61545,7.42142,9.55964],"faces":{"east":{"uv":[0.625,11.5,0.0,13.125],"tintindex":0,"rotation":0,"texture":"#0"},"south":{"uv":[11.0,11.625,10.5,13.25],"tintindex":0,"rotation":0,"texture":"#0"},"north":{"uv":[12.0,10.875,11.5,12.5],"tintindex":0,"rotation":0,"texture":"#0"},"west":{"uv":[7.125,11.25,6.5,12.875],"tintindex":0,"rotation":0,"texture":"#0"},"up":{"uv":[13.875,10.625,14.375,10.0],"tintindex":0,"rotation":0,"texture":"#0"},"down":{"uv":[11.625,13.875,12.125,14.5],"tintindex":0,"rotation":0,"texture":"#0"}},"rotation":{"origin":[13.16137,-5.2443504,7.44439],"angle":45.0,"axis":"x"}},{"from":[3.1104898,-3.4685001,-1.72398],"to":[3.79145,-2.1065807,-0.08205986],"faces":{"east":{"uv":[12.0,12.5,11.75,12.625],"tintindex":0,"rotation":0,"texture":"#0"},"south":{"uv":[4.625,11.875,4.5,12.0],"tintindex":0,"rotation":0,"texture":"#0"},"north":{"uv":[11.5,7.75,11.375,7.875],"tintindex":0,"rotation":0,"texture":"#0"},"west":{"uv":[12.625,10.0,12.375,10.125],"tintindex":0,"rotation":0,"texture":"#0"},"up":{"uv":[13.25,7.75,13.375,7.5],"tintindex":0,"rotation":0,"texture":"#0"},"down":{"uv":[8.375,13.25,8.5,13.5],"tintindex":0,"rotation":0,"texture":"#0"}},"rotation":{"origin":[0.6487303,-2.7875404,-0.76301956],"angle":-45.0,"axis":"x"}},{"from":[7.11113,-3.4685001,-1.72398],"to":[7.79209,-2.1065807,-0.08205986],"faces":{"east":{"uv":[4.25,11.875,4.0,12.0],"tintindex":0,"rotation":0,"texture":"#0"},"south":{"uv":[7.625,10.625,7.5,10.75],"tintindex":0,"rotation":0,"texture":"#0"},"north":{"uv":[9.125,2.375,9.0,2.5],"tintindex":0,"rotation":0,"texture":"#0"},"west":{"uv":[10.5,7.875,10.25,8.0],"tintindex":0,"rotation":0,"texture":"#0"},"up":{"uv":[11.375,4.375,11.5,4.125],"tintindex":0,"rotation":0,"texture":"#0"},"down":{"uv":[7.875,12.875,8.0,13.125],"tintindex":0,"rotation":0,"texture":"#0"}},"rotation":{"origin":[0.6487303,-2.7875404,-0.76301956],"angle":-45.0,"axis":"x"}},{"from":[5.74921,5.39252,1.9323997],"to":[9.15401,8.11636,5.3372],"faces":{"east":{"uv":[14.25,14.5,13.875,14.875],"tintindex":0,"rotation":0,"texture":"#0"},"south":{"uv":[12.0,14.5,11.625,14.875],"tintindex":0,"rotation":0,"texture":"#0"},"north":{"uv":[14.875,10.625,14.5,11.0],"tintindex":0,"rotation":0,"texture":"#0"},"west":{"uv":[11.125,14.5,10.75,14.875],"tintindex":0,"rotation":0,"texture":"#0"},"up":{"uv":[14.5,14.5,14.875,14.125],"tintindex":0,"rotation":0,"texture":"#0"},"down":{"uv":[14.25,14.5,14.625,14.875],"tintindex":0,"rotation":0,"texture":"#0"}},"rotation":{"origin":[-13.27511,2.57341,-22.32472],"angle":22.5,"axis":"x"}},{"from":[9.74985,-4.8600206,1.5563598],"to":[12.03465,-2.13618,7.20116],"faces":{"east":{"uv":[14.75,3.0,14.0,3.375],"tintindex":0,"rotation":0,"texture":"#0"},"south":{"uv":[14.875,8.375,14.625,8.75],"tintindex":0,"rotation":0,"texture":"#0"},"north":{"uv":[6.375,14.625,6.125,15.0],"tintindex":0,"rotation":0,"texture":"#0"},"west":{"uv":[14.75,2.625,14.0,3.0],"tintindex":0,"rotation":0,"texture":"#0"},"up":{"uv":[6.75,14.875,7.0,14.125],"tintindex":0,"rotation":0,"texture":"#0"},"down":{"uv":[8.125,14.25,8.375,15.0],"tintindex":0,"rotation":0,"texture":"#0"}},"rotation":{"origin":[11.4522505,-3.4981003,3.25876],"angle":22.5,"axis":"x"}},{"from":[2.8685703,-4.8600206,1.5563598],"to":[5.15337,-2.13618,7.20116],"faces":{"east":{"uv":[14.875,0.375,14.125,0.75],"tintindex":0,"rotation":0,"texture":"#0"},"south":{"uv":[12.25,14.625,12.0,15.0],"tintindex":0,"rotation":0,"texture":"#0"},"north":{"uv":[10.0,14.625,9.75,15.0],"tintindex":0,"rotation":0,"texture":"#0"},