{"textures":{"0":"modelengine:entity/ravenlord"},"elements":[{"from":[5.87344,-2.6012201,1.2641602],"to":[11.0523205,9.27302,8.20368],"faces":{"east":{"uv":[11.25,1.5,10.375,3.0],"tintindex":0,"rotation":0,"texture":"#0"},"south":{"uv":[12.125,8.625,11.5,10.125],"tintindex":0,"rotation":0,"texture":"#0"},"north":{"uv":[2.25,11.5,1.625,13.0],"tintindex":0,"rotation":0,"texture":"#0"},"west":{"uv":[11.25,0.0,10.375,1.5],"tintindex":0,"rotation":0,"texture":"#0"},"up":{"uv":[1.625,13.875,2.25,13.0],"tintindex":0,"rotation":0,"texture":"#0"},"down":{"uv":[0.0,13.125,0.625,14.0],"tintindex":0,"rotation":0,"texture":"#0"}},"rotation":{"origin":[9.448481,4.9744606,5.3499203],"angle":22.5,"axis":"x"}},{"from":[11.489759,-4.7168293,0.8306804],"to":[11.489759,9.84317,20.710682],"faces":{"east":{"uv":[5.0,4.375,2.5,6.25],"tintindex":0,"rotation":0,"texture":"#0"},"west":{"uv":[2.5,4.375,5.0,6.25],"tintindex":0,"rotation":0,"texture":"#0"}},"rotation":{"origin":[11.3907795,4.3421707,0.8306804],"angle":22.5,"axis":"z"}}],"display":{"gui":{"rotation":[30,225,0]}}}