{"textures":{"0":"modelengine:entity/ravenlord"},"elements":[{"from":[5.9004,5.07648,5.37784],"to":[5.9004,9.84768,20.13736],"faces":{"east":{"uv":[7.625,1.25,4.5,2.5],"tintindex":0,"rotation":0,"texture":"#0"},"west":{"uv":[4.5,1.25,7.625,2.5],"tintindex":0,"rotation":0,"texture":"#0"}},"rotation":{"origin":[6.4604,7.3920803,9.8076],"angle":-45.0,"axis":"z"}},{"from":[9.713881,5.07648,5.37784],"to":[9.713881,9.84768,20.13736],"faces":{"east":{"uv":[7.625,1.25,4.5,2.5],"tintindex":0,"rotation":0,"texture":"#0"},"west":{"uv":[4.5,1.25,7.625,2.5],"tintindex":0,"rotation":0,"texture":"#0"}},"rotation":{"origin":[9.15388,7.3920803,9.8076],"angle":45.0,"axis":"z"}}],"display":{"gui":{"rotation":[30,225,0]}}}