{"textures":{"0":"modelengine:entity/ravenlord"},"elements":[{"from":[9.69848,-3.62848,2.3617601],"to":[9.69848,4.7939205,24.6408],"faces":{"east":{"uv":[10.375,1.0,7.625,2.0],"tintindex":0,"rotation":0,"texture":"#0"},"west":{"uv":[7.625,1.0,10.375,2.0],"tintindex":0,"rotation":0,"texture":"#0"}},"rotation":{"origin":[8.57848,1.0027199,6.22128],"angle":22.5,"axis":"z"}},{"from":[6.55152,-3.62848,2.3617601],"to":[6.55152,4.7939205,24.6408],"faces":{"east":{"uv":[10.375,1.0,7.625,2.0],"tintindex":0,"rotation":0,"texture":"#0"},"west":{"uv":[7.625,1.0,10.375,2.0],"tintindex":0,"rotation":0,"texture":"#0"}},"rotation":{"origin":[7.67152,1.0027199,6.22128],"angle":-22.5,"axis":"z"}},{"from":[2.6808,1.2574501,5.3338003],"to":[11.6408,10.217451,12.0538],"faces":{"east":{"uv":[11.5,3.0,12.375,4.125],"tintindex":0,"rotation":0,"texture":"#0"},"south":{"uv":[10.375,3.0,11.5,4.125],"tintindex":0,"rotation":0,"texture":"#0"},"north":{"uv":[10.25,6.75,11.375,7.875],"tintindex":0,"rotation":0,"texture":"#0"},"west":{"uv":[11.5,4.125,12.375,5.25],"tintindex":0,"rotation":0,"texture":"#0"},"up":{"uv":[12.625,6.125,11.5,5.25],"tintindex":0,"rotation":0,"texture":"#0"},"down":{"uv":[12.625,7.75,11.5,8.625],"tintindex":0,"rotation":0,"texture":"#0"}},"rotation":{"origin":[8.24048,6.612171,9.97284],"angle":45.0,"axis":"z"}}],"display":{"gui":{"rotation":[30,225,0]}}}