{"textures":{"0":"modelengine:entity/nocsy_skeleton_necromancer_skin"},"elements":[{"from":[5.697816,5.1898937,0.48396945],"to":[11.302184,6.926794,2.0883372],"faces":{"east":{"uv":[9.4375,4.9375,9.5625,5.0625],"tintindex":0,"rotation":0,"texture":"#0"},"south":{"uv":[1.0,8.625,1.375,8.75],"tintindex":0,"rotation":0,"texture":"#0"},"north":{"uv":[8.625,0.8125,9.0,0.9375],"tintindex":0,"rotation":0,"texture":"#0"},"west":{"uv":[5.0625,9.4375,5.1875,9.5625],"tintindex":0,"rotation":0,"texture":"#0"},"up":{"uv":[9.0,2.25,8.625,2.125],"tintindex":0,"rotation":0,"texture":"#0"},"down":{"uv":[9.0,2.25,8.625,2.375],"tintindex":0,"rotation":0,"texture":"#0"}},"rotation":{"origin":[8.0,6.558346,4.2861533],"angle":-45.0,"axis":"y"}},{"from":[5.5,3.4798927,0.97396946],"to":[10.5,4.4798927,7.9739695],"faces":{"east":{"uv":[6.9375,5.75,7.375,5.8125],"tintindex":0,"rotation":0,"texture":"#0"},"south":{"uv":[9.3125,5.625,9.625,5.6875],"tintindex":0,"rotation":0,"texture":"#0"},"north":{"uv":[7.125,3.8125,7.4375,3.875],"tintindex":0,"rotation":0,"texture":"#0"},"west":{"uv":[7.25,1.1875,7.6875,1.25],"tintindex":0,"rotation":0,"texture":"#0"},"up":{"uv":[7.5,7.4375,7.1875,7.0],"tintindex":0,"rotation":0,"texture":"#0"},"down":{"uv":[3.125,7.25,2.8125,7.6875],"tintindex":0,"rotation":0,"texture":"#0"}}},{"from":[4.697816,5.1898937,0.48396945],"to":[10.302184,6.926794,2.0883372],"faces":{"east":{"uv":[9.4375,4.5625,9.5625,4.6875],"tintindex":0,"rotation":0,"texture":"#0"},"south":{"uv":[8.625,0.4375,9.0,0.5625],"tintindex":0,"rotation":0,"texture":"#0"},"north":{"uv":[8.375,8.5625,8.75,8.6875],"tintindex":0,"rotation":0,"texture":"#0"},"west":{"uv":[4.6875,9.4375,4.8125,9.5625],"tintindex":0,"rotation":0,"texture":"#0"},"up":{"uv":[9.0,0.6875,8.625,0.5625],"tintindex":0,"rotation":0,"texture":"#0"},"down":{"uv":[9.0,0.6875,8.625,0.8125],"tintindex":0,"rotation":0,"texture":"#0"}},"rotation":{"origin":[8.0,6.558346,4.2861533],"angle":45.0,"axis":"y"}},{"from":[4.697816,4.1898937,-0.116030924],"to":[11.302184,5.926794,8.4883375],"faces":{"east":{"uv":[8.125,3.9375,8.6875,4.0625],"tintindex":0,"rotation":0,"texture":"#0"},"south":{"uv":[7.1875,8.5,7.625,8.625],"tintindex":0,"rotation":0,"texture":"#0"},"north":{"uv":[8.5,2.875,8.9375,3.0],"tintindex":0,"rotation":0,"texture":"#0"},"west":{"uv":[8.125,4.0625,8.6875,4.1875],"tintindex":0,"rotation":0,"texture":"#0"},"up":{"uv":[6.4375,6.8125,6.0,6.25],"tintindex":0,"rotation":0,"texture":"#0"},"down":{"uv":[0.4375,6.3125,0.0,6.875],"tintindex":0,"rotation":0,"texture":"#0"}}},{"from":[4.6878157,5.1798935,-0.12603092],"to":[11.312184,6.9367943,1.4983377],"faces":{"east":{"uv":[9.4375,4.6875,9.5625,4.8125],"tintindex":0,"rotation":0,"texture":"#0"},"south":{"uv":[8.5,8.4375,8.9375,8.5625],"tintindex":0,"rotation":0,"texture":"#0"},"north":{"uv":[8.5,8.3125,8.9375,8.4375],"tintindex":0,"rotation":0,"texture":"#0"},"west":{"uv":[9.4375,4.8125,9.5625,4.9375],"tintindex":0,"rotation":0,"texture":"#0"},"up":{"uv":[9.0,0.3125,8.5625,0.1875],"tintindex":0,"rotation":0,"texture":"#0"},"down":{"uv":[9.0,0.3125,8.5625,0.4375],"tintindex":0,"rotation":0,"texture":"#0"}}},{"from":[4.7078156,4.1998935,0.49396947],"to":[8.292184,5.9167943,9.078337],"faces":{"east":{"uv":[8.125,5.6875,8.6875,5.8125],"tintindex":0,"rotation":0,"texture":"#0"},"south":{"uv":[9.0,6.1875,9.25,6.3125],"tintindex":0,"rotation":0,"texture":"#0"},"north":{"uv":[9.0,4.9375,9.25,5.0625],"tintindex":0,"rotation":0,"texture":"#0"},"west":{"uv":[8.1875,1.375,8.75,1.5],"tintindex":0,"rotation":0,"texture":"#0"},"up":{"uv":[0.4375,7.4375,0.1875,6.875],"tintindex":0,"rotation":0,"texture":"#0"},"down":{"uv":[7.1875,6.875,6.9375,7.4375],"tintindex":0,"rotation":0,"texture":"#0"}},"rotation":{"origin":[8.0,5.558346,4.2861533],"angle":45.0,"axis":"y"}},{"from":[7.707816,4.1998935,0.49396947],"to":[11.292184,5.9167943,9.078337],"faces":{"east":{"uv":[8.1875,1.5,8.75,1.625],"tintindex":0,"rotation":0,"texture":"#0"},"south":{"uv":[9.0625,0.0,9.3125,0.125],"tintindex":0,"rotation":0,"texture":"#0"},"north":{"uv":[9.0,6.5625,9.25,6.6875],"tintindex":0,"rotation":0,"texture":"#0"},"west":{"uv":[8.1875,1.625,8.75,1.75],"tintindex":0,"rotation":0,"texture":"#0"},"up":{"uv":[0.6875,7.625,0.4375,7.0625],"tintindex":0,"rotation":0,"texture":"#0"},"down":{"uv":[1.25,7.0625,1.0,7.625],"tintindex":0,"rotation":0,"texture":"#0"}},"rotation":{"origin":[8.0,5.558346,4.2861533],"angle":-45.0,"axis":"y"}}],"display":{"gui":{"rotation":[30,225,0]}}}