{"textures":{"0":"modelengine:entity/nocsy_skeleton_necromancer_skin"},"elements":[{"from":[6.2069597,-3.442772,7.2262974],"to":[9.115896,5.987789,9.583938],"faces":{"east":{"uv":[6.6875,8.125,6.8125,8.6875],"tintindex":0,"rotation":0,"texture":"#0"},"south":{"uv":[6.5,7.5,6.6875,8.0625],"tintindex":0,"rotation":0,"texture":"#0"},"north":{"uv":[6.3125,7.5,6.5,8.0625],"tintindex":0,"rotation":0,"texture":"#0"},"west":{"uv":[7.75,8.125,7.875,8.6875],"tintindex":0,"rotation":0,"texture":"#0"},"up":{"uv":[9.4375,8.0,9.25,7.875],"tintindex":0,"rotation":0,"texture":"#0"},"down":{"uv":[9.4375,8.0625,9.25,8.1875],"tintindex":0,"rotation":0,"texture":"#0"}}},{"from":[6.2069597,3.637226,6.0462976],"to":[10.295896,8.347786,10.763938],"faces":{"east":{"uv":[3.9375,7.5625,4.25,7.875],"tintindex":0,"rotation":0,"texture":"#0"},"south":{"uv":[8.0625,0.9375,8.3125,1.25],"tintindex":0,"rotation":0,"texture":"#0"},"north":{"uv":[0.125,8.0625,0.375,8.375],"tintindex":0,"rotation":0,"texture":"#0"},"west":{"uv":[7.5625,6.5625,7.875,6.875],"tintindex":0,"rotation":0,"texture":"#0"},"up":{"uv":[1.25,8.375,1.0,8.0625],"tintindex":0,"rotation":0,"texture":"#0"},"down":{"uv":[1.5,8.0625,1.25,8.375],"tintindex":0,"rotation":0,"texture":"#0"}},"rotation":{"origin":[8.251428,5.992508,8.405117],"angle":-22.5,"axis":"z"}}],"display":{"gui":{"rotation":[30,225,0]}}}