{"textures":{"0":"modelengine:entity/nocsy_skeleton_necromancer_skin"},"elements":[{"from":[8.724576,-2.071331,7.365536],"to":[11.275424,1.771328,8.734464],"faces":{"east":{"uv":[1.1875,9.5,1.25,9.75],"tintindex":0,"rotation":0,"texture":"#0"},"south":{"uv":[3.125,8.6875,3.3125,8.9375],"tintindex":0,"rotation":0,"texture":"#0"},"north":{"uv":[2.5625,8.6875,2.75,8.9375],"tintindex":0,"rotation":0,"texture":"#0"},"west":{"uv":[3.25,9.5,3.3125,9.75],"tintindex":0,"rotation":0,"texture":"#0"},"up":{"uv":[9.75,4.5,9.5625,4.4375],"tintindex":0,"rotation":0,"texture":"#0"},"down":{"uv":[9.75,4.5,9.5625,4.5625],"tintindex":0,"rotation":0,"texture":"#0"}}},{"from":[8.924576,1.728672,7.2655363],"to":[11.075424,6.071327,8.834464],"faces":{"east":{"uv":[9.1875,4.6875,9.3125,4.9375],"tintindex":0,"rotation":0,"texture":"#0"},"south":{"uv":[9.1875,5.0625,9.3125,5.3125],"tintindex":0,"rotation":0,"texture":"#0"},"north":{"uv":[9.1875,4.4375,9.3125,4.6875],"tintindex":0,"rotation":0,"texture":"#0"},"west":{"uv":[9.1875,5.3125,9.3125,5.5625],"tintindex":0,"rotation":0,"texture":"#0"},"up":{"uv":[3.625,9.625,3.5,9.5],"tintindex":0,"rotation":0,"texture":"#0"},"down":{"uv":[4.0,9.5,3.875,9.625],"tintindex":0,"rotation":0,"texture":"#0"}}},{"from":[9.124576,6.0286713,7.365536],"to":[10.875423,8.371326,8.934464],"faces":{"east":{"uv":[2.4375,9.5,2.5625,9.625],"tintindex":0,"rotation":0,"texture":"#0"},"south":{"uv":[2.75,9.5,2.875,9.625],"tintindex":0,"rotation":0,"texture":"#0"},"north":{"uv":[2.25,9.5,2.375,9.625],"tintindex":0,"rotation":0,"texture":"#0"},"west":{"uv":[2.875,9.5,3.0,9.625],"tintindex":0,"rotation":0,"texture":"#0"},"up":{"uv":[3.125,9.625,3.0,9.5],"tintindex":0,"rotation":0,"texture":"#0"},"down":{"uv":[9.625,3.25,9.5,3.375],"tintindex":0,"rotation":0,"texture":"#0"}}},{"from":[9.124576,-2.6713295,7.465536],"to":[10.875423,-2.028675,8.534464],"faces":{"east":{"uv":[9.75,7.0625,9.8125,7.125],"tintindex":0,"rotation":0,"texture":"#0"},"south":{"uv":[6.0625,9.6875,6.1875,9.75],"tintindex":0,"rotation":0,"texture":"#0"},"north":{"uv":[9.6875,5.75,9.8125,5.8125],"tintindex":0,"rotation":0,"texture":"#0"},"west":{"uv":[7.125,9.75,7.1875,9.8125],"tintindex":0,"rotation":0,"texture":"#0"},"up":{"uv":[9.8125,6.125,9.6875,6.0625],"tintindex":0,"rotation":0,"texture":"#0"},"down":{"uv":[9.8125,6.125,9.6875,6.1875],"tintindex":0,"rotation":0,"texture":"#0"}}}],"display":{"gui":{"rotation":[30,225,0]}}}