{"textures":{"0":"modelengine:entity/nocsy_skeleton_necromancer_skin"},"elements":[{"from":[6.8841043,-3.442772,7.2262974],"to":[9.79304,5.987789,9.583938],"faces":{"east":{"uv":[7.875,8.125,8.0,8.6875],"tintindex":0,"rotation":0,"texture":"#0"},"south":{"uv":[2.5625,7.5625,2.75,8.125],"tintindex":0,"rotation":0,"texture":"#0"},"north":{"uv":[2.375,7.5625,2.5625,8.125],"tintindex":0,"rotation":0,"texture":"#0"},"west":{"uv":[4.25,8.1875,4.375,8.75],"tintindex":0,"rotation":0,"texture":"#0"},"up":{"uv":[9.5,3.375,9.3125,3.25],"tintindex":0,"rotation":0,"texture":"#0"},"down":{"uv":[3.5,9.3125,3.3125,9.4375],"tintindex":0,"rotation":0,"texture":"#0"}}},{"from":[5.7041044,3.637226,6.0462976],"to":[9.79304,8.347786,10.763938],"faces":{"east":{"uv":[7.6875,2.0,8.0,2.3125],"tintindex":0,"rotation":0,"texture":"#0"},"south":{"uv":[3.4375,8.0625,3.6875,8.375],"tintindex":0,"rotation":0,"texture":"#0"},"north":{"uv":[3.1875,8.0625,3.4375,8.375],"tintindex":0,"rotation":0,"texture":"#0"},"west":{"uv":[7.6875,2.3125,8.0,2.625],"tintindex":0,"rotation":0,"texture":"#0"},"up":{"uv":[8.3125,3.9375,8.0625,3.625],"tintindex":0,"rotation":0,"texture":"#0"},"down":{"uv":[3.9375,8.0625,3.6875,8.375],"tintindex":0,"rotation":0,"texture":"#0"}},"rotation":{"origin":[7.7485723,5.992508,8.405117],"angle":22.5,"axis":"z"}}],"display":{"gui":{"rotation":[30,225,0]}}}