{"textures":{"0":"modelengine:entity/dragon_arrow"},"elements":[{"from":[7.909,-5.844549,-9.701633],"to":[7.909,19.331106,25.701633],"faces":{"east":{"uv":[0.0,4.125,5.625,8.125],"tintindex":0,"rotation":0,"texture":"#0"},"west":{"uv":[5.625,4.125,0.0,8.125],"tintindex":0,"rotation":0,"texture":"#0"}}},{"from":[-3.496828,7.9233875,-9.701633],"to":[21.678827,7.9233875,25.701633],"faces":{"up":{"uv":[0.0,4.125,5.625,8.125],"tintindex":0,"rotation":270,"texture":"#0"},"down":{"uv":[5.625,4.125,0.0,8.125],"tintindex":0,"rotation":270,"texture":"#0"}}}],"display":{"gui":{"rotation":[30,225,0]}}}