{"textures":{"0":"modelengine:entity/lumberjack"},"elements":[{"from":[6.0,0.09075928,7.5],"to":[10.0,5.0907593,12.5],"faces":{"east":{"uv":[4.6375,6.2625,5.2375,6.8625],"tintindex":0,"rotation":0,"texture":"#0"},"south":{"uv":[6.2625,6.7625,6.7375,7.3625],"tintindex":0,"rotation":0,"texture":"#0"},"north":{"uv":[1.7625,6.7625,2.2375,7.3625],"tintindex":0,"rotation":0,"texture":"#0"},"west":{"uv":[6.2625,5.1375,6.8625,5.7375],"tintindex":0,"rotation":0,"texture":"#0"},"up":{"uv":[7.2375,7.3625,6.7625,6.7625],"tintindex":0,"rotation":0,"texture":"#0"},"down":{"uv":[7.3625,0.0125,6.8875,0.6125],"tintindex":0,"rotation":0,"texture":"#0"}}},{"from":[6.0,0.09075928,6.5],"to":[10.0,2.0907593,7.5],"faces":{"east":{"uv":[6.3875,4.3875,6.4875,4.6125],"tintindex":0,"rotation":0,"texture":"#0"},"south":{"uv":[1.0125,7.5125,1.4875,7.7375],"tintindex":0,"rotation":0,"texture":"#0"},"north":{"uv":[6.5125,7.3875,6.9875,7.6125],"tintindex":0,"rotation":0,"texture":"#0"},"west":{"uv":[4.5125,6.6375,4.6125,6.8625],"tintindex":0,"rotation":0,"texture":"#0"},"up":{"uv":[0.4875,5.2375,0.0125,5.1375],"tintindex":0,"rotation":0,"texture":"#0"},"down":{"uv":[7.7375,4.2625,7.2625,4.3625],"tintindex":0,"rotation":0,"texture":"#0"}}},{"from":[6.5,5.0,8.0],"to":[9.5,8.0,12.0],"faces":{"east":{"uv":[2.2625,0.8875,2.7375,1.2375],"tintindex":0,"rotation":0,"texture":"#0"},"south":{"uv":[1.0125,3.1375,1.3625,3.4875],"tintindex":0,"rotation":0,"texture":"#0"},"north":{"uv":[2.7625,1.8875,3.1125,2.2375],"tintindex":0,"rotation":0,"texture":"#0"},"west":{"uv":[5.7625,1.3875,6.2375,1.7375],"tintindex":0,"rotation":0,"texture":"#0"},"up":{"uv":[5.1125,7.7375,4.7625,7.2625],"tintindex":0,"rotation":0,"texture":"#0"},"down":{"uv":[7.6125,6.7625,7.2625,7.2375],"tintindex":0,"rotation":0,"texture":"#0"}}}],"display":{"gui":{"rotation":[30,225,0]}}}