{"textures":{"0":"modelengine:entity/lumberjack"},"elements":[{"from":[5.5,17.41711,4.403121],"to":[12.5,20.41711,9.403121],"faces":{"east":{"uv":[7.0125,4.6375,7.6125,4.9875],"tintindex":0,"rotation":0,"texture":"#0"},"south":{"uv":[6.3875,4.0125,7.2375,4.3625],"tintindex":0,"rotation":0,"texture":"#0"},"north":{"uv":[1.7625,6.3875,2.6125,6.7375],"tintindex":0,"rotation":0,"texture":"#0"},"west":{"uv":[5.2625,7.0125,5.8625,7.3625],"tintindex":0,"rotation":0,"texture":"#0"},"up":{"uv":[1.9875,5.8625,1.1375,5.2625],"tintindex":0,"rotation":0,"texture":"#0"},"down":{"uv":[6.2375,5.1375,5.3875,5.7375],"tintindex":0,"rotation":0,"texture":"#0"}},"rotation":{"origin":[9.0,13.41711,4.903121],"angle":-22.5,"axis":"x"}},{"from":[6.5,3.8263521,4.515192],"to":[11.5,5.826352,11.515192],"faces":{"east":{"uv":[7.0125,6.5125,7.8625,6.7375],"tintindex":0,"rotation":0,"texture":"#0"},"south":{"uv":[7.3875,3.7625,7.9875,3.9875],"tintindex":0,"rotation":0,"texture":"#0"},"north":{"uv":[6.1375,0.6375,6.7375,0.8625],"tintindex":0,"rotation":0,"texture":"#0"},"west":{"uv":[7.2625,1.0125,8.1125,1.2375],"tintindex":0,"rotation":0,"texture":"#0"},"up":{"uv":[6.1125,0.8625,5.5125,0.0125],"tintindex":0,"rotation":0,"texture":"#0"},"down":{"uv":[3.2375,5.6375,2.6375,6.4875],"tintindex":0,"rotation":0,"texture":"#0"}}},{"from":[3.5,9.41711,3.403121],"to":[14.5,17.41711,10.403121],"faces":{"east":{"uv":[0.0125,4.1375,0.8625,5.1125],"tintindex":0,"rotation":0,"texture":"#0"},"south":{"uv":[1.3875,1.2625,2.7375,2.2375],"tintindex":0,"rotation":0,"texture":"#0"},"north":{"uv":[0.0125,1.2625,1.3625,2.2375],"tintindex":0,"rotation":0,"texture":"#0"},"west":{"uv":[4.1375,1.8875,4.9875,2.8625],"tintindex":0,"rotation":0,"texture":"#0"},"up":{"uv":[1.3625,3.1125,0.0125,2.2625],"tintindex":0,"rotation":0,"texture":"#0"},"down":{"uv":[3.6125,0.0125,2.2625,0.8625],"tintindex":0,"rotation":0,"texture":"#0"}},"rotation":{"origin":[9.0,13.41711,4.903121],"angle":-22.5,"axis":"x"}},{"from":[4.5,5.826352,4.515192],"to":[13.5,11.826351,11.515192],"faces":{"east":{"uv":[4.8875,1.0125,5.7375,1.7375],"tintindex":0,"rotation":0,"texture":"#0"},"south":{"uv":[0.8875,4.5125,1.9875,5.2375],"tintindex":0,"rotation":0,"texture":"#0"},"north":{"uv":[4.1375,2.8875,5.2375,3.6125],"tintindex":0,"rotation":0,"texture":"#0"},"west":{"uv":[2.6375,4.8875,3.4875,5.6125],"tintindex":0,"rotation":0,"texture":"#0"},"up":{"uv":[4.8625,1.8625,3.7625,1.0125],"tintindex":0,"rotation":0,"texture":"#0"},"down":{"uv":[5.1125,3.8875,4.0125,4.7375],"tintindex":0,"rotation":0,"texture":"#0"}}}],"display":{"gui":{"rotation":[30,225,0]}}}