{"textures":{"0":"modelengine:entity/fisherman"},"elements":[{"from":[9.49814,5.7466125,-3.3829165],"to":[11.49814,8.746613,-1.3829165],"faces":{"east":{"uv":[2.0125,7.8875,2.2375,8.2375],"tintindex":0,"rotation":0,"texture":"#0"},"south":{"uv":[7.8875,2.3875,8.1125,2.7375],"tintindex":0,"rotation":0,"texture":"#0"},"north":{"uv":[1.7625,7.8875,1.9875,8.2375],"tintindex":0,"rotation":0,"texture":"#0"},"west":{"uv":[7.8875,3.8875,8.1125,4.2375],"tintindex":0,"rotation":0,"texture":"#0"},"up":{"uv":[8.1125,5.7375,7.8875,5.5125],"tintindex":0,"rotation":0,"texture":"#0"},"down":{"uv":[6.2375,7.8875,6.0125,8.1125],"tintindex":0,"rotation":0,"texture":"#0"}},"rotation":{"origin":[10.49814,7.9966125,-0.88291645],"angle":-22.5,"axis":"x"}},{"from":[4.0773964,8.996613,6.232305],"to":[5.0773964,11.996613,8.232305],"faces":{"east":{"uv":[7.7625,7.3875,7.9875,7.7375],"tintindex":0,"rotation":0,"texture":"#0"},"south":{"uv":[6.2625,7.8875,6.3625,8.2375],"tintindex":0,"rotation":0,"texture":"#0"},"north":{"uv":[6.5125,7.6375,6.6125,7.9875],"tintindex":0,"rotation":0,"texture":"#0"},"west":{"uv":[7.7625,7.7625,7.9875,8.1125],"tintindex":0,"rotation":0,"texture":"#0"},"up":{"uv":[6.7375,5.2375,6.6375,5.0125],"tintindex":0,"rotation":0,"texture":"#0"},"down":{"uv":[4.4875,6.7625,4.3875,6.9875],"tintindex":0,"rotation":0,"texture":"#0"}},"rotation":{"origin":[4.5773964,10.496613,7.232305],"angle":-22.5,"axis":"y"}},{"from":[7.4981403,7.9966125,1.1170835],"to":[9.49814,10.996613,4.1170835],"faces":{"east":{"uv":[7.5125,0.5125,7.8625,0.8625],"tintindex":0,"rotation":0,"texture":"#0"},"south":{"uv":[7.7625,4.6375,7.9875,4.9875],"tintindex":0,"rotation":0,"texture":"#0"},"north":{"uv":[4.5125,5.7625,4.7375,6.1125],"tintindex":0,"rotation":0,"texture":"#0"},"west":{"uv":[7.3875,7.5125,7.7375,7.8625],"tintindex":0,"rotation":0,"texture":"#0"},"up":{"uv":[7.9875,6.6125,7.7625,6.2625],"tintindex":0,"rotation":0,"texture":"#0"},"down":{"uv":[7.9875,7.0125,7.7625,7.3625],"tintindex":0,"rotation":0,"texture":"#0"}},"rotation":{"origin":[8.49814,9.496613,2.1170835],"angle":-22.5,"axis":"x"}},{"from":[9.99814,5.7466125,-1.3829165],"to":[10.99814,6.7466125,2.6170835],"faces":{"east":{"uv":[7.7625,1.8875,8.2375,1.9875],"tintindex":0,"rotation":0,"texture":"#0"},"south":{"uv":[7.5125,7.8875,7.6125,7.9875],"tintindex":0,"rotation":0,"texture":"#0"},"north":{"uv":[7.3875,7.8875,7.4875,7.9875],"tintindex":0,"rotation":0,"texture":"#0"},"west":{"uv":[7.7625,6.6375,8.2375,6.7375],"tintindex":0,"rotation":0,"texture":"#0"},"up":{"uv":[4.4875,6.7375,4.3875,6.2625],"tintindex":0,"rotation":0,"texture":"#0"},"down":{"uv":[6.8625,5.7625,6.7625,6.2375],"tintindex":0,"rotation":0,"texture":"#0"}},"rotation":{"origin":[10.49814,7.9966125,-0.88291645],"angle":-22.5,"axis":"x"}},{"from":[3.9981403,11.996613,5.1170835],"to":[12.99814,15.996613,12.117084],"faces":{"east":{"uv":[3.3875,2.5125,4.2375,2.9875],"tintindex":0,"rotation":0,"texture":"#0"},"south":{"uv":[3.3875,5.7625,4.4875,6.2375],"tintindex":0,"rotation":0,"texture":"#0"},"north":{"uv":[2.2625,5.7625,3.3625,6.2375],"tintindex":0,"rotation":0,"texture":"#0"},"west":{"uv":[4.3875,2.0125,5.2375,2.4875],"tintindex":0,"rotation":0,"texture":"#0"},"up":{"uv":[1.1125,5.8625,0.0125,5.0125],"tintindex":0,"rotation":0,"texture":"#0"},"down":{"uv":[2.2375,5.0125,1.1375,5.8625],"tintindex":0,"rotation":0,"texture":"#0"}}},{"from":[12.058801,4.9966125,6.177744],"to":[15.058801,11.996613,6.177744],"faces":{"south":{"uv":[4.3875,7.0125,4.7375,7.8625],"tintindex":0,"rotation":0,"texture":"#0"},"north":{"uv":[4.7375,7.0125,4.3875,7.8625],"tintindex":0,"rotation":0,"texture":"#0"}},"rotation":{"origin":[13.558801,8.496613,6.177744],"angle":-45.0,"axis":"y"}},{"from":[3.9981403,1.1488533,1.8517165],"to":[12.99814,5.1488533,1.8517165],"faces":{"south":{"uv":[0.0125,2.5125,1.1,2.9875],"tintindex":0,"rotation":0,"texture":"#0"},"north":{"uv":[0.0125,2.5125,1.1125,2.9875],"tintindex":0,"rotation":0,"texture":"#0"}},"rotation":{"origin":[9.99814,3.1488533,1.8517165],"angle":22.5,"axis":"x"}},{"from":[3.9981403,4.9966125,2.6170835],"to":[12.99814,8.996613,5.6170835],"faces":{"east":{"uv":[1.5125,7.3875,1.8625,7.8625],"tintindex":0,"rotation":0,"texture":"#0"},"south":{"uv":[5.6375,5.2625,6.7375,5.7375],"tintindex":0,"rotation":0,"texture":"#0"},"north":{"uv":[5.3875,1.5125,6.4875,1.9875],"tintindex":0,"rotation":0,"texture":"#0"},"west":{"uv":[1.8875,7.3875,2.2375,7.8625],"tintindex":0,"rotation":0,"texture":"#0"},"up":{"uv":[7.7375,4.9875,6.6375,4.6375],"tintindex":0,"rotation":0,"texture":"#0"},"down":{"uv":[7.8625,2.3875,6.7625,2.7375],"tintindex":0,"rotation":0,"texture":"#0"}}},{"from":[11.918884,8.996613,6.232305],"to":[12.918884,11.996613,8.232305],"faces":{"east":{"uv":[7.9875,7.7625,7.7625,8.1125],"tintindex":0,"rotation":0,"texture":"#0"},"south":{"uv":[6.3625,7.8875,6.2625,8.2375],"tintindex":0,"rotation":0,"texture":"#0"},"north":{"uv":[6.6125,7.6375,6.5125,7.9875],"tintindex":0,"rotation":0,"texture":"#0"},"west":{"uv":[7.9875,7.3875,7.7625,7.7375],"tintindex":0,"rotation":0,"texture":"#0"},"up":{"uv":[6.6375,5.2375,6.7375,5.0125],"tintindex":0,"rotation":0,"texture":"#0"},"down":{"uv":[4.3875,6.7625,4.4875,6.9875],"tintindex":0,"rotation":0,"texture":"#0"}},"rotation":{"origin":[11.418884,10.496613,7.232305],"angle":22.5,"axis":"y"}},{"from":[4.4981403,5.9966125,3.1170835],"to":[12.49814,13.996613,11.117084],"faces":{"east":{"uv":[1.0125,4.0125,1.9875,4.9875],"tintindex":0,"rotation":0,"texture":"#0"},"south":{"uv":[2.0125,4.0125,2.9875,4.9875],"tintindex":0,"rotation":0,"texture":"#0"},"north":{"uv":[0.0125,4.0125,0.9875,4.9875],"tintindex":0,"rotation":0,"texture":"#0"},"west":{"uv":[3.0125,4.0125,3.9875,4.9875],"tintindex":0,"rotation":0,"texture":"#0"},"up":{"uv":[4.9875,4.9875,4.0125,4.0125],"tintindex":0,"rotation":0,"texture":"#0"},"down":{"uv":[5.2375,2.5125,4.2625,3.4875],"tintindex":0,"rotation":0,"texture":"#0"}}},{"from":[3.9981403,11.996613,1.1170835],"to":[12.99814,14.996613,5.1170835],"faces":{"east":{"uv":[7.3875,3.8875,7.8625,4.2375],"tintindex":0,"rotation":0,"texture":"#0"},"south":{"uv":[6.7625,5.3875,7.8625,5.7375],"tintindex":0,"rotation":0,"texture":"#0"},"north":{"uv":[6.7625,5.0125,7.8625,5.3625],"tintindex":0,"rotation":0,"texture":"#0"},"west":{"uv":[7.3875,4.2625,7.8625,4.6125],"tintindex":0,"rotation":0,"texture":"#0"},"up":{"uv":[6.7375,6.2375,5.6375,5.7625],"tintindex":0,"rotation":0,"texture":"#0"},"down":{"uv":[1.1125,5.8875,0.0125,6.3625],"tintindex":0,"rotation":0,"texture":"#0"}}},{"from":[1.93748,4.9966125,6.177744],"to":[4.93748,11.996613,6.177744],"faces":{"south":{"uv":[4.7375,7.0125,4.3875,7.8625],"tintindex":0,"rotation":0,"texture":"#0"},"north":{"uv":[4.3875,7.0125,4.7375,7.8625],"tintindex":0,"rotation":0,"texture":"#0"}},"rotation":{"origin":[3.43748,8.496613,6.177744],"angle":45.0,"axis":"y"}}],"display":{"gui":{"rotation":[30,225,0]}}}