{"textures":{"0":"modelengine:entity/tengu"},"elements":[{"from":[6.6818285,-6.2842216,13.862646],"to":[14.181828,14.215778,13.862646],"faces":{"south":{"uv":[14.125,10.875,16.0,16.0],"tintindex":0,"rotation":0,"texture":"#0"},"north":{"uv":[16.0,10.875,14.125,16.0],"tintindex":0,"rotation":0,"texture":"#0"}},"rotation":{"origin":[10.4318285,3.9657784,13.862646],"angle":-45.0,"axis":"y"}},{"from":[7.7803245,4.2157784,7.2113495],"to":[7.7803245,14.215778,11.2113495],"faces":{"east":{"uv":[14.0,10.75,13.0,13.25],"tintindex":0,"rotation":0,"texture":"#0"},"west":{"uv":[13.0,10.75,14.0,13.25],"tintindex":0,"rotation":0,"texture":"#0"}}}],"display":{"gui":{"rotation":[30,225,0]}}}