{"textures":{"0":"modelengine:entity/nocsy_skeleton_warrior"},"elements":[{"from":[4.814,6.1190004,6.389],"to":[5.786,8.801,9.070999],"faces":{"east":{"uv":[5.25,2.25,5.5625,2.5625],"tintindex":0,"rotation":0,"texture":"#0"},"south":{"uv":[4.375,6.625,4.5,6.9375],"tintindex":0,"rotation":0,"texture":"#0"},"north":{"uv":[4.25,6.625,4.375,6.9375],"tintindex":0,"rotation":0,"texture":"#0"},"west":{"uv":[5.375,0.875,5.6875,1.1875],"tintindex":0,"rotation":0,"texture":"#0"},"up":{"uv":[4.625,6.9375,4.5,6.625],"tintindex":0,"rotation":0,"texture":"#0"},"down":{"uv":[4.75,6.625,4.625,6.9375],"tintindex":0,"rotation":0,"texture":"#0"}},"rotation":{"origin":[8.0,8.36,7.8199997],"angle":-22.5,"axis":"y"}},{"from":[9.458165,6.479,4.1592393],"to":[10.070165,7.1809998,5.851239],"faces":{"east":{"uv":[7.875,1.75,8.0625,1.8125],"tintindex":0,"rotation":0,"texture":"#0"},"south":{"uv":[1.875,8.125,1.9375,8.1875],"tintindex":0,"rotation":0,"texture":"#0"},"north":{"uv":[8.125,1.75,8.1875,1.8125],"tintindex":0,"rotation":0,"texture":"#0"},"west":{"uv":[7.875,1.875,8.0625,1.9375],"tintindex":0,"rotation":0,"texture":"#0"},"up":{"uv":[1.9375,8.0625,1.875,7.875],"tintindex":0,"rotation":0,"texture":"#0"},"down":{"uv":[2.1875,7.875,2.125,8.0625],"tintindex":0,"rotation":0,"texture":"#0"}},"rotation":{"origin":[9.404165,7.1000004,5.095239],"angle":22.5,"axis":"y"}},{"from":[4.7959995,6.101,8.171],"to":[7.064,8.819,9.179],"faces":{"east":{"uv":[4.0,6.625,4.125,6.9375],"tintindex":0,"rotation":0,"texture":"#0"},"south":{"uv":[5.875,1.375,6.125,1.6875],"tintindex":0,"rotation":0,"texture":"#0"},"north":{"uv":[5.5,3.375,5.75,3.6875],"tintindex":0,"rotation":0,"texture":"#0"},"west":{"uv":[4.125,6.625,4.25,6.9375],"tintindex":0,"rotation":0,"texture":"#0"},"up":{"uv":[2.375,7.375,2.125,7.25],"tintindex":0,"rotation":0,"texture":"#0"},"down":{"uv":[7.5,2.125,7.25,2.25],"tintindex":0,"rotation":0,"texture":"#0"}},"rotation":{"origin":[8.0,8.36,7.8199997],"angle":-22.5,"axis":"y"}},{"from":[5.9298353,6.8390007,4.6092396],"to":[6.901835,8.261,6.571239],"faces":{"east":{"uv":[0.625,6.375,0.875,6.5625],"tintindex":0,"rotation":0,"texture":"#0"},"south":{"uv":[1.75,7.375,1.875,7.5625],"tintindex":0,"rotation":0,"texture":"#0"},"north":{"uv":[0.875,7.375,1.0,7.5625],"tintindex":0,"rotation":0,"texture":"#0"},"west":{"uv":[6.375,0.75,6.625,0.9375],"tintindex":0,"rotation":0,"texture":"#0"},"up":{"uv":[7.375,2.875,7.25,2.625],"tintindex":0,"rotation":0,"texture":"#0"},"down":{"uv":[2.875,7.25,2.75,7.5],"tintindex":0,"rotation":0,"texture":"#0"}},"rotation":{"origin":[6.595835,7.1000004,5.095239],"angle":-45.0,"axis":"y"}},{"from":[9.0981655,6.8390007,4.6092396],"to":[10.070165,8.261,6.571239],"faces":{"east":{"uv":[5.25,6.25,5.5,6.4375],"tintindex":0,"rotation":0,"texture":"#0"},"south":{"uv":[0.25,7.375,0.375,7.5625],"tintindex":0,"rotation":0,"texture":"#0"},"north":{"uv":[5.625,7.25,5.75,7.4375],"tintindex":0,"rotation":0,"texture":"#0"},"west":{"uv":[0.375,6.375,0.625,6.5625],"tintindex":0,"rotation":0,"texture":"#0"},"up":{"uv":[7.375,2.625,7.25,2.375],"tintindex":0,"rotation":0,"texture":"#0"},"down":{"uv":[2.75,7.25,2.625,7.5],"tintindex":0,"rotation":0,"texture":"#0"}},"rotation":{"origin":[9.404165,7.1000004,5.095239],"angle":45.0,"axis":"y"}},{"from":[6.605,6.1099997,7.8199997],"to":[9.395,8.81,8.72],"faces":{"east":{"uv":[3.75,6.625,3.875,6.9375],"tintindex":0,"rotation":0,"texture":"#0"},"south":{"uv":[5.125,1.75,5.5,2.0625],"tintindex":0,"rotation":0,"texture":"#0"},"north":{"uv":[5.125,1.375,5.5,1.6875],"tintindex":0,"rotation":0,"texture":"#0"},"west":{"uv":[3.875,6.625,4.0,6.9375],"tintindex":0,"rotation":0,"texture":"#0"},"up":{"uv":[6.75,0.125,6.375,0.0],"tintindex":0,"rotation":0,"texture":"#0"},"down":{"uv":[6.75,0.125,6.375,0.25],"tintindex":0,"rotation":0,"texture":"#0"}}},{"from":[10.214001,6.1190004,6.389],"to":[11.186,8.801,9.070999],"faces":{"east":{"uv":[1.375,5.375,1.6875,5.6875],"tintindex":0,"rotation":0,"texture":"#0"},"south":{"uv":[5.125,6.625,5.25,6.9375],"tintindex":0,"rotation":0,"texture":"#0"},"north":{"uv":[5.0,6.625,5.125,6.9375],"tintindex":0,"rotation":0,"texture":"#0"},"west":{"uv":[1.75,5.375,2.0625,5.6875],"tintindex":0,"rotation":0,"texture":"#0"},"up":{"uv":[5.375,6.9375,5.25,6.625],"tintindex":0,"rotation":0,"texture":"#0"},"down":{"uv":[5.5,6.625,5.375,6.9375],"tintindex":0,"rotation":0,"texture":"#0"}},"rotation":{"origin":[8.0,8.36,7.8199997],"angle":22.5,"axis":"y"}},{"from":[8.936,6.101,8.171],"to":[11.204,8.819,9.179],"faces":{"east":{"uv":[4.75,6.625,4.875,6.9375],"tintindex":0,"rotation":0,"texture":"#0"},"south":{"uv":[5.875,3.0,6.125,3.3125],"tintindex":0,"rotation":0,"texture":"#0"},"north":{"uv":[5.875,2.625,6.125,2.9375],"tintindex":0,"rotation":0,"texture":"#0"},"west":{"uv":[4.875,6.625,5.0,6.9375],"tintindex":0,"rotation":0,"texture":"#0"},"up":{"uv":[7.5,2.375,7.25,2.25],"tintindex":0,"rotation":0,"texture":"#0"},"down":{"uv":[2.625,7.25,2.375,7.375],"tintindex":0,"rotation":0,"texture":"#0"}},"rotation":{"origin":[8.0,8.36,7.8199997],"angle":22.5,"axis":"y"}},{"from":[5.9298353,6.479,4.1592393],"to":[6.541835,7.1809998,5.851239],"faces":{"east":{"uv":[7.875,2.0,8.0625,2.0625],"tintindex":0,"rotation":0,"texture":"#0"},"south":{"uv":[2.0,8.125,2.0625,8.1875],"tintindex":0,"rotation":0,"texture":"#0"},"north":{"uv":[8.125,1.875,8.1875,1.9375],"tintindex":0,"rotation":0,"texture":"#0"},"west":{"uv":[2.25,7.875,2.4375,7.9375],"tintindex":0,"rotation":0,"texture":"#0"},"up":{"uv":[7.9375,2.5625,7.875,2.375],"tintindex":0,"rotation":0,"texture":"#0"},"down":{"uv":[2.6875,7.875,2.625,8.0625],"tintindex":0,"rotation":0,"texture":"#0"}},"rotation":{"origin":[6.595835,7.1000004,5.095239],"angle":-22.5,"axis":"y"}}],"display":{"gui":{"rotation":[30,225,0]}}}