{"textures":{"0":"modelengine:entity/nocsy_skeleton_warrior"},"elements":[{"from":[7.129545,7.0386868,7.4791155],"to":[8.497546,8.406687,8.757115],"faces":{"east":{"uv":[2.75,6.75,2.9375,6.9375],"tintindex":0,"rotation":0,"texture":"#0"},"south":{"uv":[3.25,6.75,3.4375,6.9375],"tintindex":0,"rotation":0,"texture":"#0"},"north":{"uv":[6.75,2.25,6.9375,2.4375],"tintindex":0,"rotation":0,"texture":"#0"},"west":{"uv":[6.75,3.5,6.9375,3.6875],"tintindex":0,"rotation":0,"texture":"#0"},"up":{"uv":[6.9375,3.9375,6.75,3.75],"tintindex":0,"rotation":0,"texture":"#0"},"down":{"uv":[6.1875,6.75,6.0,6.9375],"tintindex":0,"rotation":0,"texture":"#0"}},"rotation":{"origin":[7.865,7.505,8.0],"angle":45.0,"axis":"z"}},{"from":[7.1770163,1.0209816,3.9835107],"to":[7.7741847,1.5033095,6.188439],"faces":{"east":{"uv":[7.75,1.125,8.0,1.1875],"tintindex":0,"rotation":0,"texture":"#0"},"south":{"uv":[2.25,8.125,2.3125,8.1875],"tintindex":0,"rotation":0,"texture":"#0"},"north":{"uv":[8.125,2.125,8.1875,2.1875],"tintindex":0,"rotation":0,"texture":"#0"},"west":{"uv":[1.25,7.75,1.5,7.8125],"tintindex":0,"rotation":0,"texture":"#0"},"up":{"uv":[7.8125,1.5,7.75,1.25],"tintindex":0,"rotation":0,"texture":"#0"},"down":{"uv":[1.5625,7.75,1.5,8.0],"tintindex":0,"rotation":0,"texture":"#0"}},"rotation":{"origin":[7.9448414,3.0250583,8.13161],"angle":22.5,"axis":"y"}},{"from":[8.833881,1.0209816,3.988972],"to":[9.43105,1.5033095,6.1939],"faces":{"east":{"uv":[7.75,2.125,8.0,2.1875],"tintindex":0,"rotation":0,"texture":"#0"},"south":{"uv":[2.625,8.125,2.6875,8.1875],"tintindex":0,"rotation":0,"texture":"#0"},"north":{"uv":[8.125,2.5,8.1875,2.5625],"tintindex":0,"rotation":0,"texture":"#0"},"west":{"uv":[7.75,2.25,8.0,2.3125],"tintindex":0,"rotation":0,"texture":"#0"},"up":{"uv":[7.8125,2.625,7.75,2.375],"tintindex":0,"rotation":0,"texture":"#0"},"down":{"uv":[2.5625,7.75,2.5,8.0],"tintindex":0,"rotation":0,"texture":"#0"}},"rotation":{"origin":[7.7938457,2.2342343,5.4742937],"angle":-22.5,"axis":"y"}},{"from":[6.617046,0.8471495,6.8973236],"to":[8.913845,1.5361894,9.079283],"faces":{"east":{"uv":[6.625,4.625,6.9375,4.75],"tintindex":0,"rotation":0,"texture":"#0"},"south":{"uv":[6.625,5.125,6.9375,5.25],"tintindex":0,"rotation":0,"texture":"#0"},"north":{"uv":[6.625,4.5,6.9375,4.625],"tintindex":0,"rotation":0,"texture":"#0"},"west":{"uv":[6.625,5.5,6.9375,5.625],"tintindex":0,"rotation":0,"texture":"#0"},"up":{"uv":[5.0625,5.6875,4.75,5.375],"tintindex":0,"rotation":0,"texture":"#0"},"down":{"uv":[5.4375,5.375,5.125,5.6875],"tintindex":0,"rotation":0,"texture":"#0"}}},{"from":[7.226,1.7360003,7.496],"to":[8.324,7.964,8.504],"faces":{"east":{"uv":[4.375,5.125,4.5,5.875],"tintindex":0,"rotation":0,"texture":"#0"},"south":{"uv":[3.125,5.25,3.25,6.0],"tintindex":0,"rotation":0,"texture":"#0"},"north":{"uv":[4.25,5.125,4.375,5.875],"tintindex":0,"rotation":0,"texture":"#0"},"west":{"uv":[3.25,5.25,3.375,6.0],"tintindex":0,"rotation":0,"texture":"#0"},"up":{"uv":[7.875,1.0,7.75,0.875],"tintindex":0,"rotation":0,"texture":"#0"},"down":{"uv":[1.125,7.75,1.0,7.875],"tintindex":0,"rotation":0,"texture":"#0"}}},{"from":[7.2584457,0.9061415,4.4390635],"to":[8.314974,1.6181495,5.036232],"faces":{"east":{"uv":[8.125,2.375,8.1875,2.4375],"tintindex":0,"rotation":0,"texture":"#0"},"south":{"uv":[1.125,8.0,1.25,8.0625],"tintindex":0,"rotation":0,"texture":"#0"},"north":{"uv":[1.0,8.0,1.125,8.0625],"tintindex":0,"rotation":0,"texture":"#0"},"west":{"uv":[2.5,8.125,2.5625,8.1875],"tintindex":0,"rotation":0,"texture":"#0"},"up":{"uv":[8.125,1.1875,8.0,1.125],"tintindex":0,"rotation":0,"texture":"#0"},"down":{"uv":[1.375,8.0,1.25,8.0625],"tintindex":0,"rotation":0,"texture":"#0"}}},{"from":[7.2584457,1.0209816,5.4726233],"to":[8.314974,1.8478296,7.218192],"faces":{"east":{"uv":[7.375,2.75,7.5625,2.875],"tintindex":0,"rotation":0,"texture":"#0"},"south":{"uv":[1.625,7.75,1.75,7.875],"tintindex":0,"rotation":0,"texture":"#0"},"north":{"uv":[7.75,1.5,7.875,1.625],"tintindex":0,"rotation":0,"texture":"#0"},"west":{"uv":[3.0,7.375,3.1875,7.5],"tintindex":0,"rotation":0,"texture":"#0"},"up":{"uv":[3.375,7.5625,3.25,7.375],"tintindex":0,"rotation":0,"texture":"#0"},"down":{"uv":[3.5,7.375,3.375,7.5625],"tintindex":0,"rotation":0,"texture":"#0"}}},{"from":[8.604202,1.0209816,5.4818916],"to":[9.66073,1.8478296,7.2274604],"faces":{"east":{"uv":[7.375,3.5,7.5625,3.625],"tintindex":0,"rotation":0,"texture":"#0"},"south":{"uv":[2.125,7.75,2.25,7.875],"tintindex":0,"rotation":0,"texture":"#0"},"north":{"uv":[7.75,2.0,7.875,2.125],"tintindex":0,"rotation":0,"texture":"#0"},"west":{"uv":[7.375,3.625,7.5625,3.75],"tintindex":0,"rotation":0,"texture":"#0"},"up":{"uv":[3.625,7.5625,3.5,7.375],"tintindex":0,"rotation":0,"texture":"#0"},"down":{"uv":[7.5,3.75,7.375,3.9375],"tintindex":0,"rotation":0,"texture":"#0"}},"rotation":{"origin":[7.7938457,2.2342343,5.4742937],"angle":-22.5,"axis":"y"}},{"from":[6.947336,1.0209816,5.4764304],"to":[8.003864,1.8478296,7.221999],"faces":{"east":{"uv":[2.375,7.375,2.5625,7.5],"tintindex":0,"rotation":0,"texture":"#0"},"south":{"uv":[1.125,7.75,1.25,7.875],"tintindex":0,"rotation":0,"texture":"#0"},"north":{"uv":[7.75,1.0,7.875,1.125],"tintindex":0,"rotation":0,"texture":"#0"},"west":{"uv":[7.375,2.375,7.5625,2.5],"tintindex":0,"rotation":0,"texture":"#0"},"up":{"uv":[7.5,2.6875,7.375,2.5],"tintindex":0,"rotation":0,"texture":"#0"},"down":{"uv":[3.0,7.375,2.875,7.5625],"tintindex":0,"rotation":0,"texture":"#0"}},"rotation":{"origin":[7.9448414,3.0250583,8.13161],"angle":22.5,"axis":"y"}},{"from":[6.4907217,1.1801856,6.4264793],"to":[9.04017,2.007033,9.205608],"faces":{"east":{"uv":[6.375,0.25,6.75,0.375],"tintindex":0,"rotation":0,"texture":"#0"},"south":{"uv":[6.625,4.125,6.9375,4.25],"tintindex":0,"rotation":0,"texture":"#0"},"north":{"uv":[6.625,4.0,6.9375,4.125],"tintindex":0,"rotation":0,"texture":"#0"},"west":{"uv":[6.375,1.375,6.75,1.5],"tintindex":0,"rotation":0,"texture":"#0"},"up":{"uv":[5.4375,3.0,5.125,2.625],"tintindex":0,"rotation":0,"texture":"#0"},"down":{"uv":[5.4375,3.0,5.125,3.375],"tintindex":0,"rotation":0,"texture":"#0"}}},{"from":[7.488126,1.0209816,3.9797037],"to":[8.085295,1.5033095,6.184632],"faces":{"east":{"uv":[7.75,1.625,8.0,1.6875],"tintindex":0,"rotation":0,"texture":"#0"},"south":{"uv":[2.375,8.125,2.4375,8.1875],"tintindex":0,"rotation":0,"texture":"#0"},"north":{"uv":[8.125,2.25,8.1875,2.3125],"tintindex":0,"rotation":0,"texture":"#0"},"west":{"uv":[1.75,7.75,2.0,7.8125],"tintindex":0,"rotation":0,"texture":"#0"},"up":{"uv":[7.8125,2.0,7.75,1.75],"tintindex":0,"rotation":0,"texture":"#0"},"down":{"uv":[2.0625,7.75,2.0,8.0],"tintindex":0,"rotation":0,"texture":"#0"}}},{"from":[8.604202,0.9061415,4.448332],"to":[9.66073,1.6181495,5.0455003],"faces":{"east":{"uv":[8.125,2.625,8.1875,2.6875],"tintindex":0,"rotation":0,"texture":"#0"},"south":{"uv":[1.5,8.0,1.625,8.0625],"tintindex":0,"rotation":0,"texture":"#0"},"north":{"uv":[1.375,8.0,1.5,8.0625],"tintindex":0,"rotation":0,"texture":"#0"},"west":{"uv":[2.75,8.125,2.8125,8.1875],"tintindex":0,"rotation":0,"texture":"#0"},"up":{"uv":[1.75,8.0625,1.625,8.0],"tintindex":0,"rotation":0,"texture":"#0"},"down":{"uv":[8.125,1.625,8.0,1.6875],"tintindex":0,"rotation":0,"texture":"#0"}},"rotation":{"origin":[7.7938457,2.2342343,5.4742937],"angle":-22.5,"axis":"y"}},{"from":[6.947336,0.9061415,4.4428706],"to":[8.003864,1.6181495,5.040039],"faces":{"east":{"uv":[8.125,2.0,8.1875,2.0625],"tintindex":0,"rotation":0,"texture":"#0"},"south":{"uv":[0.625,8.0,0.75,8.0625],"tintindex":0,"rotation":0,"texture":"#0"},"north":{"uv":[0.5,8.0,0.625,8.0625],"tintindex":0,"rotation":0,"texture":"#0"},"west":{"uv":[2.125,8.125,2.1875,8.1875],"tintindex":0,"rotation":0,"texture":"#0"},"up":{"uv":[0.875,8.0625,0.75,8.0],"tintindex":0,"rotation":0,"texture":"#0"},"down":{"uv":[1.0,8.0,0.875,8.0625],"tintindex":0,"rotation":0,"texture":"#0"}},"rotation":{"origin":[7.9448414,3.0250583,8.13161],"angle":22.5,