{"textures":{"0":"modelengine:entity/nocsy_skeleton_warrior"},"elements":[{"from":[6.423518,2.5914214,7.3410206],"to":[7.881519,4.049423,8.709021],"faces":{"east":{"uv":[0.0,7.0,0.1875,7.1875],"tintindex":0,"rotation":0,"texture":"#0"},"south":{"uv":[7.0,0.75,7.1875,0.9375],"tintindex":0,"rotation":0,"texture":"#0"},"north":{"uv":[6.75,6.875,6.9375,7.0625],"tintindex":0,"rotation":0,"texture":"#0"},"west":{"uv":[1.0,7.0,1.1875,7.1875],"tintindex":0,"rotation":0,"texture":"#0"},"up":{"uv":[7.1875,1.1875,7.0,1.0],"tintindex":0,"rotation":0,"texture":"#0"},"down":{"uv":[1.4375,7.0,1.25,7.1875],"tintindex":0,"rotation":0,"texture":"#0"}},"rotation":{"origin":[8.204548,2.8147888,7.7830653],"angle":-45.0,"axis":"z"}},{"from":[7.3495483,3.1297894,7.1080656],"to":[8.339548,8.529789,8.458065],"faces":{"east":{"uv":[4.625,4.25,4.8125,4.9375],"tintindex":0,"rotation":0,"texture":"#0"},"south":{"uv":[5.5,5.375,5.625,6.0625],"tintindex":0,"rotation":0,"texture":"#0"},"north":{"uv":[4.0,5.5,4.125,6.1875],"tintindex":0,"rotation":0,"texture":"#0"},"west":{"uv":[1.125,4.75,1.3125,5.4375],"tintindex":0,"rotation":0,"texture":"#0"},"up":{"uv":[6.25,7.5625,6.125,7.375],"tintindex":0,"rotation":0,"texture":"#0"},"down":{"uv":[6.375,7.375,6.25,7.5625],"tintindex":0,"rotation":0,"texture":"#0"}}}],"display":{"gui":{"rotation":[30,225,0]}}}