{"textures":{"0":"modelengine:entity/nocsy_skeleton_warrior"},"elements":[{"from":[7.6850257,1.0209816,5.472624],"to":[8.741554,1.8478296,7.218192],"faces":{"east":{"uv":[5.125,7.375,5.3125,7.5],"tintindex":0,"rotation":0,"texture":"#0"},"south":{"uv":[7.75,3.375,7.875,3.5],"tintindex":0,"rotation":0,"texture":"#0"},"north":{"uv":[3.375,7.75,3.5,7.875],"tintindex":0,"rotation":0,"texture":"#0"},"west":{"uv":[7.375,5.25,7.5625,5.375],"tintindex":0,"rotation":0,"texture":"#0"},"up":{"uv":[5.5,7.5625,5.375,7.375],"tintindex":0,"rotation":0,"texture":"#0"},"down":{"uv":[5.625,7.375,5.5,7.5625],"tintindex":0,"rotation":0,"texture":"#0"}}},{"from":[7.9961357,1.0209816,5.476431],"to":[9.052664,1.8478296,7.221999],"faces":{"east":{"uv":[4.375,7.375,4.5625,7.5],"tintindex":0,"rotation":0,"texture":"#0"},"south":{"uv":[7.75,2.875,7.875,3.0],"tintindex":0,"rotation":0,"texture":"#0"},"north":{"uv":[2.875,7.75,3.0,7.875],"tintindex":0,"rotation":0,"texture":"#0"},"west":{"uv":[4.625,7.375,4.8125,7.5],"tintindex":0,"rotation":0,"texture":"#0"},"up":{"uv":[5.0,7.5625,4.875,7.375],"tintindex":0,"rotation":0,"texture":"#0"},"down":{"uv":[5.125,7.375,5.0,7.5625],"tintindex":0,"rotation":0,"texture":"#0"}},"rotation":{"origin":[8.055159,3.0250578,8.13161],"angle":-22.5,"axis":"y"}},{"from":[6.9598303,1.1801851,6.4264793],"to":[9.509278,2.007033,9.205608],"faces":{"east":{"uv":[6.375,1.5,6.75,1.625],"tintindex":0,"rotation":0,"texture":"#0"},"south":{"uv":[6.625,5.75,6.9375,5.875],"tintindex":0,"rotation":0,"texture":"#0"},"north":{"uv":[6.625,5.625,6.9375,5.75],"tintindex":0,"rotation":0,"texture":"#0"},"west":{"uv":[6.375,1.625,6.75,1.75],"tintindex":0,"rotation":0,"texture":"#0"},"up":{"uv":[5.4375,3.75,5.125,3.375],"tintindex":0,"rotation":0,"texture":"#0"},"down":{"uv":[5.4375,4.25,5.125,4.625],"tintindex":0,"rotation":0,"texture":"#0"}}},{"from":[6.3392696,0.9061415,4.448332],"to":[7.395798,1.6181495,5.0455003],"faces":{"east":{"uv":[8.125,3.375,8.1875,3.4375],"tintindex":0,"rotation":0,"texture":"#0"},"south":{"uv":[8.0,2.625,8.125,2.6875],"tintindex":0,"rotation":0,"texture":"#0"},"north":{"uv":[8.0,2.5,8.125,2.5625],"tintindex":0,"rotation":0,"texture":"#0"},"west":{"uv":[3.5,8.125,3.5625,8.1875],"tintindex":0,"rotation":0,"texture":"#0"},"up":{"uv":[8.125,2.8125,8.0,2.75],"tintindex":0,"rotation":0,"texture":"#0"},"down":{"uv":[8.125,3.0,8.0,3.0625],"tintindex":0,"rotation":0,"texture":"#0"}},"rotation":{"origin":[8.206155,2.2342343,5.4742937],"angle":22.5,"axis":"y"}},{"from":[7.1895103,1.7420375,6.8868685],"to":[9.279598,2.5688856,8.632437],"faces":{"east":{"uv":[3.875,7.375,4.0625,7.5],"tintindex":0,"rotation":0,"texture":"#0"},"south":{"uv":[3.125,7.25,3.375,7.375],"tintindex":0,"rotation":0,"texture":"#0"},"north":{"uv":[7.25,3.0,7.5,3.125],"tintindex":0,"rotation":0,"texture":"#0"},"west":{"uv":[4.125,7.375,4.3125,7.5],"tintindex":0,"rotation":0,"texture":"#0"},"up":{"uv":[1.375,6.5625,1.125,6.375],"tintindex":0,"rotation":0,"texture":"#0"},"down":{"uv":[1.75,6.375,1.5,6.5625],"tintindex":0,"rotation":0,"texture":"#0"}},"rotation":{"origin":[8.055159,3.0250578,8.13161],"angle":-22.5,"axis":"x"}},{"from":[7.6759996,1.7359998,7.496],"to":[8.774,7.964,8.504001],"faces":{"east":{"uv":[3.625,5.5,3.75,6.25],"tintindex":0,"rotation":0,"texture":"#0"},"south":{"uv":[3.75,5.5,3.875,6.25],"tintindex":0,"rotation":0,"texture":"#0"},"north":{"uv":[1.25,5.5,1.375,6.25],"tintindex":0,"rotation":0,"texture":"#0"},"west":{"uv":[3.875,5.5,4.0,6.25],"tintindex":0,"rotation":0,"texture":"#0"},"up":{"uv":[2.875,7.875,2.75,7.75],"tintindex":0,"rotation":0,"texture":"#0"},"down":{"uv":[7.875,2.75,7.75,2.875],"tintindex":0,"rotation":0,"texture":"#0"}}},{"from":[7.9961357,0.9061415,4.4428706],"to":[9.052664,1.6181495,5.040039],"faces":{"east":{"uv":[8.125,2.75,8.1875,2.8125],"tintindex":0,"rotation":0,"texture":"#0"},"south":{"uv":[2.0,8.0,2.125,8.0625],"tintindex":0,"rotation":0,"texture":"#0"},"north":{"uv":[1.75,8.0,1.875,8.0625],"tintindex":0,"rotation":0,"texture":"#0"},"west":{"uv":[2.875,8.125,2.9375,8.1875],"tintindex":0,"rotation":0,"texture":"#0"},"up":{"uv":[8.125,2.1875,8.0,2.125],"tintindex":0,"rotation":0,"texture":"#0"},"down":{"uv":[2.375,8.0,2.25,8.0625],"tintindex":0,"rotation":0,"texture":"#0"}},"rotation":{"origin":[8.055159,3.0250578,8.13161],"angle":-22.5,"axis":"y"}},{"from":[7.9147058,1.0209816,3.9797037],"to":[8.511874,1.5033095,6.184632],"faces":{"east":{"uv":[3.5,7.75,3.75,7.8125],"tintindex":0,"rotation":0,"texture":"#0"},"south":{"uv":[3.125,8.125,3.1875,8.1875],"tintindex":0,"rotation":0,"texture":"#0"},"north":{"uv":[8.125,3.0,8.1875,3.0625],"tintindex":0,"rotation":0,"texture":"#0"},"west":{"uv":[7.75,3.5,8.0,3.5625],"tintindex":0,"rotation":0,"texture":"#0"},"up":{"uv":[7.8125,3.875,7.75,3.625],"tintindex":0,"rotation":0,"texture":"#0"},"down":{"uv":[3.8125,7.75,3.75,8.0],"tintindex":0,"rotation":0,"texture":"#0"}}},{"from":[6.5689497,1.0209816,3.988972],"to":[7.166118,1.5033095,6.1939],"faces":{"east":{"uv":[4.0,7.75,4.25,7.8125],"tintindex":0,"rotation":0,"texture":"#0"},"south":{"uv":[3.375,8.125,3.4375,8.1875],"tintindex":0,"rotation":0,"texture":"#0"},"north":{"uv":[8.125,3.25,8.1875,3.3125],"tintindex":0,"rotation":0,"texture":"#0"},"west":{"uv":[7.75,4.0,8.0,4.0625],"tintindex":0,"rotation":0,"texture":"#0"},"up":{"uv":[7.8125,4.375,7.75,4.125],"tintindex":0,"rotation":0,"texture":"#0"},"down":{"uv":[4.3125,7.75,4.25,8.0],"tintindex":0,"rotation":0,"texture":"#0"}},"rotation":{"origin":[8.206155,2.2342343,5.4742937],"angle":22.5,"axis":"y"}},{"from":[7.6850257,0.9061415,4.4390635],"to":[8.741554,1.6181495,5.036232],"faces":{"east":{"uv":[8.125,3.125,8.1875,3.1875],"tintindex":0,"rotation":0,"texture":"#0"},"south":{"uv":[2.375,8.0,2.5,8.0625],"tintindex":0,"rotation":0,"texture":"#0"},"north":{"uv":[8.0,2.25,8.125,2.3125],"tintindex":0,"rotation":0,"texture":"#0"},"west":{"uv":[3.25,8.125,3.3125,8.1875],"tintindex":0,"rotation":0,"texture":"#0"},"up":{"uv":[8.125,2.4375,8.0,2.375],"tintindex":0,"rotation":0,"texture":"#0"},"down":{"uv":[2.625,8.0,2.5,8.0625],"tintindex":0,"rotation":0,"texture":"#0"}}},{"from":[8.225815,1.0209816,3.9835107],"to":[8.822984,1.5033095,6.188439],"faces":{"east":{"uv":[3.0,7.75,3.25,7.8125],"tintindex":0,"rotation":0,"texture":"#0"},"south":{"uv":[3.0,8.125,3.0625,8.1875],"tintindex":0,"rotation":0,"texture":"#0"},"north":{"uv":[8.125,2.875,8.1875,2.9375],"tintindex":0,"rotation":0,"texture":"#0"},"west":{"uv":[7.75,3.0,8.0,3.0625],"tintindex":0,"rotation":0,"texture":"#0"},"up":{"uv":[7.8125,3.375,7.75,3.125],"tintindex":0,"rotation":0,"texture":"#0"},"down":{"uv":[3.3125,7.75,3.25,8.0],"tintindex":0,"rotation":0,"texture":"#0"}},"rotation":{"origin":[8.055159,3.0250578,8.13161],"angle":-22.5,"axis":"y"}},{"from":[6.3392696,1.0209816,5.4818916],"to":[7.395798,1.8478296,7.2274604],"faces":{"east":{"uv":[7.375,5.375,7.5625,5.5],"tintindex":0,"rotation":0,"texture":"#0"},"south":{"uv":[7.75,3.875,7.875,4.0],"tintindex":0,"rotation":0,"texture":"#0"},"north":{"uv":[3.875,7.75,4.0,7.875],"tintindex":0,"rotation":0,"texture":"#0"},"west":{"uv":[5.75,7.375,5.9375,7.5],"tintindex":0,"rotation":0,"texture":"#0"},"up":{"uv":[7.5,6.0625,7.375,5.875],"tintindex":0,"rotation":0,"texture":"#0"},"down":{"uv":[6.125,7.375,6.0,7.5625],"tintindex":0,"rotation":0,"texture":"#0"}},"rotation":{"origin":[8.206155,2.2342343,5.4742937],"angle":22.5,"axis":"y"}},{"from":[7.5024543,7.0386868,7.4791155],"to":[8.870455,8.406687,8.757116],"faces":{"east":{"uv":[6.875,4.75,7.0625,4.9375],"tintindex":0,"rotation":0,"texture":"#0"},"south":{"uv":[6.875,5.25,7.0625,5.4375],"tintindex":0,"rotation":0,"texture":"#0"},"north":{"uv":[6.875,4.25,7.0625,4.4375],"tintindex":0,"rotation":0,"texture":"#0"},"west":{"uv":[5.75,6.875,5.9375,7.0625],"tintindex":0,"rotation":0,"texture":"#0"},"up":{"uv":[7.0625,6.0625,6.875,5.875],"tintindex":0,"rotation":0,"texture":"#0"},"down":{"uv":[7.0625,6.375,6.875,6.5625],"tintindex":0,"rotation":0,