{"textures":{"0":"modelengine:entity/nocsy_skeleton_warrior"},"elements":[{"from":[7.735571,3.3200016,7.1984906],"to":[8.725571,8.720001,8.548491],"faces":{"east":{"uv":[0.0,4.875,0.1875,5.5625],"tintindex":0,"rotation":0,"texture":"#0"},"south":{"uv":[0.375,5.625,0.5,6.3125],"tintindex":0,"rotation":0,"texture":"#0"},"north":{"uv":[0.25,5.625,0.375,6.3125],"tintindex":0,"rotation":0,"texture":"#0"},"west":{"uv":[0.25,4.875,0.4375,5.5625],"tintindex":0,"rotation":0,"texture":"#0"},"up":{"uv":[2.625,7.6875,2.5,7.5],"tintindex":0,"rotation":0,"texture":"#0"},"down":{"uv":[7.625,2.5,7.5,2.6875],"tintindex":0,"rotation":0,"texture":"#0"}}},{"from":[8.193601,2.7816336,7.4314456],"to":[9.651601,4.2396355,8.799446],"faces":{"east":{"uv":[4.5,7.0,4.6875,7.1875],"tintindex":0,"rotation":0,"texture":"#0"},"south":{"uv":[7.0,4.5,7.1875,4.6875],"tintindex":0,"rotation":0,"texture":"#0"},"north":{"uv":[4.25,7.0,4.4375,7.1875],"tintindex":0,"rotation":0,"texture":"#0"},"west":{"uv":[4.75,7.0,4.9375,7.1875],"tintindex":0,"rotation":0,"texture":"#0"},"up":{"uv":[5.1875,7.1875,5.0,7.0],"tintindex":0,"rotation":0,"texture":"#0"},"down":{"uv":[7.1875,5.0,7.0,5.1875],"tintindex":0,"rotation":0,"texture":"#0"}},"rotation":{"origin":[7.870571,3.005001,7.8734903],"angle":45.0,"axis":"z"}}],"display":{"gui":{"rotation":[30,225,0]}}}