{"textures":{"0":"modelengine:entity/nocsy_skeleton_warrior"},"elements":[{"from":[5.3116665,9.855586,-0.6718253],"to":[6.9216666,13.365587,0.8381747],"faces":{"east":{"uv":[5.75,0.75,5.9375,1.1875],"tintindex":0,"rotation":0,"texture":"#0"},"south":{"uv":[1.5,5.75,1.6875,6.1875],"tintindex":0,"rotation":0,"texture":"#0"},"north":{"uv":[5.625,4.0,5.8125,4.4375],"tintindex":0,"rotation":0,"texture":"#0"},"west":{"uv":[1.75,5.75,1.9375,6.1875],"tintindex":0,"rotation":0,"texture":"#0"},"up":{"uv":[2.6875,7.1875,2.5,7.0],"tintindex":0,"rotation":0,"texture":"#0"},"down":{"uv":[7.1875,2.5,7.0,2.6875],"tintindex":0,"rotation":0,"texture":"#0"}},"rotation":{"origin":[6.116667,7.7105865,2.5831752],"angle":45.0,"axis":"x"}},{"from":[5.3116665,9.855586,12.028175],"to":[6.9216666,13.365587,13.538176],"faces":{"east":{"uv":[0.5,5.875,0.6875,6.3125],"tintindex":0,"rotation":0,"texture":"#0"},"south":{"uv":[0.75,5.875,0.9375,6.3125],"tintindex":0,"rotation":0,"texture":"#0"},"north":{"uv":[5.875,0.0,6.0625,0.4375],"tintindex":0,"rotation":0,"texture":"#0"},"west":{"uv":[1.0,5.875,1.1875,6.3125],"tintindex":0,"rotation":0,"texture":"#0"},"up":{"uv":[3.4375,7.1875,3.25,7.0],"tintindex":0,"rotation":0,"texture":"#0"},"down":{"uv":[7.1875,3.25,7.0,3.4375],"tintindex":0,"rotation":0,"texture":"#0"}},"rotation":{"origin":[6.116667,7.7105865,2.5831752],"angle":45.0,"axis":"x"}},{"from":[5.616667,2.9605865,3.3331752],"to":[6.616667,12.460587,12.833175],"faces":{"east":{"uv":[0.0,1.25,1.1875,2.4375],"tintindex":0,"rotation":0,"texture":"#0"},"south":{"uv":[4.5,4.5,4.625,5.6875],"tintindex":0,"rotation":0,"texture":"#0"},"north":{"uv":[1.0,4.125,1.125,5.3125],"tintindex":0,"rotation":0,"texture":"#0"},"west":{"uv":[1.25,1.25,2.4375,2.4375],"tintindex":0,"rotation":0,"texture":"#0"},"up":{"uv":[3.5,5.8125,3.375,4.625],"tintindex":0,"rotation":0,"texture":"#0"},"down":{"uv":[3.625,4.625,3.5,5.8125],"tintindex":0,"rotation":0,"texture":"#0"}}},{"from":[5.3066664,1.4305866,4.323175],"to":[6.9266667,2.9505866,11.843175],"faces":{"east":{"uv":[4.125,1.875,5.0625,2.0625],"tintindex":0,"rotation":0,"texture":"#0"},"south":{"uv":[7.0,3.75,7.1875,3.9375],"tintindex":0,"rotation":0,"texture":"#0"},"north":{"uv":[3.75,7.0,3.9375,7.1875],"tintindex":0,"rotation":0,"texture":"#0"},"west":{"uv":[3.625,4.25,4.5625,4.4375],"tintindex":0,"rotation":0,"texture":"#0"},"up":{"uv":[4.5625,1.8125,4.375,0.875],"tintindex":0,"rotation":0,"texture":"#0"},"down":{"uv":[1.5625,4.375,1.375,5.3125],"tintindex":0,"rotation":0,"texture":"#0"}}},{"from":[5.3116665,4.08107,9.118125],"to":[6.9216666,7.59107,10.628124],"faces":{"east":{"uv":[5.75,5.0,5.9375,5.4375],"tintindex":0,"rotation":0,"texture":"#0"},"south":{"uv":[5.25,5.75,5.4375,6.1875],"tintindex":0,"rotation":0,"texture":"#0"},"north":{"uv":[5.0,5.75,5.1875,6.1875],"tintindex":0,"rotation":0,"texture":"#0"},"west":{"uv":[5.75,5.5,5.9375,5.9375],"tintindex":0,"rotation":0,"texture":"#0"},"up":{"uv":[3.1875,7.1875,3.0,7.0],"tintindex":0,"rotation":0,"texture":"#0"},"down":{"uv":[7.1875,3.0,7.0,3.1875],"tintindex":0,"rotation":0,"texture":"#0"}},"rotation":{"origin":[6.116667,12.23607,3.573125],"angle":-45.0,"axis":"x"}},{"from":[5.3116665,4.08107,-3.4818754],"to":[6.9216666,7.59107,-1.9718753],"faces":{"east":{"uv":[5.75,3.375,5.9375,3.8125],"tintindex":0,"rotation":0,"texture":"#0"},"south":{"uv":[5.75,4.5,5.9375,4.9375],"tintindex":0,"rotation":0,"texture":"#0"},"north":{"uv":[2.0,5.75,2.1875,6.1875],"tintindex":0,"rotation":0,"texture":"#0"},"west":{"uv":[4.75,5.75,4.9375,6.1875],"tintindex":0,"rotation":0,"texture":"#0"},"up":{"uv":[2.9375,7.1875,2.75,7.0],"tintindex":0,"rotation":0,"texture":"#0"},"down":{"uv":[7.1875,2.75,7.0,2.9375],"tintindex":0,"rotation":0,"texture":"#0"}},"rotation":{"origin":[6.116667,12.23607,3.573125],"angle":-45.0,"axis":"x"}},{"from":[6.0066667,6.5755863,9.323175],"to":[8.626667,8.473587,9.691175],"faces":{"east":{"uv":[4.625,7.75,4.6875,8.0],"tintindex":0,"rotation":0,"texture":"#0"},"south":{"uv":[6.0,0.75,6.3125,1.0],"tintindex":0,"rotation":0,"texture":"#0"},"north":{"uv":[5.875,4.25,6.1875,4.5],"tintindex":0,"rotation":0,"texture":"#0"},"west":{"uv":[4.75,7.75,4.8125,8.0],"tintindex":0,"rotation":0,"texture":"#0"},"up":{"uv":[7.9375,0.1875,7.625,0.125],"tintindex":0,"rotation":0,"texture":"#0"},"down":{"uv":[7.9375,0.25,7.625,0.3125],"tintindex":0,"rotation":0,"texture":"#0"}}},{"from":[5.3066664,3.9505866,12.823174],"to":[6.9266667,11.470587,14.343175],"faces":{"east":{"uv":[0.75,4.125,0.9375,5.0625],"tintindex":0,"rotation":0,"texture":"#0"},"south":{"uv":[4.125,0.875,4.3125,1.8125],"tintindex":0,"rotation":0,"texture":"#0"},"north":{"uv":[0.5,4.125,0.6875,5.0625],"tintindex":0,"rotation":0,"texture":"#0"},"west":{"uv":[4.25,3.0,4.4375,3.9375],"tintindex":0,"rotation":0,"texture":"#0"},"up":{"uv":[3.6875,7.1875,3.5,7.0],"tintindex":0,"rotation":0,"texture":"#0"},"down":{"uv":[7.1875,3.5,7.0,3.6875],"tintindex":0,"rotation":0,"texture":"#0"}}},{"from":[5.3066664,3.9505866,1.8231752],"to":[6.9266667,11.470587,3.3431752],"faces":{"east":{"uv":[0.25,3.875,0.4375,4.8125],"tintindex":0,"rotation":0,"texture":"#0"},"south":{"uv":[2.625,4.0,2.8125,4.9375],"tintindex":0,"rotation":0,"texture":"#0"},"north":{"uv":[0.0,3.875,0.1875,4.8125],"tintindex":0,"rotation":0,"texture":"#0"},"west":{"uv":[2.875,4.0,3.0625,4.9375],"tintindex":0,"rotation":0,"texture":"#0"},"up":{"uv":[2.4375,7.1875,2.25,7.0],"tintindex":0,"rotation":0,"texture":"#0"},"down":{"uv":[7.1875,2.25,7.0,2.4375],"tintindex":0,"rotation":0,"texture":"#0"}}},{"from":[5.3066664,12.450586,4.323175],"to":[6.9266667,13.970586,11.843175],"faces":{"east":{"uv":[4.25,4.0,5.1875,4.1875],"tintindex":0,"rotation":0,"texture":"#0"},"south":{"uv":[7.0,4.0,7.1875,4.1875],"tintindex":0,"rotation":0,"texture":"#0"},"north":{"uv":[4.0,7.0,4.1875,7.1875],"tintindex":0,"rotation":0,"texture":"#0"},"west":{"uv":[4.375,0.0,5.3125,0.1875],"tintindex":0,"rotation":0,"texture":"#0"},"up":{"uv":[1.8125,5.3125,1.625,4.375],"tintindex":0,"rotation":0,"texture":"#0"},"down":{"uv":[2.0625,4.375,1.875,5.3125],"tintindex":0,"rotation":0,"texture":"#0"}}},{"from":[5.9066663,6.5755863,6.023175],"to":[8.626667,8.473587,6.3911753],"faces":{"east":{"uv":[4.5,7.75,4.5625,8.0],"tintindex":0,"rotation":0,"texture":"#0"},"south":{"uv":[4.25,5.875,4.5625,6.125],"tintindex":0,"rotation":0,"texture":"#0"},"north":{"uv":[5.875,4.0,6.1875,4.25],"tintindex":0,"rotation":0,"texture":"#0"},"west":{"uv":[7.75,4.5,7.8125,4.75],"tintindex":0,"rotation":0,"texture":"#0"},"up":{"uv":[7.8125,7.5625,7.5,7.5],"tintindex":0,"rotation":0,"texture":"#0"},"down":{"uv":[7.9375,0.0,7.625,0.0625],"tintindex":0,"rotation":0,"texture":"#0"}}},{"from":[8.106667,6.5755863,6.323175],"to":[8.626667,8.473587,9.391175],"faces":{"east":{"uv":[3.25,2.25,3.625,2.5],"tintindex":0,"rotation":0,"texture":"#0"},"south":{"uv":[4.875,7.75,4.9375,8.0],"tintindex":0,"rotation":0,"texture":"#0"},"north":{"uv":[7.75,4.75,7.8125,5.0],"tintindex":0,"rotation":0,"texture":"#0"},"west":{"uv":[5.25,4.0,5.625,4.25],"tintindex":0,"rotation":0,"texture":"#0"},"up":{"uv":[2.3125,7.875,2.25,7.5],"tintindex":0,"rotation":0,"texture":"#0"},"down":{"uv":[2.4375,7.5,2.375,7.875],"tintindex":0,"rotation":0,"texture":"#0"}}}],"display":{"gui":{"rotation":[30,225,0]}}}