{"textures":{"0":"modelengine:entity/onidung"},"elements":[{"from":[1.9682598,0.6616497,-2.7893105],"to":[1.9682598,6.6616497,6.2106895],"faces":{"east":{"uv":[0.0,15.5,0.75,16.0],"tintindex":0,"rotation":0,"texture":"#0"},"south":{"uv":[3.625,12.75,4.25,13.875],"tintindex":0,"rotation":0,"texture":"#0"},"north":{"uv":[3.25,10.25,3.875,11.375],"tintindex":0,"rotation":0,"texture":"#0"},"west":{"uv":[0.0,15.5,0.75,16.0],"tintindex":0,"rotation":0,"texture":"#0"},"up":{"uv":[14.25,12.875,13.625,12.125],"tintindex":0,"rotation":0,"texture":"#0"},"down":{"uv":[14.25,12.875,13.625,13.625],"tintindex":0,"rotation":0,"texture":"#0"}},"rotation":{"origin":[1.9682598,5.9116497,1.71069],"angle":45.0,"axis":"z"}},{"from":[5.68058,-5.300661,-2.7893105],"to":[13.18058,8.199339,6.2106895],"faces":{"east":{"uv":[4.25,12.5,5.0,13.625],"tintindex":0,"rotation":0,"texture":"#0"},"south":{"uv":[3.625,12.75,4.25,13.875],"tintindex":0,"rotation":0,"texture":"#0"},"north":{"uv":[3.25,10.25,3.875,11.375],"tintindex":0,"rotation":0,"texture":"#0"},"west":{"uv":[5.0,12.5,5.75,13.625],"tintindex":0,"rotation":0,"texture":"#0"},"up":{"uv":[14.25,12.875,13.625,12.125],"tintindex":0,"rotation":0,"texture":"#0"},"down":{"uv":[14.25,12.875,13.625,13.625],"tintindex":0,"rotation":0,"texture":"#0"}}},{"from":[16.89183,0.6627197,-2.7893105],"to":[16.89183,6.6627197,6.2106895],"faces":{"east":{"uv":[0.0,15.5,0.75,16.0],"tintindex":0,"rotation":0,"texture":"#0"},"south":{"uv":[3.25,10.25,3.875,11.375],"tintindex":0,"rotation":0,"texture":"#0"},"north":{"uv":[3.625,12.75,4.25,13.875],"tintindex":0,"rotation":0,"texture":"#0"},"west":{"uv":[0.0,15.5,0.75,16.0],"tintindex":0,"rotation":0,"texture":"#0"},"up":{"uv":[14.25,12.875,13.625,12.125],"tintindex":0,"rotation":180,"texture":"#0"},"down":{"uv":[14.25,12.875,13.625,13.625],"tintindex":0,"rotation":180,"texture":"#0"}},"rotation":{"origin":[16.89183,5.9127197,1.71069],"angle":-45.0,"axis":"z"}},{"from":[5.68058,0.6616497,9.923],"to":[14.68058,6.6616497,9.923],"faces":{"east":{"uv":[3.625,12.75,4.25,13.875],"tintindex":0,"rotation":0,"texture":"#0"},"south":{"uv":[0.0,15.5,0.75,16.0],"tintindex":0,"rotation":0,"texture":"#0"},"north":{"uv":[0.0,15.5,0.75,16.0],"tintindex":0,"rotation":0,"texture":"#0"},"west":{"uv":[3.25,10.25,3.875,11.375],"tintindex":0,"rotation":0,"texture":"#0"},"up":{"uv":[14.25,12.875,13.625,12.125],"tintindex":0,"rotation":270,"texture":"#0"},"down":{"uv":[14.25,12.875,13.625,13.625],"tintindex":0,"rotation":90,"texture":"#0"}},"rotation":{"origin":[10.18058,5.9116497,9.923],"angle":45.0,"axis":"x"}},{"from":[5.68058,0.6616497,-6.5016203],"to":[14.68058,6.6616497,-6.5016203],"faces":{"east":{"uv":[3.25,10.25,3.875,11.375],"tintindex":0,"rotation":0,"texture":"#0"},"south":{"uv":[0.0,15.5,0.75,16.0],"tintindex":0,"rotation":0,"texture":"#0"},"north":{"uv":[0.0,15.5,0.75,16.0],"tintindex":0,"rotation":0,"texture":"#0"},"west":{"uv":[3.625,12.75,4.25,13.875],"tintindex":0,"rotation":0,"texture":"#0"},"up":{"uv":[14.25,12.875,13.625,12.125],"tintindex":0,"rotation":90,"texture":"#0"},"down":{"uv":[14.25,12.875,13.625,13.625],"tintindex":0,"rotation":270,"texture":"#0"}},"rotation":{"origin":[10.18058,5.9116497,-6.5016203],"angle":-45.0,"axis":"x"}}],"display":{"gui":{"rotation":[30,225,0]}}}