{"textures":{"0":"modelengine:entity/onidung"},"elements":[{"from":[3.00002,-3.4972506,5.7419004],"to":[10.50002,1.0027494,13.2418995],"faces":{"east":{"uv":[14.75,8.75,14.125,9.125],"tintindex":0,"rotation":0,"texture":"#0"},"south":{"uv":[9.125,14.125,8.5,14.5],"tintindex":0,"rotation":0,"texture":"#0"},"north":{"uv":[8.5,14.125,7.875,14.5],"tintindex":0,"rotation":0,"texture":"#0"},"west":{"uv":[14.75,8.375,14.125,8.75],"tintindex":0,"rotation":0,"texture":"#0"},"up":{"uv":[13.625,14.25,14.25,13.625],"tintindex":0,"rotation":0,"texture":"#0"},"down":{"uv":[0.0,13.75,0.625,14.375],"tintindex":0,"rotation":0,"texture":"#0"}}},{"from":[1.50002,1.0027494,5.7419004],"to":[10.50002,8.502749,14.7418995],"faces":{"east":{"uv":[10.875,13.625,10.125,14.25],"tintindex":0,"rotation":0,"texture":"#0"},"south":{"uv":[9.875,13.625,9.125,14.25],"tintindex":0,"rotation":0,"texture":"#0"},"north":{"uv":[8.75,6.875,8.0,7.5],"tintindex":0,"rotation":0,"texture":"#0"},"west":{"uv":[14.375,4.375,13.625,5.0],"tintindex":0,"rotation":0,"texture":"#0"},"up":{"uv":[13.375,9.125,14.125,8.375],"tintindex":0,"rotation":0,"texture":"#0"},"down":{"uv":[13.375,9.125,14.125,9.875],"tintindex":0,"rotation":0,"texture":"#0"}}}],"display":{"gui":{"rotation":[30,225,0]}}}