{"textures":{"0":"modelengine:entity/onidung"},"elements":[{"from":[5.80558,-4.6972,6.44113],"to":[13.30558,2.8028002,18.44113],"faces":{"east":{"uv":[13.25,10.25,14.25,10.875],"tintindex":0,"rotation":0,"texture":"#0"},"south":{"uv":[13.75,5.625,14.375,6.25],"tintindex":0,"rotation":0,"texture":"#0"},"north":{"uv":[2.75,13.75,3.375,14.375],"tintindex":0,"rotation":0,"texture":"#0"},"west":{"uv":[13.375,0.0,14.375,0.625],"tintindex":0,"rotation":0,"texture":"#0"},"up":{"uv":[14.0,1.625,13.375,0.625],"tintindex":0,"rotation":0,"texture":"#0"},"down":{"uv":[6.375,13.375,5.75,14.375],"tintindex":0,"rotation":0,"texture":"#0"}}},{"from":[4.30558,2.8028002,4.9411297],"to":[13.30558,8.8028,18.44113],"faces":{"east":{"uv":[12.625,1.75,13.75,2.25],"tintindex":0,"rotation":0,"texture":"#0"},"south":{"uv":[13.75,7.875,14.5,8.375],"tintindex":0,"rotation":0,"texture":"#0"},"north":{"uv":[10.125,3.625,10.875,4.125],"tintindex":0,"rotation":0,"texture":"#0"},"west":{"uv":[13.125,6.625,14.25,7.125],"tintindex":0,"rotation":0,"texture":"#0"},"up":{"uv":[7.625,13.625,6.875,12.5],"tintindex":0,"rotation":0,"texture":"#0"},"down":{"uv":[10.875,12.5,10.125,13.625],"tintindex":0,"rotation":0,"texture":"#0"}}},{"from":[2.8055801,-0.19719982,7.9411297],"to":[5.80558,4.3028,15.44113],"faces":{"east":{"uv":[3.375,14.25,4.0,14.625],"tintindex":0,"rotation":0,"texture":"#0"},"south":{"uv":[14.25,10.625,14.5,11.0],"tintindex":0,"rotation":0,"texture":"#0"},"north":{"uv":[10.625,14.25,10.875,14.625],"tintindex":0,"rotation":0,"texture":"#0"},"west":{"uv":[14.25,3.5,14.875,3.875],"tintindex":0,"rotation":0,"texture":"#0"},"up":{"uv":[2.75,8.625,2.5,8.0],"tintindex":0,"rotation":0,"texture":"#0"},"down":{"uv":[1.375,8.625,1.125,9.25],"tintindex":0,"rotation":0,"texture":"#0"}}}],"display":{"gui":{"rotation":[30,225,0]}}}