{"textures":{"0":"modelengine:entity/onidung"},"elements":[{"from":[5.00143,-2.4351292,0.49145937],"to":[14.00143,11.064871,15.49146],"faces":{"east":{"uv":[12.125,3.625,10.875,4.75],"tintindex":0,"rotation":0,"texture":"#0"},"south":{"uv":[12.875,12.375,12.125,13.5],"tintindex":0,"rotation":0,"texture":"#0"},"north":{"uv":[12.125,12.375,11.375,13.5],"tintindex":0,"rotation":0,"texture":"#0"},"west":{"uv":[12.125,0.0,10.875,1.125],"tintindex":0,"rotation":0,"texture":"#0"},"up":{"uv":[12.125,4.625,12.875,3.375],"tintindex":0,"rotation":0,"texture":"#0"},"down":{"uv":[12.125,4.625,12.875,5.875],"tintindex":0,"rotation":0,"texture":"#0"}}},{"from":[6.50143,-5.7808294,-7.3995104],"to":[12.50143,1.7191706,0.10049009],"faces":{"east":{"uv":[2.75,13.75,2.125,14.375],"tintindex":0,"rotation":0,"texture":"#0"},"south":{"uv":[14.375,11.5,13.875,12.125],"tintindex":0,"rotation":0,"texture":"#0"},"north":{"uv":[11.375,12.5,10.875,13.125],"tintindex":0,"rotation":0,"texture":"#0"},"west":{"uv":[14.375,1.625,13.75,2.25],"tintindex":0,"rotation":0,"texture":"#0"},"up":{"uv":[12.75,14.5,13.25,13.875],"tintindex":0,"rotation":0,"texture":"#0"},"down":{"uv":[0.625,14.0,1.125,14.625],"tintindex":0,"rotation":0,"texture":"#0"}},"rotation":{"origin":[-10.0,9.167261,1.5606599],"angle":-45.0,"axis":"x"}}],"display":{"gui":{"rotation":[30,225,0]}}}