{"textures":{"0":"modelengine:entity/snow_boar"},"elements":[{"from":[4.7175198,-4.3081474,6.731885],"to":[6.35876,-2.6669083,10.014365],"faces":{"east":{"uv":[9.265,2.515,9.735,2.735],"tintindex":0,"rotation":0,"texture":"#0"},"south":{"uv":[8.515,10.265,8.735,10.485],"tintindex":0,"rotation":0,"texture":"#0"},"north":{"uv":[5.015,8.515,5.235,8.735],"tintindex":0,"rotation":0,"texture":"#0"},"west":{"uv":[12.015,9.515,12.485,9.735],"tintindex":0,"rotation":0,"texture":"#0"},"up":{"uv":[3.485,4.485,3.265,4.015],"tintindex":0,"rotation":0,"texture":"#0"},"down":{"uv":[2.735,7.015,2.515,7.485],"tintindex":0,"rotation":0,"texture":"#0"}},"rotation":{"origin":[8.0,5.804634,20.00635],"angle":45.0,"axis":"x"}},{"from":[5.5381403,5.1887302,4.439026],"to":[10.46186,8.4712105,7.721506],"faces":{"east":{"uv":[0.765,11.265,1.235,11.735],"tintindex":0,"rotation":0,"texture":"#0"},"south":{"uv":[9.015,10.015,9.735,10.485],"tintindex":0,"rotation":0,"texture":"#0"},"north":{"uv":[10.015,8.265,10.735,8.735],"tintindex":0,"rotation":0,"texture":"#0"},"west":{"uv":[11.265,0.765,11.735,1.235],"tintindex":0,"rotation":0,"texture":"#0"},"up":{"uv":[10.735,9.485,10.015,9.015],"tintindex":0,"rotation":0,"texture":"#0"},"down":{"uv":[10.735,9.765,10.015,10.235],"tintindex":0,"rotation":0,"texture":"#0"}}},{"from":[9.64124,-4.3081474,6.731885],"to":[11.28248,-2.6669083,10.014365],"faces":{"east":{"uv":[9.515,12.265,9.985,12.485],"tintindex":0,"rotation":0,"texture":"#0"},"south":{"uv":[8.015,11.265,8.235,11.485],"tintindex":0,"rotation":0,"texture":"#0"},"north":{"uv":[11.015,10.015,11.235,10.235],"tintindex":0,"rotation":0,"texture":"#0"},"west":{"uv":[12.265,10.015,12.735,10.235],"tintindex":0,"rotation":0,"texture":"#0"},"up":{"uv":[5.235,8.235,5.015,7.765],"tintindex":0,"rotation":0,"texture":"#0"},"down":{"uv":[2.235,8.515,2.015,8.985],"tintindex":0,"rotation":0,"texture":"#0"}},"rotation":{"origin":[8.0,5.804634,20.00635],"angle":45.0,"axis":"x"}}],"display":{"gui":{"rotation":[30,225,0]}}}