{"textures":{"0":"modelengine:entity/snow_boar"},"elements":[{"from":[6.35876,5.27997,5.1864376],"to":[9.64124,10.203691,8.468918],"faces":{"east":{"uv":[2.485,10.515,2.015,11.235],"tintindex":0,"rotation":0,"texture":"#0"},"south":{"uv":[8.235,10.265,7.765,10.985],"tintindex":0,"rotation":0,"texture":"#0"},"north":{"uv":[10.735,6.265,10.265,6.985],"tintindex":0,"rotation":0,"texture":"#0"},"west":{"uv":[7.485,10.265,7.015,10.985],"tintindex":0,"rotation":0,"texture":"#0"},"up":{"uv":[11.265,4.485,11.735,4.015],"tintindex":0,"rotation":0,"texture":"#0"},"down":{"uv":[11.265,4.765,11.735,5.235],"tintindex":0,"rotation":0,"texture":"#0"}},"rotation":{"origin":[3.48659,11.045513,10.863494],"angle":-22.5,"axis":"x"}}],"display":{"gui":{"rotation":[30,225,0]}}}