{"textures":{"0":"modelengine:entity/snow_boar"},"elements":[{"from":[8.459547,0.8961067,6.2822328],"to":[8.459547,8.281687,12.847193],"faces":{"east":{"uv":[4.735,7.765,3.765,8.875],"tintindex":0,"rotation":0,"texture":"#0"},"west":{"uv":[3.765,7.765,4.735,8.875],"tintindex":0,"rotation":0,"texture":"#0"}},"rotation":{"origin":[3.3717031,5.467202,8.7222185],"angle":45.0,"axis":"x"}},{"from":[5.423253,0.80787945,4.0516434],"to":[10.346973,9.014079,10.616603],"faces":{"east":{"uv":[7.735,1.515,6.765,2.735],"tintindex":0,"rotation":0,"texture":"#0"},"south":{"uv":[8.735,7.515,8.015,8.735],"tintindex":0,"rotation":0,"texture":"#0"},"north":{"uv":[8.735,3.015,8.015,4.235],"tintindex":0,"rotation":0,"texture":"#0"},"west":{"uv":[0.985,6.765,0.015,7.985],"tintindex":0,"rotation":0,"texture":"#0"},"up":{"uv":[7.015,9.985,7.735,9.015],"tintindex":0,"rotation":0,"texture":"#0"},"down":{"uv":[9.015,7.515,9.735,8.485],"tintindex":0,"rotation":0,"texture":"#0"}},"rotation":{"origin":[3.3717031,5.467202,8.7222185],"angle":22.5,"axis":"x"}}],"display":{"gui":{"rotation":[30,225,0]}}}