{"textures":{"0":"modelengine:entity/snow_boar"},"elements":[{"from":[8.0,12.436085,1.6984501],"to":[8.0,16.539185,8.263411],"faces":{"east":{"uv":[10.015,2.515,10.985,3.125],"tintindex":0,"rotation":0,"texture":"#0"},"west":{"uv":[10.015,3.515,10.985,4.125],"tintindex":0,"rotation":0,"texture":"#0"}}},{"from":[3.07628,2.5886445,-3.2252703],"to":[12.923719,12.436085,8.263411],"faces":{"east":{"uv":[0.015,0.015,1.735,1.485],"tintindex":0,"rotation":0,"texture":"#0"},"south":{"uv":[3.765,0.015,5.235,1.485],"tintindex":0,"rotation":0,"texture":"#0"},"north":{"uv":[0.015,3.515,1.485,4.985],"tintindex":0,"rotation":0,"texture":"#0"},"west":{"uv":[0.015,1.765,1.735,3.235],"tintindex":0,"rotation":0,"texture":"#0"},"up":{"uv":[3.485,1.735,2.015,0.015],"tintindex":0,"rotation":0,"texture":"#0"},"down":{"uv":[3.485,2.015,2.015,3.735],"tintindex":0,"rotation":0,"texture":"#0"}}}],"display":{"gui":{"rotation":[30,225,0]}}}