{"textures":{"0":"modelengine:entity/orc_king"},"elements":[{"from":[5.485521,2.8086348,5.125634],"to":[10.485521,8.808635,11.125634],"faces":{"east":{"uv":[7.1895,9.0645,7.5605,9.4355],"tintindex":0,"rotation":0,"texture":"#0"},"south":{"uv":[9.4395,0.377,9.748,0.748],"tintindex":0,"rotation":0,"texture":"#0"},"north":{"uv":[8.627,9.377,8.9355,9.748],"tintindex":0,"rotation":0,"texture":"#0"},"west":{"uv":[9.127,1.1895,9.498,1.5605],"tintindex":0,"rotation":0,"texture":"#0"},"up":{"uv":[9.748,3.123,9.4395,2.752],"tintindex":0,"rotation":0,"texture":"#0"},"down":{"uv":[9.748,3.1895,9.4395,3.5605],"tintindex":0,"rotation":0,"texture":"#0"}}}],"display":{"gui":{"rotation":[30,225,0]}}}