{"textures":{"0":"modelengine:entity/orc_king"},"elements":[{"from":[4.5115833,17.49256,-8.386265],"to":[11.511583,25.49256,-2.3862638],"faces":{"east":{"uv":[4.248,8.377,3.877,8.873],"tintindex":0,"rotation":0,"texture":"#0"},"south":{"uv":[7.748,3.127,7.3145,3.623],"tintindex":0,"rotation":0,"texture":"#0"},"north":{"uv":[6.9355,7.252,6.502,7.748],"tintindex":0,"rotation":0,"texture":"#0"},"west":{"uv":[8.6855,6.377,8.3145,6.873],"tintindex":0,"rotation":0,"texture":"#0"},"up":{"uv":[1.502,8.998,1.9355,8.627],"tintindex":0,"rotation":0,"texture":"#0"},"down":{"uv":[6.752,8.627,7.1855,8.998],"tintindex":0,"rotation":0,"texture":"#0"}},"rotation":{"origin":[0.011583328,32.3656,21.448677],"angle":-45.0,"axis":"x"}}],"display":{"gui":{"rotation":[30,225,0]}}}