{"textures":{"0":"modelengine:entity/orc_king"},"elements":[{"from":[7.249876,12.419985,-5.759611],"to":[9.249876,16.419985,-3.7596111],"faces":{"east":{"uv":[7.873,11.127,7.752,11.373],"tintindex":0,"rotation":0,"texture":"#0"},"south":{"uv":[4.123,11.127,4.002,11.373],"tintindex":0,"rotation":0,"texture":"#0"},"north":{"uv":[3.498,11.127,3.377,11.373],"tintindex":0,"rotation":0,"texture":"#0"},"west":{"uv":[3.9355,11.127,3.8145,11.373],"tintindex":0,"rotation":0,"texture":"#0"},"up":{"uv":[11.4395,10.873,11.5605,10.752],"tintindex":0,"rotation":0,"texture":"#0"},"down":{"uv":[11.4395,10.9395,11.5605,11.0605],"tintindex":0,"rotation":0,"texture":"#0"}},"rotation":{"origin":[-2.021428,26.221415,20.562153],"angle":-22.5,"axis":"x"}},{"from":[-4.7268715,0.6093321,4.0297766],"to":[-0.7268715,2.609332,6.0297766],"faces":{"east":{"uv":[11.5605,10.5645,11.4395,10.6855],"tintindex":0,"rotation":0,"texture":"#0"},"south":{"uv":[11.3105,8.6895,11.0645,8.8105],"tintindex":0,"rotation":0,"texture":"#0"},"north":{"uv":[11.3105,4.8145,11.0645,4.9355],"tintindex":0,"rotation":0,"texture":"#0"},"west":{"uv":[11.5605,10.377,11.4395,10.498],"tintindex":0,"rotation":0,"texture":"#0"},"up":{"uv":[0.8145,11.248,1.0605,11.127],"tintindex":0,"rotation":0,"texture":"#0"},"down":{"uv":[11.127,2.377,11.373,2.498],"tintindex":0,"rotation":0,"texture":"#0"}},"rotation":{"origin":[-2.021428,26.221415,20.562153],"angle":45.0,"axis":"z"}},{"from":[1.5499458,0.6821203,3.5297766],"to":[5.549946,3.6821203,6.5297766],"faces":{"east":{"uv":[3.0605,11.0645,2.877,11.248],"tintindex":0,"rotation":0,"texture":"#0"},"south":{"uv":[0.748,10.877,0.502,11.0605],"tintindex":0,"rotation":0,"texture":"#0"},"north":{"uv":[11.0605,8.9395,10.8145,9.123],"tintindex":0,"rotation":0,"texture":"#0"},"west":{"uv":[11.248,2.627,11.0645,2.8105],"tintindex":0,"rotation":0,"texture":"#0"},"up":{"uv":[10.877,0.748,11.123,0.5645],"tintindex":0,"rotation":0,"texture":"#0"},"down":{"uv":[0.8145,10.877,1.0605,11.0605],"tintindex":0,"rotation":0,"texture":"#0"}},"rotation":{"origin":[-2.021428,26.221415,20.562153],"angle":22.5,"axis":"z"}},{"from":[4.478572,-2.5805855,11.564514],"to":[11.478572,6.4194145,17.564514],"faces":{"east":{"uv":[3.8105,7.877,3.4395,8.4355],"tintindex":0,"rotation":0,"texture":"#0"},"south":{"uv":[7.248,4.502,6.8145,5.0605],"tintindex":0,"rotation":0,"texture":"#0"},"north":{"uv":[0.4355,6.752,0.002,7.3105],"tintindex":0,"rotation":0,"texture":"#0"},"west":{"uv":[6.748,7.8145,6.377,8.373],"tintindex":0,"rotation":0,"texture":"#0"},"up":{"uv":[7.252,8.998,7.6855,8.627],"tintindex":0,"rotation":0,"texture":"#0"},"down":{"uv":[8.6895,4.1895,9.123,4.5605],"tintindex":0,"rotation":0,"texture":"#0"}},"rotation":{"origin":[-2.021428,26.221415,20.562153],"angle":22.5,"axis":"x"}},{"from":[7.749876,7.166155,0.8754473],"to":[8.749876,10.166155,1.8754473],"faces":{"east":{"uv":[4.998,11.5645,4.9395,11.748],"tintindex":0,"rotation":0,"texture":"#0"},"south":{"uv":[4.873,11.5645,4.8145,11.748],"tintindex":0,"rotation":0,"texture":"#0"},"north":{"uv":[4.4355,11.5645,4.377,11.748],"tintindex":0,"rotation":0,"texture":"#0"},"west":{"uv":[4.748,11.5645,4.6895,11.748],"tintindex":0,"rotation":0,"texture":"#0"},"up":{"uv":[9.502,11.6855,9.5605,11.627],"tintindex":0,"rotation":0,"texture":"#0"},"down":{"uv":[11.627,9.502,11.6855,9.5605],"tintindex":0,"rotation":0,"texture":"#0"}}},{"from":[7.249876,16.274015,-1.998435],"to":[9.249876,20.274015,0.0015649796],"faces":{"east":{"uv":[7.873,11.127,7.752,11.373],"tintindex":0,"rotation":0,"texture":"#0"},"south":{"uv":[4.123,11.127,4.002,11.373],"tintindex":0,"rotation":0,"texture":"#0"},"north":{"uv":[3.498,11.127,3.377,11.373],"tintindex":0,"rotation":0,"texture":"#0"},"west":{"uv":[3.9355,11.127,3.8145,11.373],"tintindex":0,"rotation":0,"texture":"#0"},"up":{"uv":[11.4395,10.873,11.5605,10.752],"tintindex":0,"rotation":0,"texture":"#0"},"down":{"uv":[11.4395,10.9395,11.5605,11.0605],"tintindex":0,"rotation":0,"texture":"#0"}},"rotation":{"origin":[-2.021428,26.221415,20.562153],"angle":-22.5,"axis":"x"}},{"from":[1.4785719,-4.5805855,12.564514],"to":[10.478572,5.4194145,19.564514],"faces":{"east":{"uv":[0.998,6.6895,0.5645,7.3105],"tintindex":0,"rotation":0,"texture":"#0"},"south":{"uv":[5.0605,5.6895,4.502,6.3105],"tintindex":0,"rotation":0,"texture":"#0"},"north":{"uv":[6.1855,5.3145,5.627,5.9355],"tintindex":0,"rotation":0,"texture":"#0"},"west":{"uv":[7.0605,0.752,6.627,1.373],"tintindex":0,"rotation":0,"texture":"#0"},"up":{"uv":[6.752,6.3105,7.3105,5.877],"tintindex":0,"rotation":0,"texture":"#0"},"down":{"uv":[6.8145,1.4395,7.373,1.873],"tintindex":0,"rotation":0,"texture":"#0"}},"rotation":{"origin":[-2.021428,26.221415,20.562153],"angle":22.5,"axis":"x"}},{"from":[7.749876,12.166155,2.8754473],"to":[8.749876,15.166155,3.8754473],"faces":{"east":{"uv":[4.998,11.5645,4.9395,11.748],"tintindex":0,"rotation":0,"texture":"#0"},"south":{"uv":[4.873,11.5645,4.8145,11.748],"tintindex":0,"rotation":0,"texture":"#0"},"north":{"uv":[4.4355,11.5645,4.377,11.748],"tintindex":0,"rotation":0,"texture":"#0"},"west":{"uv":[4.748,11.5645,4.6895,11.748],"tintindex":0,"rotation":0,"texture":"#0"},"up":{"uv":[9.502,11.6855,9.5605,11.627],"tintindex":0,"rotation":0,"texture":"#0"},"down":{"uv":[11.627,9.502,11.6855,9.5605],"tintindex":0,"rotation":0,"texture":"#0"}}}],"display":{"gui":{"rotation":[30,225,0]}}}