{"textures":{"0":"modelengine:entity/orc_king"},"elements":[{"from":[9.267286,4.670833,0.71721077],"to":[13.267287,9.670834,5.717211],"faces":{"east":{"uv":[3.752,9.8145,4.0605,10.123],"tintindex":0,"rotation":0,"texture":"#0"},"south":{"uv":[10.1895,2.5645,10.4355,2.873],"tintindex":0,"rotation":0,"texture":"#0"},"north":{"uv":[10.1895,2.1895,10.4355,2.498],"tintindex":0,"rotation":0,"texture":"#0"},"west":{"uv":[4.752,9.8145,5.0605,10.123],"tintindex":0,"rotation":0,"texture":"#0"},"up":{"uv":[10.4355,3.248,10.1895,2.9395],"tintindex":0,"rotation":0,"texture":"#0"},"down":{"uv":[10.4355,3.3145,10.1895,3.623],"tintindex":0,"rotation":0,"texture":"#0"}},"rotation":{"origin":[15.980694,41.893986,18.864367],"angle":22.5,"axis":"y"}},{"from":[4.4806943,4.645833,4.9476957],"to":[11.480694,8.670834,11.947696],"faces":{"east":{"uv":[9.502,6.627,9.9355,6.873],"tintindex":0,"rotation":0,"texture":"#0"},"south":{"uv":[6.9395,9.502,7.373,9.748],"tintindex":0,"rotation":0,"texture":"#0"},"north":{"uv":[9.502,0.002,9.9355,0.248],"tintindex":0,"rotation":0,"texture":"#0"},"west":{"uv":[9.502,6.9395,9.9355,7.1855],"tintindex":0,"rotation":0,"texture":"#0"},"up":{"uv":[7.748,8.5605,7.3145,8.127],"tintindex":0,"rotation":0,"texture":"#0"},"down":{"uv":[8.623,4.252,8.1895,4.6855],"tintindex":0,"rotation":0,"texture":"#0"}}},{"from":[4.0146194,4.670833,6.9364767],"to":[8.01462,9.670834,11.936477],"faces":{"east":{"uv":[5.0605,9.8145,4.752,10.123],"tintindex":0,"rotation":0,"texture":"#0"},"south":{"uv":[10.4355,2.5645,10.1895,2.873],"tintindex":0,"rotation":0,"texture":"#0"},"north":{"uv":[10.4355,2.1895,10.1895,2.498],"tintindex":0,"rotation":0,"texture":"#0"},"west":{"uv":[4.0605,9.8145,3.752,10.123],"tintindex":0,"rotation":0,"texture":"#0"},"up":{"uv":[10.1895,3.248,10.4355,2.9395],"tintindex":0,"rotation":0,"texture":"#0"},"down":{"uv":[10.1895,3.3145,10.4355,3.623],"tintindex":0,"rotation":0,"texture":"#0"}},"rotation":{"origin":[15.980694,41.893986,18.864367],"angle":-22.5,"axis":"y"}}],"display":{"gui":{"rotation":[30,225,0]}}}