{"textures":{"0":"modelengine:entity/orc_king"},"elements":[{"from":[-0.08370876,0.8382654,8.181984],"to":[3.9162912,3.8382654,11.181984],"faces":{"east":{"uv":[3.0605,11.0645,2.877,11.248],"tintindex":0,"rotation":0,"texture":"#0"},"south":{"uv":[0.748,10.877,0.502,11.0605],"tintindex":0,"rotation":0,"texture":"#0"},"north":{"uv":[11.0605,8.9395,10.8145,9.123],"tintindex":0,"rotation":0,"texture":"#0"},"west":{"uv":[11.248,2.627,11.0645,2.8105],"tintindex":0,"rotation":0,"texture":"#0"},"up":{"uv":[10.877,0.748,11.123,0.5645],"tintindex":0,"rotation":0,"texture":"#0"},"down":{"uv":[0.8145,10.877,1.0605,11.0605],"tintindex":0,"rotation":0,"texture":"#0"}},"rotation":{"origin":[-3.8135958,28.608002,39.714363],"angle":22.5,"axis":"z"}},{"from":[4.686404,14.645435,0.95393753],"to":[10.686404,23.645435,6.9539366],"faces":{"east":{"uv":[6.3105,7.8145,5.9395,8.373],"tintindex":0,"rotation":0,"texture":"#0"},"south":{"uv":[5.873,7.8145,5.502,8.373],"tintindex":0,"rotation":0,"texture":"#0"},"north":{"uv":[8.1855,3.002,7.8145,3.5605],"tintindex":0,"rotation":0,"texture":"#0"},"west":{"uv":[8.1855,5.377,7.8145,5.9355],"tintindex":0,"rotation":0,"texture":"#0"},"up":{"uv":[9.1895,4.5605,9.5605,4.1895],"tintindex":0,"rotation":0,"texture":"#0"},"down":{"uv":[4.3145,9.1895,4.6855,9.5605],"tintindex":0,"rotation":0,"texture":"#0"}},"rotation":{"origin":[-3.8135958,28.608002,39.714363],"angle":-22.5,"axis":"x"}},{"from":[-7.2261457,0.87459946,8.681984],"to":[-3.2261457,2.8745995,10.681984],"faces":{"east":{"uv":[11.5605,10.5645,11.4395,10.6855],"tintindex":0,"rotation":0,"texture":"#0"},"south":{"uv":[11.3105,8.6895,11.0645,8.8105],"tintindex":0,"rotation":0,"texture":"#0"},"north":{"uv":[11.3105,4.8145,11.0645,4.9355],"tintindex":0,"rotation":0,"texture":"#0"},"west":{"uv":[11.5605,10.377,11.4395,10.498],"tintindex":0,"rotation":0,"texture":"#0"},"up":{"uv":[0.8145,11.248,1.0605,11.127],"tintindex":0,"rotation":0,"texture":"#0"},"down":{"uv":[11.127,2.377,11.373,2.498],"tintindex":0,"rotation":0,"texture":"#0"}},"rotation":{"origin":[-3.8135958,28.608002,39.714363],"angle":45.0,"axis":"z"}},{"from":[7.407708,2.5540295,16.811817],"to":[8.407708,5.5540295,17.811817],"faces":{"east":{"uv":[4.998,11.5645,4.9395,11.748],"tintindex":0,"rotation":0,"texture":"#0"},"south":{"uv":[4.873,11.5645,4.8145,11.748],"tintindex":0,"rotation":0,"texture":"#0"},"north":{"uv":[4.4355,11.5645,4.377,11.748],"tintindex":0,"rotation":0,"texture":"#0"},"west":{"uv":[4.748,11.5645,4.6895,11.748],"tintindex":0,"rotation":0,"texture":"#0"},"up":{"uv":[9.502,11.6855,9.5605,11.627],"tintindex":0,"rotation":0,"texture":"#0"},"down":{"uv":[11.627,9.502,11.6855,9.5605],"tintindex":0,"rotation":0,"texture":"#0"}},"rotation":{"origin":[-3.8135958,28.608002,39.714363],"angle":22.5,"axis":"x"}},{"from":[2.6864042,12.645435,-1.0460625],"to":[9.686404,22.645435,5.9539366],"faces":{"east":{"uv":[6.9355,6.5645,6.502,7.1855],"tintindex":0,"rotation":0,"texture":"#0"},"south":{"uv":[6.4355,6.5645,6.002,7.1855],"tintindex":0,"rotation":0,"texture":"#0"},"north":{"uv":[4.8105,6.377,4.377,6.998],"tintindex":0,"rotation":0,"texture":"#0"},"west":{"uv":[5.9355,6.5645,5.502,7.1855],"tintindex":0,"rotation":0,"texture":"#0"},"up":{"uv":[8.002,1.4355,8.4355,1.002],"tintindex":0,"rotation":0,"texture":"#0"},"down":{"uv":[1.3145,8.002,1.748,8.4355],"tintindex":0,"rotation":0,"texture":"#0"}},"rotation":{"origin":[-3.8135958,28.608002,39.714363],"angle":-22.5,"axis":"x"}},{"from":[6.907708,9.571253,7.7432575],"to":[8.907708,13.571253,9.7432575],"faces":{"east":{"uv":[7.873,11.127,7.752,11.373],"tintindex":0,"rotation":0,"texture":"#0"},"south":{"uv":[4.123,11.127,4.002,11.373],"tintindex":0,"rotation":0,"texture":"#0"},"north":{"uv":[3.498,11.127,3.377,11.373],"tintindex":0,"rotation":0,"texture":"#0"},"west":{"uv":[3.9355,11.127,3.8145,11.373],"tintindex":0,"rotation":0,"texture":"#0"},"up":{"uv":[11.4395,10.873,11.5605,10.752],"tintindex":0,"rotation":0,"texture":"#0"},"down":{"uv":[11.4395,10.9395,11.5605,11.0605],"tintindex":0,"rotation":0,"texture":"#0"}}}],"display":{"gui":{"rotation":[30,225,0]}}}