{"textures":{"0":"modelengine:entity/nocsy_dragon_full"},"elements":[{"from":[5.1813393,7.8979216,3.5487778],"to":[10.381339,11.09792,12.74878],"faces":{"east":{"uv":[7.625,1.75,7.9375,1.875],"tintindex":0,"rotation":0,"texture":"#0"},"south":{"uv":[9.34375,3.1875,9.53125,3.3125],"tintindex":0,"rotation":0,"texture":"#0"},"north":{"uv":[1.71875,9.34375,1.90625,9.46875],"tintindex":0,"rotation":0,"texture":"#0"},"west":{"uv":[8.15625,1.375,8.46875,1.5],"tintindex":0,"rotation":0,"texture":"#0"},"up":{"uv":[4.5,9.15625,4.3125,8.84375],"tintindex":0,"rotation":0,"texture":"#0"},"down":{"uv":[8.59375,8.84375,8.40625,9.15625],"tintindex":0,"rotation":0,"texture":"#0"}}},{"from":[10.483814,6.5247917,3.1487808],"to":[10.483814,12.524792,13.148781],"faces":{"east":{"uv":[0.75,8.875,1.0625,9.0625],"tintindex":0,"rotation":0,"texture":"#0"},"west":{"uv":[1.65625,8.875,1.96875,9.0625],"tintindex":0,"rotation":0,"texture":"#0"}},"rotation":{"origin":[17.563524,-2.7118473,36.68416],"angle":22.5,"axis":"z"}}],"display":{"gui":{"rotation":[30,225,0]}}}