{"textures":{"0":"modelengine:entity/nocsy_dragon_full"},"elements":[{"from":[5.618661,7.8979216,3.5487778],"to":[10.818661,11.09792,12.74878],"faces":{"east":{"uv":[8.96875,5.21875,9.28125,5.34375],"tintindex":0,"rotation":0,"texture":"#0"},"south":{"uv":[9.34375,4.28125,9.53125,4.40625],"tintindex":0,"rotation":0,"texture":"#0"},"north":{"uv":[3.34375,9.34375,3.53125,9.46875],"tintindex":0,"rotation":0,"texture":"#0"},"west":{"uv":[8.96875,5.75,9.28125,5.875],"tintindex":0,"rotation":0,"texture":"#0"},"up":{"uv":[1.25,9.1875,1.0625,8.875],"tintindex":0,"rotation":0,"texture":"#0"},"down":{"uv":[3.71875,8.875,3.53125,9.1875],"tintindex":0,"rotation":0,"texture":"#0"}}},{"from":[5.5161853,6.5247917,3.1487808],"to":[5.5161853,12.524792,13.148781],"faces":{"east":{"uv":[1.96875,8.90625,2.28125,9.09375],"tintindex":0,"rotation":0,"texture":"#0"},"west":{"uv":[2.5625,8.90625,2.875,9.09375],"tintindex":0,"rotation":0,"texture":"#0"}},"rotation":{"origin":[-1.5635242,-2.7118473,36.68416],"angle":-22.5,"axis":"z"}}],"display":{"gui":{"rotation":[30,225,0]}}}