{"textures":{"0":"modelengine:entity/nocsy_dragon_full"},"elements":[{"from":[16.719965,1.3667549,6.737307],"to":[21.119967,5.7667556,19.137306],"faces":{"east":{"uv":[8.9375,4.71875,9.3125,4.84375],"tintindex":0,"rotation":0,"texture":"#0"},"south":{"uv":[7.46875,9.59375,7.59375,9.71875],"tintindex":0,"rotation":0,"texture":"#0"},"north":{"uv":[9.59375,7.40625,9.71875,7.53125],"tintindex":0,"rotation":0,"texture":"#0"},"west":{"uv":[0.0,8.96875,0.375,9.09375],"tintindex":0,"rotation":0,"texture":"#0"},"up":{"uv":[4.28125,9.3125,4.15625,8.9375],"tintindex":0,"rotation":0,"texture":"#0"},"down":{"uv":[7.21875,8.9375,7.09375,9.3125],"tintindex":0,"rotation":0,"texture":"#0"}},"rotation":{"origin":[7.851008,-7.502203,39.209087],"angle":45.0,"axis":"z"}}],"display":{"gui":{"rotation":[30,225,0]}}}