{"textures":{"0":"modelengine:entity/nocsy_dragon_full"},"elements":[{"from":[6.0928245,9.874797,6.756091],"to":[10.692825,14.474797,11.3560915],"faces":{"east":{"uv":[5.53125,9.21875,5.6875,9.375],"tintindex":0,"rotation":0,"texture":"#0"},"south":{"uv":[9.21875,5.53125,9.375,5.6875],"tintindex":0,"rotation":0,"texture":"#0"},"north":{"uv":[5.375,9.21875,5.53125,9.375],"tintindex":0,"rotation":0,"texture":"#0"},"west":{"uv":[9.21875,7.125,9.375,7.28125],"tintindex":0,"rotation":0,"texture":"#0"},"up":{"uv":[8.75,9.375,8.59375,9.21875],"tintindex":0,"rotation":0,"texture":"#0"},"down":{"uv":[8.90625,9.21875,8.75,9.375],"tintindex":0,"rotation":0,"texture":"#0"}},"rotation":{"origin":[8.392824,12.574799,7.8560905],"angle":22.5,"axis":"x"}},{"from":[6.3928246,13.874798,6.5560913],"to":[10.392825,17.874798,10.556091],"faces":{"east":{"uv":[2.875,9.25,3.03125,9.40625],"tintindex":0,"rotation":0,"texture":"#0"},"south":{"uv":[3.03125,9.25,3.1875,9.40625],"tintindex":0,"rotation":0,"texture":"#0"},"north":{"uv":[9.25,0.3125,9.40625,0.46875],"tintindex":0,"rotation":0,"texture":"#0"},"west":{"uv":[3.1875,9.25,3.34375,9.40625],"tintindex":0,"rotation":0,"texture":"#0"},"up":{"uv":[3.75,9.40625,3.59375,9.25],"tintindex":0,"rotation":0,"texture":"#0"},"down":{"uv":[3.90625,9.25,3.75,9.40625],"tintindex":0,"rotation":0,"texture":"#0"}},"rotation":{"origin":[8.392824,12.574799,7.8560905],"angle":45.0,"axis":"x"}},{"from":[6.7928247,22.65375,4.214743],"to":[9.9928255,24.85375,8.414743],"faces":{"east":{"uv":[9.71875,9.28125,9.875,9.375],"tintindex":0,"rotation":0,"texture":"#0"},"south":{"uv":[9.78125,2.75,9.90625,2.84375],"tintindex":0,"rotation":0,"texture":"#0"},"north":{"uv":[1.65625,9.78125,1.78125,9.875],"tintindex":0,"rotation":0,"texture":"#0"},"west":{"uv":[9.71875,9.375,9.875,9.46875],"tintindex":0,"rotation":0,"texture":"#0"},"up":{"uv":[9.53125,6.15625,9.40625,6.0],"tintindex":0,"rotation":0,"texture":"#0"},"down":{"uv":[9.53125,6.15625,9.40625,6.3125],"tintindex":0,"rotation":0,"texture":"#0"}}},{"from":[7.6928244,18.942009,-11.207162],"to":[9.292825,20.542007,-8.6071615],"faces":{"east":{"uv":[8.6875,2.0625,8.78125,2.125],"tintindex":0,"rotation":0,"texture":"#0"},"south":{"uv":[2.25,8.625,2.3125,8.6875],"tintindex":0,"rotation":0,"texture":"#0"},"north":{"uv":[8.34375,8.0,8.40625,8.0625],"tintindex":0,"rotation":0,"texture":"#0"},"west":{"uv":[9.125,2.3125,9.21875,2.375],"tintindex":0,"rotation":0,"texture":"#0"},"up":{"uv":[7.46875,8.28125,7.40625,8.1875],"tintindex":0,"rotation":0,"texture":"#0"},"down":{"uv":[8.5,6.40625,8.4375,6.5],"tintindex":0,"rotation":0,"texture":"#0"}}},{"from":[6.2928247,14.374798,10.256092],"to":[10.292825,19.374798,13.256092],"faces":{"east":{"uv":[7.46875,9.71875,7.5625,9.875],"tintindex":0,"rotation":0,"texture":"#0"},"south":{"uv":[5.125,9.40625,5.25,9.5625],"tintindex":0,"rotation":0,"texture":"#0"},"north":{"uv":[9.40625,5.09375,9.53125,5.25],"tintindex":0,"rotation":0,"texture":"#0"},"west":{"uv":[7.5625,9.71875,7.65625,9.875],"tintindex":0,"rotation":0,"texture":"#0"},"up":{"uv":[9.90625,0.09375,9.78125,0.0],"tintindex":0,"rotation":0,"texture":"#0"},"down":{"uv":[0.375,9.78125,0.25,9.875],"tintindex":0,"rotation":0,"texture":"#0"}}},{"from":[5.8928246,5.674797,5.3560905],"to":[10.892825,10.674797,10.356091],"faces":{"east":{"uv":[9.21875,3.375,9.375,3.53125],"tintindex":0,"rotation":0,"texture":"#0"},"south":{"uv":[9.21875,3.84375,9.375,4.0],"tintindex":0,"rotation":0,"texture":"#0"},"north":{"uv":[9.21875,2.75,9.375,2.90625],"tintindex":0,"rotation":0,"texture":"#0"},"west":{"uv":[4.40625,9.21875,4.5625,9.375],"tintindex":0,"rotation":0,"texture":"#0"},"up":{"uv":[9.375,5.0,9.21875,4.84375],"tintindex":0,"rotation":0,"texture":"#0"},"down":{"uv":[9.375,5.0,9.21875,5.15625],"tintindex":0,"rotation":0,"texture":"#0"}}},{"from":[6.9928246,21.35375,-2.2852578],"to":[9.792825,24.15375,2.5147424],"faces":{"east":{"uv":[0.375,9.75,0.53125,9.84375],"tintindex":0,"rotation":0,"texture":"#0"},"south":{"uv":[9.84375,0.9375,9.9375,1.03125],"tintindex":0,"rotation":0,"texture":"#0"},"north":{"uv":[0.375,9.84375,0.46875,9.9375],"tintindex":0,"rotation":0,"texture":"#0"},"west":{"uv":[9.75,0.65625,9.90625,0.75],"tintindex":0,"rotation":0,"texture":"#0"},"up":{"uv":[8.5,9.875,8.40625,9.71875],"tintindex":0,"rotation":0,"texture":"#0"},"down":{"uv":[0.625,9.75,0.53125,9.90625],"tintindex":0,"rotation":0,"texture":"#0"}},"rotation":{"origin":[8.892825,23.55375,6.314743],"angle":-22.5,"axis":"x"}},{"from":[6.9178247,22.853752,1.7147446],"to":[9.917825,25.853752,5.7147446],"faces":{"east":{"uv":[9.78125,2.84375,9.90625,2.9375],"tintindex":0,"rotation":0,"texture":"#0"},"south":{"uv":[9.8125,9.125,9.90625,9.21875],"tintindex":0,"rotation":0,"texture":"#0"},"north":{"uv":[9.8125,7.4375,9.90625,7.53125],"tintindex":0,"rotation":0,"texture":"#0"},"west":{"uv":[2.875,9.78125,3.0,9.875],"tintindex":0,"rotation":0,"texture":"#0"},"up":{"uv":[1.75,8.875,1.65625,8.75],"tintindex":0,"rotation":0,"texture":"#0"},"down":{"uv":[3.625,8.75,3.53125,8.875],"tintindex":0,"rotation":0,"texture":"#0"}},"rotation":{"origin":[8.892825,23.55375,6.314743],"angle":-45.0,"axis":"x"}},{"from":[7.3928246,18.642008,-8.507162],"to":[9.592825,20.842009,-4.307162],"faces":{"east":{"uv":[7.625,0.4375,7.75,0.5],"tintindex":0,"rotation":0,"texture":"#0"},"south":{"uv":[3.875,8.3125,3.9375,8.375],"tintindex":0,"rotation":0,"texture":"#0"},"north":{"uv":[8.15625,5.8125,8.21875,5.875],"tintindex":0,"rotation":0,"texture":"#0"},"west":{"uv":[8.34375,4.28125,8.46875,4.34375],"tintindex":0,"rotation":0,"texture":"#0"},"up":{"uv":[3.9375,8.1875,3.875,8.0625],"tintindex":0,"rotation":0,"texture":"#0"},"down":{"uv":[2.0625,8.125,2.0,8.25],"tintindex":0,"rotation":0,"texture":"#0"}}},{"from":[6.692825,20.922554,10.293445],"to":[10.092825,25.322556,12.693444],"faces":{"east":{"uv":[8.21875,9.71875,8.3125,9.875],"tintindex":0,"rotation":0,"texture":"#0"},"south":{"uv":[5.875,9.40625,6.0,9.5625],"tintindex":0,"rotation":0,"texture":"#0"},"north":{"uv":[5.75,9.40625,5.875,9.5625],"tintindex":0,"rotation":0,"texture":"#0"},"west":{"uv":[8.3125,9.71875,8.40625,9.875],"tintindex":0,"rotation":0,"texture":"#0"},"up":{"uv":[1.65625,9.875,1.53125,9.78125],"tintindex":0,"rotation":0,"texture":"#0"},"down":{"uv":[9.90625,1.59375,9.78125,1.6875],"tintindex":0,"rotation":0,"texture":"#0"}},"rotation":{"origin":[8.792825,20.022552,10.993444],"angle":-45.0,"axis":"x"}},{"from":[7.002825,18.352009,-5.2971616],"to":[9.782825,21.132008,-0.5171617],"faces":{"east":{"uv":[9.75,0.75,9.90625,0.84375],"tintindex":0,"rotation":0,"texture":"#0"},"south":{"uv":[9.84375,2.5,9.9375,2.59375],"tintindex":0,"rotation":0,"texture":"#0"},"north":{"uv":[0.96875,9.84375,1.0625,9.9375],"tintindex":0,"rotation":0,"texture":"#0"},"west":{"uv":[9.75,0.84375,9.90625,0.9375],"tintindex":0,"rotation":0,"texture":"#0"},"up":{"uv":[0.96875,9.90625,0.875,9.75],"tintindex":0,"rotation":0,"texture":"#0"},"down":{"uv":[9.84375,0.9375,9.75,1.09375],"tintindex":0,"rotation":0,"texture":"#0"}}},{"from":[6.3928246,17.674799,10.856092],"to":[10.192824,22.474798,13.656092],"faces":{"east":{"uv":[7.65625,9.71875,7.75,9.875],"tintindex":0,"rotation":0,"texture":"#0"},"south":{"uv":[9.40625,5.65625,9.53125,5.8125],"tintindex":0,"rotation":0,"texture":"#0"},"north":{"uv":[9.40625,5.25,9.53125,5.40625],"tintindex":0,"rotation":0,"texture":"#0"},"west":{"uv":[7.75,9.71875,7.84375,9.875],"tintindex":0,"rotation":0,"texture":"#0"},"up":{"uv":[9.90625,0.4375,9.78125,0.34375],"tintindex":0,"rotation":0,"texture":"#0"},"down":{"uv":[1.53125,9.78125,1.40625,9.875],"tintindex":0,"rotation":0,"texture":"#0"}},"rotation":{"origin":[8.792825,16.874798,11.756092],"angle":-22.5,"axis":"x"}}],"display":{"gui":{"rotation":[30,225,0]}}}