{"textures":{"0":"modelengine:entity/nocsy_dragon_full"},"elements":[{"from":[3.318509,14.141987,10.848045],"to":[5.318509,18.141987,12.848045],"faces":{"east":{"uv":[6.75,9.6875,6.84375,9.84375],"tintindex":0,"rotation":0,"texture":"#0"},"south":{"uv":[8.65625,9.6875,8.75,9.84375],"tintindex":0,"rotation":0,"texture":"#0"},"north":{"uv":[5.78125,9.6875,5.875,9.84375],"tintindex":0,"rotation":0,"texture":"#0"},"west":{"uv":[9.40625,9.6875,9.5,9.84375],"tintindex":0,"rotation":0,"texture":"#0"},"up":{"uv":[9.90625,1.875,9.8125,1.78125],"tintindex":0,"rotation":0,"texture":"#0"},"down":{"uv":[1.96875,9.8125,1.875,9.90625],"tintindex":0,"rotation":0,"texture":"#0"}}},{"from":[2.7185092,-0.028524779,14.105753],"to":[6.318509,4.171477,18.305754],"faces":{"east":{"uv":[9.59375,1.90625,9.71875,2.03125],"tintindex":0,"rotation":0,"texture":"#0"},"south":{"uv":[9.59375,2.03125,9.71875,2.15625],"tintindex":0,"rotation":0,"texture":"#0"},"north":{"uv":[9.59375,1.78125,9.71875,1.90625],"tintindex":0,"rotation":0,"texture":"#0"},"west":{"uv":[9.59375,2.15625,9.71875,2.28125],"tintindex":0,"rotation":0,"texture":"#0"},"up":{"uv":[2.90625,9.71875,2.78125,9.59375],"tintindex":0,"rotation":0,"texture":"#0"},"down":{"uv":[3.15625,9.59375,3.03125,9.71875],"tintindex":0,"rotation":0,"texture":"#0"}},"rotation":{"origin":[10.71833,23.286545,36.839478],"angle":22.5,"axis":"x"}},{"from":[2.118509,6.141988,6.248044],"to":[6.918509,10.941989,11.048045],"faces":{"east":{"uv":[9.4375,9.5625,9.5625,9.6875],"tintindex":0,"rotation":0,"texture":"#0"},"south":{"uv":[9.5625,9.5625,9.6875,9.6875],"tintindex":0,"rotation":0,"texture":"#0"},"north":{"uv":[8.65625,9.5625,8.78125,9.6875],"tintindex":0,"rotation":0,"texture":"#0"},"west":{"uv":[9.59375,0.25,9.71875,0.375],"tintindex":0,"rotation":0,"texture":"#0"},"up":{"uv":[9.71875,0.6875,9.59375,0.5625],"tintindex":0,"rotation":0,"texture":"#0"},"down":{"uv":[9.71875,1.5,9.59375,1.625],"tintindex":0,"rotation":0,"texture":"#0"}}},{"from":[3.718509,28.748264,8.482226],"to":[4.9185095,31.948265,9.682227],"faces":{"east":{"uv":[9.6875,9.53125,9.78125,9.6875],"tintindex":0,"rotation":0,"texture":"#0"},"south":{"uv":[9.59375,9.6875,9.6875,9.84375],"tintindex":0,"rotation":0,"texture":"#0"},"north":{"uv":[9.5,9.6875,9.59375,9.84375],"tintindex":0,"rotation":0,"texture":"#0"},"west":{"uv":[9.6875,9.6875,9.78125,9.84375],"tintindex":0,"rotation":0,"texture":"#0"},"up":{"uv":[9.90625,1.96875,9.8125,1.875],"tintindex":0,"rotation":0,"texture":"#0"},"down":{"uv":[2.0625,9.8125,1.96875,9.90625],"tintindex":0,"rotation":0,"texture":"#0"}},"rotation":{"origin":[10.518331,30.886543,40.039474],"angle":-22.5,"axis":"x"}},{"from":[2.9185092,-2.8453553,23.702671],"to":[5.718509,-0.045357525,26.502674],"faces":{"east":{"uv":[9.8125,1.28125,9.90625,1.375],"tintindex":0,"rotation":0,"texture":"#0"},"south":{"uv":[9.8125,1.375,9.90625,1.46875],"tintindex":0,"rotation":0,"texture":"#0"},"north":{"uv":[0.71875,9.8125,0.8125,9.90625],"tintindex":0,"rotation":0,"texture":"#0"},"west":{"uv":[9.8125,1.46875,9.90625,1.5625],"tintindex":0,"rotation":0,"texture":"#0"},"up":{"uv":[9.90625,1.78125,9.8125,1.6875],"tintindex":0,"rotation":0,"texture":"#0"},"down":{"uv":[1.875,9.8125,1.78125,9.90625],"tintindex":0,"rotation":0,"texture":"#0"}},"rotation":{"origin":[10.71833,23.286545,36.839478],"angle":45.0,"axis":"x"}}],"display":{"gui":{"rotation":[30,225,0]}}}