{"textures":{"0":"modelengine:entity/nocsy_dragon_full"},"elements":[{"from":[10.281491,-2.8453553,23.702671],"to":[13.0814905,-0.045357525,26.502674],"faces":{"east":{"uv":[2.0625,9.8125,2.15625,9.90625],"tintindex":0,"rotation":0,"texture":"#0"},"south":{"uv":[9.8125,2.0625,9.90625,2.15625],"tintindex":0,"rotation":0,"texture":"#0"},"north":{"uv":[9.8125,1.96875,9.90625,2.0625],"tintindex":0,"rotation":0,"texture":"#0"},"west":{"uv":[2.15625,9.8125,2.25,9.90625],"tintindex":0,"rotation":0,"texture":"#0"},"up":{"uv":[9.90625,2.25,9.8125,2.15625],"tintindex":0,"rotation":0,"texture":"#0"},"down":{"uv":[2.34375,9.8125,2.25,9.90625],"tintindex":0,"rotation":0,"texture":"#0"}},"rotation":{"origin":[5.2816696,23.286545,36.839478],"angle":45.0,"axis":"x"}},{"from":[9.681492,-0.028524779,14.105753],"to":[13.28149,4.171477,18.305754],"faces":{"east":{"uv":[6.5,9.59375,6.625,9.71875],"tintindex":0,"rotation":0,"texture":"#0"},"south":{"uv":[9.59375,6.53125,9.71875,6.65625],"tintindex":0,"rotation":0,"texture":"#0"},"north":{"uv":[6.375,9.59375,6.5,9.71875],"tintindex":0,"rotation":0,"texture":"#0"},"west":{"uv":[6.625,9.59375,6.75,9.71875],"tintindex":0,"rotation":0,"texture":"#0"},"up":{"uv":[7.0,9.71875,6.875,9.59375],"tintindex":0,"rotation":0,"texture":"#0"},"down":{"uv":[7.34375,9.59375,7.21875,9.71875],"tintindex":0,"rotation":0,"texture":"#0"}},"rotation":{"origin":[5.2816696,23.286545,36.839478],"angle":22.5,"axis":"x"}},{"from":[10.681491,14.141987,10.848045],"to":[12.681491,18.141987,12.848045],"faces":{"east":{"uv":[9.71875,1.4375,9.8125,1.59375],"tintindex":0,"rotation":0,"texture":"#0"},"south":{"uv":[9.71875,1.75,9.8125,1.90625],"tintindex":0,"rotation":0,"texture":"#0"},"north":{"uv":[9.71875,0.5,9.8125,0.65625],"tintindex":0,"rotation":0,"texture":"#0"},"west":{"uv":[9.71875,1.90625,9.8125,2.0625],"tintindex":0,"rotation":0,"texture":"#0"},"up":{"uv":[9.90625,2.34375,9.8125,2.25],"tintindex":0,"rotation":0,"texture":"#0"},"down":{"uv":[2.4375,9.8125,2.34375,9.90625],"tintindex":0,"rotation":0,"texture":"#0"}}},{"from":[9.0814905,6.141988,6.248044],"to":[13.881491,10.941989,11.048045],"faces":{"east":{"uv":[9.59375,3.5625,9.71875,3.6875],"tintindex":0,"rotation":0,"texture":"#0"},"south":{"uv":[4.65625,9.59375,4.78125,9.71875],"tintindex":0,"rotation":0,"texture":"#0"},"north":{"uv":[3.34375,9.59375,3.46875,9.71875],"tintindex":0,"rotation":0,"texture":"#0"},"west":{"uv":[4.78125,9.59375,4.90625,9.71875],"tintindex":0,"rotation":0,"texture":"#0"},"up":{"uv":[5.03125,9.71875,4.90625,9.59375],"tintindex":0,"rotation":0,"texture":"#0"},"down":{"uv":[6.375,9.59375,6.25,9.71875],"tintindex":0,"rotation":0,"texture":"#0"}}},{"from":[11.0814905,28.748264,8.482226],"to":[12.281491,31.948265,9.682227],"faces":{"east":{"uv":[2.78125,9.71875,2.875,9.875],"tintindex":0,"rotation":0,"texture":"#0"},"south":{"uv":[3.03125,9.71875,3.125,9.875],"tintindex":0,"rotation":0,"texture":"#0"},"north":{"uv":[9.71875,2.0625,9.8125,2.21875],"tintindex":0,"rotation":0,"texture":"#0"},"west":{"uv":[3.34375,9.71875,3.4375,9.875],"tintindex":0,"rotation":0,"texture":"#0"},"up":{"uv":[2.53125,9.90625,2.4375,9.8125],"tintindex":0,"rotation":0,"texture":"#0"},"down":{"uv":[2.625,9.8125,2.53125,9.90625],"tintindex":0,"rotation":0,"texture":"#0"}},"rotation":{"origin":[5.4816694,30.886543,40.039474],"angle":-22.5,"axis":"x"}}],"display":{"gui":{"rotation":[30,225,0]}}}