{"textures":{"0":"modelengine:entity/nocsy_dragon_full"},"elements":[{"from":[6.635248,20.254559,-11.728742],"to":[8.235248,21.854557,-9.128741],"faces":{"east":{"uv":[8.0625,0.75,8.15625,0.8125],"tintindex":0,"rotation":0,"texture":"#0"},"south":{"uv":[7.875,1.6875,7.9375,1.75],"tintindex":0,"rotation":0,"texture":"#0"},"north":{"uv":[5.96875,7.78125,6.03125,7.84375],"tintindex":0,"rotation":0,"texture":"#0"},"west":{"uv":[2.46875,8.21875,2.5625,8.28125],"tintindex":0,"rotation":0,"texture":"#0"},"up":{"uv":[5.53125,7.59375,5.46875,7.5],"tintindex":0,"rotation":0,"texture":"#0"},"down":{"uv":[7.96875,7.5625,7.90625,7.65625],"tintindex":0,"rotation":0,"texture":"#0"}}},{"from":[5.2352476,11.187343,6.2345114],"to":[9.835248,15.787343,10.834512],"faces":{"east":{"uv":[0.15625,9.21875,0.3125,9.375],"tintindex":0,"rotation":0,"texture":"#0"},"south":{"uv":[9.21875,0.84375,9.375,1.0],"tintindex":0,"rotation":0,"texture":"#0"},"north":{"uv":[0.0,9.21875,0.15625,9.375],"tintindex":0,"rotation":0,"texture":"#0"},"west":{"uv":[9.21875,1.0,9.375,1.15625],"tintindex":0,"rotation":0,"texture":"#0"},"up":{"uv":[9.375,1.3125,9.21875,1.15625],"tintindex":0,"rotation":0,"texture":"#0"},"down":{"uv":[2.09375,9.21875,1.9375,9.375],"tintindex":0,"rotation":0,"texture":"#0"}},"rotation":{"origin":[7.535248,13.887344,7.334511],"angle":22.5,"axis":"x"}},{"from":[5.635248,15.687344,9.734512],"to":[9.635248,20.687344,12.734512],"faces":{"east":{"uv":[4.59375,9.71875,4.6875,9.875],"tintindex":0,"rotation":0,"texture":"#0"},"south":{"uv":[9.40625,3.5,9.53125,3.65625],"tintindex":0,"rotation":0,"texture":"#0"},"north":{"uv":[3.21875,9.40625,3.34375,9.5625],"tintindex":0,"rotation":0,"texture":"#0"},"west":{"uv":[4.6875,9.71875,4.78125,9.875],"tintindex":0,"rotation":0,"texture":"#0"},"up":{"uv":[8.0,4.875,7.875,4.78125],"tintindex":0,"rotation":0,"texture":"#0"},"down":{"uv":[8.71875,7.90625,8.59375,8.0],"tintindex":0,"rotation":0,"texture":"#0"}}},{"from":[5.035248,6.987343,4.834511],"to":[10.035248,11.987343,9.834513],"faces":{"east":{"uv":[7.6875,9.1875,7.84375,9.34375],"tintindex":0,"rotation":0,"texture":"#0"},"south":{"uv":[7.84375,9.1875,8.0,9.34375],"tintindex":0,"rotation":0,"texture":"#0"},"north":{"uv":[7.53125,9.1875,7.6875,9.34375],"tintindex":0,"rotation":0,"texture":"#0"},"west":{"uv":[8.0,9.1875,8.15625,9.34375],"tintindex":0,"rotation":0,"texture":"#0"},"up":{"uv":[8.3125,9.34375,8.15625,9.1875],"tintindex":0,"rotation":0,"texture":"#0"},"down":{"uv":[9.25,9.1875,9.09375,9.34375],"tintindex":0,"rotation":0,"texture":"#0"}}},{"from":[5.835248,22.2351,9.771865],"to":[9.235248,26.635101,12.1718645],"faces":{"east":{"uv":[6.1875,9.71875,6.28125,9.875],"tintindex":0,"rotation":0,"texture":"#0"},"south":{"uv":[4.28125,9.40625,4.40625,9.5625],"tintindex":0,"rotation":0,"texture":"#0"},"north":{"uv":[3.78125,9.40625,3.90625,9.5625],"tintindex":0,"rotation":0,"texture":"#0"},"west":{"uv":[6.28125,9.71875,6.375,9.875],"tintindex":0,"rotation":0,"texture":"#0"},"up":{"uv":[9.28125,9.0,9.15625,8.90625],"tintindex":0,"rotation":0,"texture":"#0"},"down":{"uv":[9.53125,3.09375,9.40625,3.1875],"tintindex":0,"rotation":0,"texture":"#0"}},"rotation":{"origin":[7.135248,21.335102,10.471865],"angle":-45.0,"axis":"x"}},{"from":[6.145248,19.664558,-5.8187413],"to":[8.925248,22.444557,-1.0387415],"faces":{"east":{"uv":[9.71875,6.53125,9.875,6.625],"tintindex":0,"rotation":0,"texture":"#0"},"south":{"uv":[9.8125,7.34375,9.90625,7.4375],"tintindex":0,"rotation":0,"texture":"#0"},"north":{"uv":[9.8125,6.90625,9.90625,7.0],"tintindex":0,"rotation":0,"texture":"#0"},"west":{"uv":[6.84375,9.71875,7.0,9.8125],"tintindex":0,"rotation":0,"texture":"#0"},"up":{"uv":[7.3125,9.875,7.21875,9.71875],"tintindex":0,"rotation":0,"texture":"#0"},"down":{"uv":[9.8125,7.375,9.71875,7.53125],"tintindex":0,"rotation":0,"texture":"#0"}}},{"from":[5.935248,23.9663,3.6931634],"to":[9.135248,26.1663,7.893163],"faces":{"east":{"uv":[9.6875,5.53125,9.84375,5.625],"tintindex":0,"rotation":0,"texture":"#0"},"south":{"uv":[8.84375,9.75,8.96875,9.84375],"tintindex":0,"rotation":0,"texture":"#0"},"north":{"uv":[9.46875,2.09375,9.59375,2.1875],"tintindex":0,"rotation":0,"texture":"#0"},"west":{"uv":[9.71875,0.25,9.875,0.34375],"tintindex":0,"rotation":0,"texture":"#0"},"up":{"uv":[9.53125,4.5625,9.40625,4.40625],"tintindex":0,"rotation":0,"texture":"#0"},"down":{"uv":[4.65625,9.40625,4.53125,9.5625],"tintindex":0,"rotation":0,"texture":"#0"}}},{"from":[5.735248,18.987345,10.334513],"to":[9.535248,23.787344,13.134512],"faces":{"east":{"uv":[4.78125,9.71875,4.875,9.875],"tintindex":0,"rotation":0,"texture":"#0"},"south":{"uv":[3.65625,9.40625,3.78125,9.5625],"tintindex":0,"rotation":0,"texture":"#0"},"north":{"uv":[3.53125,9.40625,3.65625,9.5625],"tintindex":0,"rotation":0,"texture":"#0"},"west":{"uv":[4.875,9.71875,4.96875,9.875],"tintindex":0,"rotation":0,"texture":"#0"},"up":{"uv":[8.90625,7.25,8.78125,7.15625],"tintindex":0,"rotation":0,"texture":"#0"},"down":{"uv":[9.15625,6.0,9.03125,6.09375],"tintindex":0,"rotation":0,"texture":"#0"}},"rotation":{"origin":[7.135248,18.187344,11.234512],"angle":-22.5,"axis":"x"}},{"from":[6.3352485,19.954557,-9.028742],"to":[8.535248,22.154558,-4.8287416],"faces":{"east":{"uv":[1.125,6.875,1.25,6.9375],"tintindex":0,"rotation":0,"texture":"#0"},"south":{"uv":[7.34375,3.375,7.40625,3.4375],"tintindex":0,"rotation":0,"texture":"#0"},"north":{"uv":[7.3125,4.9375,7.375,5.0],"tintindex":0,"rotation":0,"texture":"#0"},"west":{"uv":[0.78125,7.375,0.90625,7.4375],"tintindex":0,"rotation":0,"texture":"#0"},"up":{"uv":[7.375,1.375,7.3125,1.25],"tintindex":0,"rotation":0,"texture":"#0"},"down":{"uv":[3.3125,7.4375,3.25,7.5625],"tintindex":0,"rotation":0,"texture":"#0"}}},{"from":[6.010248,24.166298,1.1931648],"to":[9.010248,27.166298,5.193165],"faces":{"east":{"uv":[9.75,8.84375,9.875,8.9375],"tintindex":0,"rotation":0,"texture":"#0"},"south":{"uv":[9.8125,5.375,9.90625,5.46875],"tintindex":0,"rotation":0,"texture":"#0"},"north":{"uv":[9.8125,4.0,9.90625,4.09375],"tintindex":0,"rotation":0,"texture":"#0"},"west":{"uv":[9.75,8.9375,9.875,9.03125],"tintindex":0,"rotation":0,"texture":"#0"},"up":{"uv":[3.0,6.875,2.90625,6.75],"tintindex":0,"rotation":0,"texture":"#0"},"down":{"uv":[8.5,8.71875,8.40625,8.84375],"tintindex":0,"rotation":0,"texture":"#0"}},"rotation":{"origin":[7.035248,24.866299,5.7931633],"angle":-45.0,"axis":"x"}},{"from":[6.1352477,22.6663,-2.8068376],"to":[8.935247,25.4663,1.9931625],"faces":{"east":{"uv":[9.71875,3.5625,9.875,3.65625],"tintindex":0,"rotation":0,"texture":"#0"},"south":{"uv":[6.84375,9.8125,6.9375,9.90625],"tintindex":0,"rotation":0,"texture":"#0"},"north":{"uv":[6.375,9.8125,6.46875,9.90625],"tintindex":0,"rotation":0,"texture":"#0"},"west":{"uv":[6.375,9.71875,6.53125,9.8125],"tintindex":0,"rotation":0,"texture":"#0"},"up":{"uv":[6.625,9.875,6.53125,9.71875],"tintindex":0,"rotation":0,"texture":"#0"},"down":{"uv":[6.71875,9.71875,6.625,9.875],"tintindex":0,"rotation":0,"texture":"#0"}},"rotation":{"origin":[7.035248,24.866299,5.7931633],"angle":-22.5,"axis":"x"}},{"from":[5.535248,15.187344,6.0345116],"to":[9.535248,19.187344,10.034512],"faces":{"east":{"uv":[2.25,9.21875,2.40625,9.375],"tintindex":0,"rotation":0,"texture":"#0"},"south":{"uv":[9.21875,2.3125,9.375,2.46875],"tintindex":0,"rotation":0,"texture":"#0"},"north":{"uv":[2.09375,9.21875,2.25,9.375],"tintindex":0,"rotation":0,"texture":"#0"},"west":{"uv":[2.40625,9.21875,2.5625,9.375],"tintindex":0,"rotation":0,"texture":"#0"},"up":{"uv":[2.71875,9.375,2.5625,9.21875],"tintindex":0,"rotation":0,"texture":"#0"},"down":{"uv":[2.875,9.21875,2.71875,9.375],"tintindex":0,"rotation":0,"texture":"#0"}},"rotation":{"origin":[7.535248,13.887344,7.334511],"angle":45.0,"axis":"x"}}],"display":{"gui":{"rotation":[30,225,0]}}}