{"textures":{"0":"modelengine:entity/nocsy_dragon_full"},"elements":[{"from":[7.438335,7.654429,7.498688],"to":[8.771668,16.987762,8.832022],"faces":{"east":{"uv":[3.375,7.875,3.5,8.75],"tintindex":0,"rotation":0,"texture":"#0"},"south":{"uv":[3.5,7.875,3.625,8.75],"tintindex":0,"rotation":0,"texture":"#0"},"north":{"uv":[3.25,7.875,3.375,8.75],"tintindex":0,"rotation":0,"texture":"#0"},"west":{"uv":[7.875,3.90625,8.0,4.78125],"tintindex":0,"rotation":0,"texture":"#0"},"up":{"uv":[9.65625,5.28125,9.53125,5.15625],"tintindex":0,"rotation":0,"texture":"#0"},"down":{"uv":[9.65625,5.28125,9.53125,5.40625],"tintindex":0,"rotation":0,"texture":"#0"}}},{"from":[8.171668,2.987761,7.498688],"to":[8.171668,17.65443,30.165356],"faces":{"east":{"uv":[4.0,2.75,6.125,4.125],"tintindex":0,"rotation":0,"texture":"#0"},"west":{"uv":[4.0,4.125,6.125,5.5],"tintindex":0,"rotation":0,"texture":"#0"}}}],"display":{"gui":{"rotation":[30,225,0]}}}