{"textures":{"0":"modelengine:entity/nocsy_dragon_full"},"elements":[{"from":[7.735814,7.3664327,6.638769],"to":[8.635814,8.266434,8.538769],"faces":{"east":{"uv":[9.15625,6.0,9.40625,6.125],"tintindex":0,"rotation":0,"texture":"#0"},"south":{"uv":[8.15625,9.53125,8.28125,9.65625],"tintindex":0,"rotation":0,"texture":"#0"},"north":{"uv":[8.03125,9.53125,8.15625,9.65625],"tintindex":0,"rotation":0,"texture":"#0"},"west":{"uv":[9.15625,6.125,9.40625,6.25],"tintindex":0,"rotation":0,"texture":"#0"},"up":{"uv":[9.28125,6.5,9.15625,6.25],"tintindex":0,"rotation":0,"texture":"#0"},"down":{"uv":[9.28125,6.5,9.15625,6.75],"tintindex":0,"rotation":0,"texture":"#0"}}},{"from":[7.735814,13.417383,17.63992],"to":[8.635814,14.317383,24.039919],"faces":{"east":{"uv":[8.0,4.34375,8.8125,4.46875],"tintindex":0,"rotation":0,"texture":"#0"},"south":{"uv":[2.40625,9.5625,2.53125,9.6875],"tintindex":0,"rotation":0,"texture":"#0"},"north":{"uv":[9.5625,2.3125,9.6875,2.4375],"tintindex":0,"rotation":0,"texture":"#0"},"west":{"uv":[8.0,4.46875,8.8125,4.59375],"tintindex":0,"rotation":0,"texture":"#0"},"up":{"uv":[2.0,8.875,1.875,8.0625],"tintindex":0,"rotation":0,"texture":"#0"},"down":{"uv":[3.75,8.0625,3.625,8.875],"tintindex":0,"rotation":0,"texture":"#0"}}},{"from":[7.685814,12.47328,12.654234],"to":[8.685814,23.973278,13.654234],"faces":{"east":{"uv":[3.0,7.25,3.125,8.6875],"tintindex":0,"rotation":0,"texture":"#0"},"south":{"uv":[3.125,7.25,3.25,8.6875],"tintindex":0,"rotation":0,"texture":"#0"},"north":{"uv":[2.875,7.25,3.0,8.6875],"tintindex":0,"rotation":0,"texture":"#0"},"west":{"uv":[4.0625,7.25,4.1875,8.6875],"tintindex":0,"rotation":0,"texture":"#0"},"up":{"uv":[4.65625,9.6875,4.53125,9.5625],"tintindex":0,"rotation":0,"texture":"#0"},"down":{"uv":[9.6875,4.6875,9.5625,4.8125],"tintindex":0,"rotation":0,"texture":"#0"}},"rotation":{"origin":[7.299784,19.498753,19.276283],"angle":45.0,"axis":"x"}},{"from":[7.7858143,3.0732794,8.779233],"to":[8.5858135,3.8732786,9.579233],"faces":{"east":{"uv":[0.6875,9.5625,0.8125,9.6875],"tintindex":0,"rotation":0,"texture":"#0"},"south":{"uv":[0.8125,9.5625,0.9375,9.6875],"tintindex":0,"rotation":0,"texture":"#0"},"north":{"uv":[9.5625,0.125,9.6875,0.25],"tintindex":0,"rotation":0,"texture":"#0"},"west":{"uv":[9.5625,1.375,9.6875,1.5],"tintindex":0,"rotation":0,"texture":"#0"},"up":{"uv":[2.03125,9.6875,1.90625,9.5625],"tintindex":0,"rotation":0,"texture":"#0"},"down":{"uv":[2.15625,9.5625,2.03125,9.6875],"tintindex":0,"rotation":0,"texture":"#0"}},"rotation":{"origin":[7.299784,9.798752,13.551283],"angle":45.0,"axis":"x"}},{"from":[7.735814,16.620802,9.95081],"to":[8.635814,17.520803,15.350811],"faces":{"east":{"uv":[8.125,0.0,8.8125,0.125],"tintindex":0,"rotation":0,"texture":"#0"},"south":{"uv":[7.90625,9.53125,8.03125,9.65625],"tintindex":0,"rotation":0,"texture":"#0"},"north":{"uv":[9.53125,7.6875,9.65625,7.8125],"tintindex":0,"rotation":0,"texture":"#0"},"west":{"uv":[8.125,0.125,8.8125,0.25],"tintindex":0,"rotation":0,"texture":"#0"},"up":{"uv":[7.40625,8.875,7.28125,8.1875],"tintindex":0,"rotation":0,"texture":"#0"},"down":{"uv":[8.34375,7.375,8.21875,8.0625],"tintindex":0,"rotation":0,"texture":"#0"}},"rotation":{"origin":[7.299784,10.148752,20.326283],"angle":-45.0,"axis":"x"}},{"from":[7.935814,11.266199,26.410862],"to":[8.435814,11.766199,27.410862],"faces":{"east":{"uv":[9.65625,9.1875,9.8125,9.28125],"tintindex":0,"rotation":0,"texture":"#0"},"south":{"uv":[9.8125,0.4375,9.90625,0.53125],"tintindex":0,"rotation":0,"texture":"#0"},"north":{"uv":[9.8125,0.09375,9.90625,0.1875],"tintindex":0,"rotation":0,"texture":"#0"},"west":{"uv":[5.53125,9.6875,5.6875,9.78125],"tintindex":0,"rotation":0,"texture":"#0"},"up":{"uv":[5.40625,9.84375,5.3125,9.6875],"tintindex":0,"rotation":0,"texture":"#0"},"down":{"uv":[5.78125,9.6875,5.6875,9.84375],"tintindex":0,"rotation":0,"texture":"#0"}},"rotation":{"origin":[7.299784,15.874702,31.677433],"angle":22.5,"axis":"x"}},{"from":[7.935814,11.294407,5.667509],"to":[8.435814,12.294407,6.167509],"faces":{"east":{"uv":[5.03125,9.6875,5.125,9.84375],"tintindex":0,"rotation":0,"texture":"#0"},"south":{"uv":[5.125,9.6875,5.21875,9.84375],"tintindex":0,"rotation":0,"texture":"#0"},"north":{"uv":[9.6875,4.65625,9.78125,4.8125],"tintindex":0,"rotation":0,"texture":"#0"},"west":{"uv":[5.21875,9.6875,5.3125,9.84375],"tintindex":0,"rotation":0,"texture":"#0"},"up":{"uv":[0.09375,9.90625,0.0,9.8125],"tintindex":0,"rotation":0,"texture":"#0"},"down":{"uv":[0.1875,9.8125,0.09375,9.90625],"tintindex":0,"rotation":0,"texture":"#0"}},"rotation":{"origin":[7.299784,9.798752,13.551283],"angle":-22.5,"axis":"x"}},{"from":[7.688314,11.542749,10.262211],"to":[8.683313,16.53775,11.257212],"faces":{"east":{"uv":[1.28125,8.34375,1.40625,8.96875],"tintindex":0,"rotation":0,"texture":"#0"},"south":{"uv":[1.40625,8.34375,1.53125,8.96875],"tintindex":0,"rotation":0,"texture":"#0"},"north":{"uv":[0.125,8.34375,0.25,8.96875],"tintindex":0,"rotation":0,"texture":"#0"},"west":{"uv":[1.53125,8.34375,1.65625,8.96875],"tintindex":0,"rotation":0,"texture":"#0"},"up":{"uv":[4.40625,9.6875,4.28125,9.5625],"tintindex":0,"rotation":0,"texture":"#0"},"down":{"uv":[4.53125,9.5625,4.40625,9.6875],"tintindex":0,"rotation":0,"texture":"#0"}},"rotation":{"origin":[7.299784,19.498753,16.826283],"angle":22.5,"axis":"x"}},{"from":[7.685814,7.6664333,7.6887693],"to":[8.685814,14.666433,8.688769],"faces":{"east":{"uv":[7.875,5.1875,8.0,6.0625],"tintindex":0,"rotation":0,"texture":"#0"},"south":{"uv":[5.21875,7.875,5.34375,8.75],"tintindex":0,"rotation":0,"texture":"#0"},"north":{"uv":[5.09375,7.875,5.21875,8.75],"tintindex":0,"rotation":0,"texture":"#0"},"west":{"uv":[5.34375,7.875,5.46875,8.75],"tintindex":0,"rotation":0,"texture":"#0"},"up":{"uv":[7.46875,9.65625,7.34375,9.53125],"tintindex":0,"rotation":0,"texture":"#0"},"down":{"uv":[9.65625,7.5625,9.53125,7.6875],"tintindex":0,"rotation":0,"texture":"#0"}}},{"from":[7.635814,13.342384,22.939919],"to":[8.735814,14.442383,25.039919],"faces":{"east":{"uv":[6.65625,9.15625,6.90625,9.28125],"tintindex":0,"rotation":0,"texture":"#0"},"south":{"uv":[2.65625,9.5625,2.78125,9.6875],"tintindex":0,"rotation":0,"texture":"#0"},"north":{"uv":[2.53125,9.5625,2.65625,9.6875],"tintindex":0,"rotation":0,"texture":"#0"},"west":{"uv":[9.15625,6.75,9.40625,6.875],"tintindex":0,"rotation":0,"texture":"#0"},"up":{"uv":[7.03125,9.40625,6.90625,9.15625],"tintindex":0,"rotation":0,"texture":"#0"},"down":{"uv":[9.28125,7.90625,9.15625,8.15625],"tintindex":0,"rotation":0,"texture":"#0"}}},{"from":[7.635814,4.890249,7.184711],"to":[8.735814,5.990248,8.284711],"faces":{"east":{"uv":[9.53125,9.15625,9.65625,9.28125],"tintindex":0,"rotation":0,"texture":"#0"},"south":{"uv":[9.1875,9.53125,9.3125,9.65625],"tintindex":0,"rotation":0,"texture":"#0"},"north":{"uv":[9.0625,9.53125,9.1875,9.65625],"tintindex":0,"rotation":0,"texture":"#0"},"west":{"uv":[9.3125,9.53125,9.4375,9.65625],"tintindex":0,"rotation":0,"texture":"#0"},"up":{"uv":[0.125,9.6875,0.0,9.5625],"tintindex":0,"rotation":0,"texture":"#0"},"down":{"uv":[0.25,9.5625,0.125,9.6875],"tintindex":0,"rotation":0,"texture":"#0"}},"rotation":{"origin":[7.299784,9.798752,13.551283],"angle":22.5,"axis":"x"}},{"from":[7.738314,14.146908,12.945009],"to":[8.633314,15.041908,19.340008],"faces":{"east":{"uv":[7.96875,6.625,8.78125,6.75],"tintindex":0,"rotation":0,"texture":"#0"},"south":{"uv":[2.28125,9.5625,2.40625,9.6875],"tintindex":0,"rotation":0,"texture":"#0"},"north":{"uv":[2.15625,9.5625,2.28125,9.6875],"tintindex":0,"rotation":0,"texture":"#0"},"west":{"uv":[8.0,1.5,8.8125,1.625],"tintindex":0,"rotation":0,"texture":"#0"},"up":{"uv":[1.28125,8.875,1.15625,8.0625],"tintindex":0,"rotation":0,"texture":"#0"},"down":{"uv":[1.875,8.0625,1.75,8.875],"tintindex":0,"rotation":0,"texture":"#0"}},"rotation":{"origin":[7.299784,10.148752,20.326283],"angle":-22.5,"axis":"x"}},{"from":[7.735814,27.41762,18.656713],"to":[8.635814,28.317621,19.556715],