{"textures":{"0":"modelengine:entity/nocsy_dragon_full"},"elements":[{"from":[7.16,11.645692,9.2731285],"to":[8.96,13.745688,11.373129],"faces":{"east":{"uv":[9.53125,6.15625,9.65625,6.28125],"tintindex":0,"rotation":0,"texture":"#0"},"south":{"uv":[9.53125,6.28125,9.65625,6.40625],"tintindex":0,"rotation":0,"texture":"#0"},"north":{"uv":[6.125,9.53125,6.25,9.65625],"tintindex":0,"rotation":0,"texture":"#0"},"west":{"uv":[9.53125,6.40625,9.65625,6.53125],"tintindex":0,"rotation":0,"texture":"#0"},"up":{"uv":[9.65625,6.875,9.53125,6.75],"tintindex":0,"rotation":0,"texture":"#0"},"down":{"uv":[9.65625,6.875,9.53125,7.0],"tintindex":0,"rotation":0,"texture":"#0"}},"rotation":{"origin":[11.15991,23.012554,-0.2844057],"angle":22.5,"axis":"x"}},{"from":[6.8600006,7.7168374,5.8878727],"to":[9.26,10.116835,8.287872],"faces":{"east":{"uv":[9.53125,5.65625,9.65625,5.78125],"tintindex":0,"rotation":0,"texture":"#0"},"south":{"uv":[9.53125,5.78125,9.65625,5.90625],"tintindex":0,"rotation":0,"texture":"#0"},"north":{"uv":[9.53125,5.40625,9.65625,5.53125],"tintindex":0,"rotation":0,"texture":"#0"},"west":{"uv":[9.53125,5.90625,9.65625,6.03125],"tintindex":0,"rotation":0,"texture":"#0"},"up":{"uv":[6.125,9.65625,6.0,9.53125],"tintindex":0,"rotation":0,"texture":"#0"},"down":{"uv":[9.65625,6.03125,9.53125,6.15625],"tintindex":0,"rotation":0,"texture":"#0"}}},{"from":[7.66,8.833925,-4.615264],"to":[8.26,9.433928,-3.0152645],"faces":{"east":{"uv":[9.65625,5.4375,9.8125,5.53125],"tintindex":0,"rotation":0,"texture":"#0"},"south":{"uv":[9.78125,9.75,9.875,9.84375],"tintindex":0,"rotation":0,"texture":"#0"},"north":{"uv":[9.78125,9.65625,9.875,9.75],"tintindex":0,"rotation":0,"texture":"#0"},"west":{"uv":[9.65625,6.90625,9.8125,7.0],"tintindex":0,"rotation":0,"texture":"#0"},"up":{"uv":[4.5,9.84375,4.40625,9.6875],"tintindex":0,"rotation":0,"texture":"#0"},"down":{"uv":[4.59375,9.6875,4.5,9.84375],"tintindex":0,"rotation":0,"texture":"#0"}},"rotation":{"origin":[11.059911,24.612553,-4.084405],"angle":-22.5,"axis":"x"}},{"from":[7.26,16.44415,11.381544],"to":[8.66,17.844149,12.781545],"faces":{"east":{"uv":[8.96875,9.78125,9.0625,9.875],"tintindex":0,"rotation":0,"texture":"#0"},"south":{"uv":[9.78125,9.03125,9.875,9.125],"tintindex":0,"rotation":0,"texture":"#0"},"north":{"uv":[8.125,9.78125,8.21875,9.875],"tintindex":0,"rotation":0,"texture":"#0"},"west":{"uv":[9.0625,9.78125,9.15625,9.875],"tintindex":0,"rotation":0,"texture":"#0"},"up":{"uv":[9.25,9.875,9.15625,9.78125],"tintindex":0,"rotation":0,"texture":"#0"},"down":{"uv":[9.34375,9.78125,9.25,9.875],"tintindex":0,"rotation":0,"texture":"#0"}},"rotation":{"origin":[11.15991,23.012554,-0.2844057],"angle":45.0,"axis":"x"}},{"from":[7.46,10.016834,2.2878723],"to":[8.46,11.016834,4.2878723],"faces":{"east":{"uv":[9.21875,1.3125,9.375,1.40625],"tintindex":0,"rotation":0,"texture":"#0"},"south":{"uv":[9.78125,9.5625,9.875,9.65625],"tintindex":0,"rotation":0,"texture":"#0"},"north":{"uv":[9.78125,9.46875,9.875,9.5625],"tintindex":0,"rotation":0,"texture":"#0"},"west":{"uv":[9.65625,4.0625,9.8125,4.15625],"tintindex":0,"rotation":0,"texture":"#0"},"up":{"uv":[4.3125,9.84375,4.21875,9.6875],"tintindex":0,"rotation":0,"texture":"#0"},"down":{"uv":[4.40625,9.6875,4.3125,9.84375],"tintindex":0,"rotation":0,"texture":"#0"}}}],"display":{"gui":{"rotation":[30,225,0]}}}