{"textures":{"0":"modelengine:entity/nocsy_dragon_full"},"elements":[{"from":[5.499857,-7.6123953,17.669289],"to":[10.299857,-5.4123964,20.96929],"faces":{"east":{"uv":[1.25,9.15625,1.46875,9.3125],"tintindex":0,"rotation":0,"texture":"#0"},"south":{"uv":[4.84375,8.9375,5.15625,9.09375],"tintindex":0,"rotation":0,"texture":"#0"},"north":{"uv":[8.9375,4.5625,9.25,4.71875],"tintindex":0,"rotation":0,"texture":"#0"},"west":{"uv":[9.15625,1.40625,9.375,1.5625],"tintindex":0,"rotation":0,"texture":"#0"},"up":{"uv":[2.3125,8.90625,2.0,8.6875],"tintindex":0,"rotation":0,"texture":"#0"},"down":{"uv":[2.96875,8.6875,2.65625,8.90625],"tintindex":0,"rotation":0,"texture":"#0"}},"rotation":{"origin":[0.89985704,10.500603,21.719238],"angle":22.5,"axis":"x"}},{"from":[7.540371,-0.20333576,18.929228],"to":[9.340371,1.8966637,21.029228],"faces":{"east":{"uv":[2.90625,9.65625,3.03125,9.78125],"tintindex":0,"rotation":0,"texture":"#0"},"south":{"uv":[9.65625,2.9375,9.78125,3.0625],"tintindex":0,"rotation":0,"texture":"#0"},"north":{"uv":[9.65625,2.8125,9.78125,2.9375],"tintindex":0,"rotation":0,"texture":"#0"},"west":{"uv":[9.65625,3.0625,9.78125,3.1875],"tintindex":0,"rotation":0,"texture":"#0"},"up":{"uv":[9.78125,3.3125,9.65625,3.1875],"tintindex":0,"rotation":0,"texture":"#0"},"down":{"uv":[9.78125,3.4375,9.65625,3.5625],"tintindex":0,"rotation":0,"texture":"#0"}},"rotation":{"origin":[11.540281,11.454199,30.29609],"angle":22.5,"axis":"x"}},{"from":[5.899857,1.5980787,5.092144],"to":[9.899857,11.598078,12.092143],"faces":{"east":{"uv":[6.5,5.5,6.9375,6.125],"tintindex":0,"rotation":0,"texture":"#0"},"south":{"uv":[7.40625,3.375,7.65625,4.0],"tintindex":0,"rotation":0,"texture":"#0"},"north":{"uv":[7.375,4.5625,7.625,5.1875],"tintindex":0,"rotation":0,"texture":"#0"},"west":{"uv":[6.65625,2.3125,7.09375,2.9375],"tintindex":0,"rotation":0,"texture":"#0"},"up":{"uv":[7.125,8.3125,6.875,7.875],"tintindex":0,"rotation":0,"texture":"#0"},"down":{"uv":[0.25,7.90625,0.0,8.34375],"tintindex":0,"rotation":0,"texture":"#0"}}},{"from":[5.904857,-1.6900015,11.941219],"to":[8.894857,3.2999983,18.93122],"faces":{"east":{"uv":[7.53125,6.4375,7.96875,6.75],"tintindex":0,"rotation":0,"texture":"#0"},"south":{"uv":[8.78125,8.90625,8.96875,9.21875],"tintindex":0,"rotation":0,"texture":"#0"},"north":{"uv":[8.59375,8.90625,8.78125,9.21875],"tintindex":0,"rotation":0,"texture":"#0"},"west":{"uv":[3.25,7.5625,3.6875,7.875],"tintindex":0,"rotation":0,"texture":"#0"},"up":{"uv":[2.65625,8.71875,2.46875,8.28125],"tintindex":0,"rotation":0,"texture":"#0"},"down":{"uv":[7.59375,8.28125,7.40625,8.71875],"tintindex":0,"rotation":0,"texture":"#0"}},"rotation":{"origin":[0.89985704,10.500603,21.719238],"angle":22.5,"axis":"x"}},{"from":[7.240371,2.8819203,15.000373],"to":[9.640371,5.281921,17.400375],"faces":{"east":{"uv":[9.65625,0.375,9.78125,0.5],"tintindex":0,"rotation":0,"texture":"#0"},"south":{"uv":[1.4375,9.65625,1.5625,9.78125],"tintindex":0,"rotation":0,"texture":"#0"},"north":{"uv":[0.25,9.65625,0.375,9.78125],"tintindex":0,"rotation":0,"texture":"#0"},"west":{"uv":[1.5625,9.65625,1.6875,9.78125],"tintindex":0,"rotation":0,"texture":"#0"},"up":{"uv":[9.78125,1.75,9.65625,1.625],"tintindex":0,"rotation":0,"texture":"#0"},"down":{"uv":[1.8125,9.65625,1.6875,9.78125],"tintindex":0,"rotation":0,"texture":"#0"}}},{"from":[7.6403713,-1.6117516,23.727686],"to":[9.040371,-0.21175194,25.127687],"faces":{"east":{"uv":[5.25,9.84375,5.34375,9.9375],"tintindex":0,"rotation":0,"texture":"#0"},"south":{"uv":[9.84375,5.46875,9.9375,5.5625],"tintindex":0,"rotation":0,"texture":"#0"},"north":{"uv":[5.15625,9.84375,5.25,9.9375],"tintindex":0,"rotation":0,"texture":"#0"},"west":{"uv":[5.6875,9.84375,5.78125,9.9375],"tintindex":0,"rotation":0,"texture":"#0"},"up":{"uv":[5.875,9.9375,5.78125,9.84375],"tintindex":0,"rotation":0,"texture":"#0"},"down":{"uv":[6.8125,9.84375,6.71875,9.9375],"tintindex":0,"rotation":0,"texture":"#0"}},"rotation":{"origin":[11.540281,11.454199,30.29609],"angle":45.0,"axis":"x"}},{"from":[7.840371,6.7819195,17.300373],"to":[8.840371,7.7819195,18.800373],"faces":{"east":{"uv":[9.78125,4.4375,9.90625,4.53125],"tintindex":0,"rotation":0,"texture":"#0"},"south":{"uv":[9.84375,7.71875,9.9375,7.8125],"tintindex":0,"rotation":0,"texture":"#0"},"north":{"uv":[9.84375,7.0,9.9375,7.09375],"tintindex":0,"rotation":0,"texture":"#0"},"west":{"uv":[9.78125,4.625,9.90625,4.71875],"tintindex":0,"rotation":0,"texture":"#0"},"up":{"uv":[9.875,5.03125,9.78125,4.90625],"tintindex":0,"rotation":0,"texture":"#0"},"down":{"uv":[9.875,5.03125,9.78125,5.15625],"tintindex":0,"rotation":0,"texture":"#0"}},"rotation":{"origin":[8.340371,7.88192,17.800373],"angle":-22.5,"axis":"x"}},{"from":[8.040371,7.363876,18.519234],"to":[8.640371,7.963877,19.619232],"faces":{"east":{"uv":[9.78125,4.71875,9.90625,4.8125],"tintindex":0,"rotation":0,"texture":"#0"},"south":{"uv":[9.84375,7.90625,9.9375,8.0],"tintindex":0,"rotation":0,"texture":"#0"},"north":{"uv":[9.84375,7.8125,9.9375,7.90625],"tintindex":0,"rotation":0,"texture":"#0"},"west":{"uv":[9.78125,5.15625,9.90625,5.25],"tintindex":0,"rotation":0,"texture":"#0"},"up":{"uv":[9.875,5.375,9.78125,5.25],"tintindex":0,"rotation":0,"texture":"#0"},"down":{"uv":[5.59375,9.78125,5.5,9.90625],"tintindex":0,"rotation":0,"texture":"#0"}}},{"from":[5.399857,-7.312396,17.06929],"to":[10.399857,2.687604,21.06929],"faces":{"east":{"uv":[0.78125,7.4375,1.03125,8.0625],"tintindex":0,"rotation":0,"texture":"#0"},"south":{"uv":[6.9375,5.4375,7.25,6.0625],"tintindex":0,"rotation":0,"texture":"#0"},"north":{"uv":[3.625,6.9375,3.9375,7.5625],"tintindex":0,"rotation":0,"texture":"#0"},"west":{"uv":[1.03125,7.4375,1.28125,8.0625],"tintindex":0,"rotation":0,"texture":"#0"},"up":{"uv":[8.78125,3.9375,8.46875,3.6875],"tintindex":0,"rotation":0,"texture":"#0"},"down":{"uv":[8.78125,3.9375,8.46875,4.1875],"tintindex":0,"rotation":0,"texture":"#0"}},"rotation":{"origin":[0.89985704,10.500603,21.719238],"angle":22.5,"axis":"x"}}],"display":{"gui":{"rotation":[30,225,0]}}}