{"textures":{"0":"modelengine:entity/nocsy_dragon_full"},"elements":[{"from":[6.100143,1.5980787,5.092144],"to":[10.100143,11.598078,12.092143],"faces":{"east":{"uv":[4.71875,6.4375,5.15625,7.0625],"tintindex":0,"rotation":0,"texture":"#0"},"south":{"uv":[0.53125,7.375,0.78125,8.0],"tintindex":0,"rotation":0,"texture":"#0"},"north":{"uv":[0.28125,7.375,0.53125,8.0],"tintindex":0,"rotation":0,"texture":"#0"},"west":{"uv":[5.15625,6.4375,5.59375,7.0625],"tintindex":0,"rotation":0,"texture":"#0"},"up":{"uv":[6.625,8.3125,6.375,7.875],"tintindex":0,"rotation":0,"texture":"#0"},"down":{"uv":[6.875,7.875,6.625,8.3125],"tintindex":0,"rotation":0,"texture":"#0"}}},{"from":[6.359629,2.8819203,15.000373],"to":[8.759628,5.281921,17.400375],"faces":{"east":{"uv":[9.625,7.0,9.75,7.125],"tintindex":0,"rotation":0,"texture":"#0"},"south":{"uv":[9.625,7.125,9.75,7.25],"tintindex":0,"rotation":0,"texture":"#0"},"north":{"uv":[7.0,9.625,7.125,9.75],"tintindex":0,"rotation":0,"texture":"#0"},"west":{"uv":[9.625,7.25,9.75,7.375],"tintindex":0,"rotation":0,"texture":"#0"},"up":{"uv":[9.75,7.9375,9.625,7.8125],"tintindex":0,"rotation":0,"texture":"#0"},"down":{"uv":[9.75,7.9375,9.625,8.0625],"tintindex":0,"rotation":0,"texture":"#0"}}},{"from":[5.700143,-7.6123953,17.669289],"to":[10.500143,-5.4123964,20.96929],"faces":{"east":{"uv":[8.5,6.34375,8.71875,6.5],"tintindex":0,"rotation":0,"texture":"#0"},"south":{"uv":[8.9375,0.3125,9.25,0.46875],"tintindex":0,"rotation":0,"texture":"#0"},"north":{"uv":[8.46875,4.1875,8.78125,4.34375],"tintindex":0,"rotation":0,"texture":"#0"},"west":{"uv":[9.125,4.34375,9.34375,4.5],"tintindex":0,"rotation":0,"texture":"#0"},"up":{"uv":[8.90625,7.90625,8.59375,7.6875],"tintindex":0,"rotation":0,"texture":"#0"},"down":{"uv":[8.9375,0.25,8.625,0.46875],"tintindex":0,"rotation":0,"texture":"#0"}},"rotation":{"origin":[15.100143,10.500603,21.719238],"angle":22.5,"axis":"x"}},{"from":[6.659629,-0.20333576,18.929228],"to":[8.459629,1.8966637,21.029228],"faces":{"east":{"uv":[9.625,8.1875,9.75,8.3125],"tintindex":0,"rotation":0,"texture":"#0"},"south":{"uv":[9.625,8.3125,9.75,8.4375],"tintindex":0,"rotation":0,"texture":"#0"},"north":{"uv":[9.625,8.0625,9.75,8.1875],"tintindex":0,"rotation":0,"texture":"#0"},"west":{"uv":[9.625,8.4375,9.75,8.5625],"tintindex":0,"rotation":0,"texture":"#0"},"up":{"uv":[8.65625,9.75,8.53125,9.625],"tintindex":0,"rotation":0,"texture":"#0"},"down":{"uv":[9.75,8.5625,9.625,8.6875],"tintindex":0,"rotation":0,"texture":"#0"}},"rotation":{"origin":[4.459718,11.454199,30.29609],"angle":22.5,"axis":"x"}},{"from":[7.159629,6.7819195,17.300373],"to":[8.159629,7.7819195,18.800373],"faces":{"east":{"uv":[9.78125,3.40625,9.90625,3.5],"tintindex":0,"rotation":0,"texture":"#0"},"south":{"uv":[3.71875,9.84375,3.8125,9.9375],"tintindex":0,"rotation":0,"texture":"#0"},"north":{"uv":[9.84375,3.65625,9.9375,3.75],"tintindex":0,"rotation":0,"texture":"#0"},"west":{"uv":[9.78125,3.90625,9.90625,4.0],"tintindex":0,"rotation":0,"texture":"#0"},"up":{"uv":[4.59375,8.96875,4.5,8.84375],"tintindex":0,"rotation":0,"texture":"#0"},"down":{"uv":[2.5625,8.96875,2.46875,9.09375],"tintindex":0,"rotation":0,"texture":"#0"}},"rotation":{"origin":[7.659629,7.88192,17.800373],"angle":-22.5,"axis":"x"}},{"from":[6.959629,-1.6117516,23.727686],"to":[8.359629,-0.21175194,25.127687],"faces":{"east":{"uv":[3.125,9.84375,3.21875,9.9375],"tintindex":0,"rotation":0,"texture":"#0"},"south":{"uv":[3.21875,9.84375,3.3125,9.9375],"tintindex":0,"rotation":0,"texture":"#0"},"north":{"uv":[2.625,9.84375,2.71875,9.9375],"tintindex":0,"rotation":0,"texture":"#0"},"west":{"uv":[3.4375,9.84375,3.53125,9.9375],"tintindex":0,"rotation":0,"texture":"#0"},"up":{"uv":[3.625,9.9375,3.53125,9.84375],"tintindex":0,"rotation":0,"texture":"#0"},"down":{"uv":[3.71875,9.84375,3.625,9.9375],"tintindex":0,"rotation":0,"texture":"#0"}},"rotation":{"origin":[4.459718,11.454199,30.29609],"angle":45.0,"axis":"x"}},{"from":[7.105143,-1.6900015,11.941219],"to":[10.095142,3.2999983,18.93122],"faces":{"east":{"uv":[7.53125,2.21875,7.96875,2.53125],"tintindex":0,"rotation":0,"texture":"#0"},"south":{"uv":[8.90625,7.34375,9.09375,7.65625],"tintindex":0,"rotation":0,"texture":"#0"},"north":{"uv":[7.21875,8.875,7.40625,9.1875],"tintindex":0,"rotation":0,"texture":"#0"},"west":{"uv":[6.03125,7.53125,6.46875,7.84375],"tintindex":0,"rotation":0,"texture":"#0"},"up":{"uv":[8.40625,8.5,8.21875,8.0625],"tintindex":0,"rotation":0,"texture":"#0"},"down":{"uv":[8.15625,8.25,7.96875,8.6875],"tintindex":0,"rotation":0,"texture":"#0"}},"rotation":{"origin":[15.100143,10.500603,21.719238],"angle":22.5,"axis":"x"}},{"from":[7.3596287,7.363876,18.519234],"to":[7.959629,7.963877,19.619232],"faces":{"east":{"uv":[9.78125,4.25,9.90625,4.34375],"tintindex":0,"rotation":0,"texture":"#0"},"south":{"uv":[3.90625,9.84375,4.0,9.9375],"tintindex":0,"rotation":0,"texture":"#0"},"north":{"uv":[3.8125,9.84375,3.90625,9.9375],"tintindex":0,"rotation":0,"texture":"#0"},"west":{"uv":[9.78125,4.34375,9.90625,4.4375],"tintindex":0,"rotation":0,"texture":"#0"},"up":{"uv":[2.875,9.21875,2.78125,9.09375],"tintindex":0,"rotation":0,"texture":"#0"},"down":{"uv":[6.90625,9.28125,6.8125,9.40625],"tintindex":0,"rotation":0,"texture":"#0"}}},{"from":[5.600143,-7.312396,17.06929],"to":[10.600143,2.687604,21.06929],"faces":{"east":{"uv":[7.375,1.25,7.625,1.875],"tintindex":0,"rotation":0,"texture":"#0"},"south":{"uv":[3.3125,6.9375,3.625,7.5625],"tintindex":0,"rotation":0,"texture":"#0"},"north":{"uv":[1.75,6.9375,2.0625,7.5625],"tintindex":0,"rotation":0,"texture":"#0"},"west":{"uv":[2.3125,7.375,2.5625,8.0],"tintindex":0,"rotation":0,"texture":"#0"},"up":{"uv":[8.71875,8.25,8.40625,8.0],"tintindex":0,"rotation":0,"texture":"#0"},"down":{"uv":[8.71875,8.25,8.40625,8.5],"tintindex":0,"rotation":0,"texture":"#0"}},"rotation":{"origin":[15.100143,10.500603,21.719238],"angle":22.5,"axis":"x"}}],"display":{"gui":{"rotation":[30,225,0]}}}