{"textures":{"0":"modelengine:entity/nocsy_dragon_full"},"elements":[{"from":[7.440514,-1.6380501,7.690016],"to":[9.840514,0.76195,10.090015],"faces":{"east":{"uv":[9.65625,9.0625,9.78125,9.1875],"tintindex":0,"rotation":0,"texture":"#0"},"south":{"uv":[9.15625,9.65625,9.28125,9.78125],"tintindex":0,"rotation":0,"texture":"#0"},"north":{"uv":[9.03125,9.65625,9.15625,9.78125],"tintindex":0,"rotation":0,"texture":"#0"},"west":{"uv":[9.28125,9.65625,9.40625,9.78125],"tintindex":0,"rotation":0,"texture":"#0"},"up":{"uv":[0.125,9.8125,0.0,9.6875],"tintindex":0,"rotation":0,"texture":"#0"},"down":{"uv":[0.25,9.6875,0.125,9.8125],"tintindex":0,"rotation":0,"texture":"#0"}}},{"from":[6.0,4.417096,4.555919],"to":[10.0,11.417097,11.55592],"faces":{"east":{"uv":[7.0625,7.125,7.5,7.5625],"tintindex":0,"rotation":0,"texture":"#0"},"south":{"uv":[7.96875,7.375,8.21875,7.8125],"tintindex":0,"rotation":0,"texture":"#0"},"north":{"uv":[7.96875,6.0625,8.21875,6.5],"tintindex":0,"rotation":0,"texture":"#0"},"west":{"uv":[7.15625,2.5625,7.59375,3.0],"tintindex":0,"rotation":0,"texture":"#0"},"up":{"uv":[8.21875,8.25,7.96875,7.8125],"tintindex":0,"rotation":0,"texture":"#0"},"down":{"uv":[0.5,8.0,0.25,8.4375],"tintindex":0,"rotation":0,"texture":"#0"}}},{"from":[6.0,-4.9502525,0.025648594],"to":[9.0,1.0497475,5.025648],"faces":{"east":{"uv":[7.65625,7.65625,7.96875,8.03125],"tintindex":0,"rotation":0,"texture":"#0"},"south":{"uv":[7.03125,8.5625,7.21875,8.9375],"tintindex":0,"rotation":0,"texture":"#0"},"north":{"uv":[8.53125,5.65625,8.71875,6.03125],"tintindex":0,"rotation":0,"texture":"#0"},"west":{"uv":[7.75,0.4375,8.0625,0.8125],"tintindex":0,"rotation":0,"texture":"#0"},"up":{"uv":[3.4375,9.25,3.25,8.9375],"tintindex":0,"rotation":0,"texture":"#0"},"down":{"uv":[3.90625,8.9375,3.71875,9.25],"tintindex":0,"rotation":0,"texture":"#0"}},"rotation":{"origin":[7.5,-11.350082,16.66749],"angle":22.5,"axis":"x"}},{"from":[6.6,-2.778843,1.7218385],"to":[10.6,1.2211561,9.721839],"faces":{"east":{"uv":[5.46875,7.59375,5.96875,7.84375],"tintindex":0,"rotation":0,"texture":"#0"},"south":{"uv":[7.40625,8.71875,7.65625,8.96875],"tintindex":0,"rotation":0,"texture":"#0"},"north":{"uv":[5.96875,8.71875,6.21875,8.96875],"tintindex":0,"rotation":0,"texture":"#0"},"west":{"uv":[7.625,0.0,8.125,0.25],"tintindex":0,"rotation":0,"texture":"#0"},"up":{"uv":[7.875,1.75,7.625,1.25],"tintindex":0,"rotation":0,"texture":"#0"},"down":{"uv":[7.875,4.375,7.625,4.875],"tintindex":0,"rotation":0,"texture":"#0"}}},{"from":[7.1,-2.278843,-1.778162],"to":[10.1,0.7211561,3.2218385],"faces":{"east":{"uv":[8.5,6.125,8.84375,6.34375],"tintindex":0,"rotation":0,"texture":"#0"},"south":{"uv":[6.875,8.9375,7.09375,9.15625],"tintindex":0,"rotation":0,"texture":"#0"},"north":{"uv":[6.65625,8.9375,6.875,9.15625],"tintindex":0,"rotation":0,"texture":"#0"},"west":{"uv":[8.15625,8.5,8.5,8.71875],"tintindex":0,"rotation":0,"texture":"#0"},"up":{"uv":[8.71875,8.84375,8.5,8.5],"tintindex":0,"rotation":0,"texture":"#0"},"down":{"uv":[8.75,2.5,8.53125,2.84375],"tintindex":0,"rotation":0,"texture":"#0"}}},{"from":[7.740514,-2.4483404,9.269406],"to":[9.540514,-0.348341,11.369406],"faces":{"east":{"uv":[0.625,9.6875,0.75,9.8125],"tintindex":0,"rotation":0,"texture":"#0"},"south":{"uv":[0.75,9.6875,0.875,9.8125],"tintindex":0,"rotation":0,"texture":"#0"},"north":{"uv":[9.6875,0.125,9.8125,0.25],"tintindex":0,"rotation":0,"texture":"#0"},"west":{"uv":[9.6875,1.3125,9.8125,1.4375],"tintindex":0,"rotation":0,"texture":"#0"},"up":{"uv":[1.9375,9.8125,1.8125,9.6875],"tintindex":0,"rotation":0,"texture":"#0"},"down":{"uv":[2.0625,9.6875,1.9375,9.8125],"tintindex":0,"rotation":0,"texture":"#0"}},"rotation":{"origin":[8.580514,-1.3991022,11.509679],"angle":22.5,"axis":"x"}},{"from":[7.840514,-2.1577034,11.091945],"to":[9.240514,-0.7577038,12.491945],"faces":{"east":{"uv":[2.71875,9.875,2.8125,9.96875],"tintindex":0,"rotation":0,"texture":"#0"},"south":{"uv":[2.8125,9.875,2.90625,9.96875],"tintindex":0,"rotation":0,"texture":"#0"},"north":{"uv":[1.6875,9.875,1.78125,9.96875],"tintindex":0,"rotation":0,"texture":"#0"},"west":{"uv":[2.90625,9.875,3.0,9.96875],"tintindex":0,"rotation":0,"texture":"#0"},"up":{"uv":[3.09375,9.96875,3.0,9.875],"tintindex":0,"rotation":0,"texture":"#0"},"down":{"uv":[3.40625,9.875,3.3125,9.96875],"tintindex":0,"rotation":0,"texture":"#0"}},"rotation":{"origin":[8.580514,-1.3991022,11.509679],"angle":45.0,"axis":"x"}},{"from":[8.040514,-2.5380497,11.690016],"to":[9.040514,-1.5380507,13.690016],"faces":{"east":{"uv":[9.75,4.53125,9.90625,4.625],"tintindex":0,"rotation":0,"texture":"#0"},"south":{"uv":[4.59375,9.875,4.6875,9.96875],"tintindex":0,"rotation":0,"texture":"#0"},"north":{"uv":[9.875,3.5,9.96875,3.59375],"tintindex":0,"rotation":0,"texture":"#0"},"west":{"uv":[9.75,4.8125,9.90625,4.90625],"tintindex":0,"rotation":0,"texture":"#0"},"up":{"uv":[7.09375,9.90625,7.0,9.75],"tintindex":0,"rotation":0,"texture":"#0"},"down":{"uv":[9.84375,7.0,9.75,7.15625],"tintindex":0,"rotation":0,"texture":"#0"}}},{"from":[8.040514,-2.7564754,12.303412],"to":[8.640514,-2.156475,13.903412],"faces":{"east":{"uv":[9.75,7.15625,9.90625,7.25],"tintindex":0,"rotation":0,"texture":"#0"},"south":{"uv":[4.78125,9.875,4.875,9.96875],"tintindex":0,"rotation":0,"texture":"#0"},"north":{"uv":[4.6875,9.875,4.78125,9.96875],"tintindex":0,"rotation":0,"texture":"#0"},"west":{"uv":[9.75,7.25,9.90625,7.34375],"tintindex":0,"rotation":0,"texture":"#0"},"up":{"uv":[9.84375,7.9375,9.75,7.78125],"tintindex":0,"rotation":0,"texture":"#0"},"down":{"uv":[9.84375,7.9375,9.75,8.09375],"tintindex":0,"rotation":0,"texture":"#0"}},"rotation":{"origin":[8.380514,-1.0491018,11.109678],"angle":-22.5,"axis":"x"}}],"display":{"gui":{"rotation":[30,225,0]}}}