{"textures":{"0":"modelengine:entity/nocsy_dragon_full"},"elements":[{"from":[6.459486,-2.4483404,9.269406],"to":[8.259485,-0.348341,11.369406],"faces":{"east":{"uv":[9.65625,6.15625,9.78125,6.28125],"tintindex":0,"rotation":0,"texture":"#0"},"south":{"uv":[9.65625,6.28125,9.78125,6.40625],"tintindex":0,"rotation":0,"texture":"#0"},"north":{"uv":[6.0625,9.65625,6.1875,9.78125],"tintindex":0,"rotation":0,"texture":"#0"},"west":{"uv":[9.65625,6.40625,9.78125,6.53125],"tintindex":0,"rotation":0,"texture":"#0"},"up":{"uv":[9.78125,6.78125,9.65625,6.65625],"tintindex":0,"rotation":0,"texture":"#0"},"down":{"uv":[9.78125,6.78125,9.65625,6.90625],"tintindex":0,"rotation":0,"texture":"#0"}},"rotation":{"origin":[7.419486,-1.3991022,11.509679],"angle":22.5,"axis":"x"}},{"from":[6.959486,-2.5380497,11.690016],"to":[7.959486,-1.5380507,13.690016],"faces":{"east":{"uv":[0.96875,9.75,1.125,9.84375],"tintindex":0,"rotation":0,"texture":"#0"},"south":{"uv":[9.8125,9.84375,9.90625,9.9375],"tintindex":0,"rotation":0,"texture":"#0"},"north":{"uv":[9.71875,9.84375,9.8125,9.9375],"tintindex":0,"rotation":0,"texture":"#0"},"west":{"uv":[9.75,1.09375,9.90625,1.1875],"tintindex":0,"rotation":0,"texture":"#0"},"up":{"uv":[1.21875,9.90625,1.125,9.75],"tintindex":0,"rotation":0,"texture":"#0"},"down":{"uv":[1.3125,9.75,1.21875,9.90625],"tintindex":0,"rotation":0,"texture":"#0"}}},{"from":[5.4,-2.778843,1.7218385],"to":[9.4,1.2211561,9.721839],"faces":{"east":{"uv":[7.375,5.1875,7.875,5.4375],"tintindex":0,"rotation":0,"texture":"#0"},"south":{"uv":[2.96875,8.6875,3.21875,8.9375],"tintindex":0,"rotation":0,"texture":"#0"},"north":{"uv":[6.375,8.59375,6.625,8.84375],"tintindex":0,"rotation":0,"texture":"#0"},"west":{"uv":[7.59375,2.53125,8.09375,2.78125],"tintindex":0,"rotation":0,"texture":"#0"},"up":{"uv":[2.0,8.0625,1.75,7.5625],"tintindex":0,"rotation":0,"texture":"#0"},"down":{"uv":[3.9375,7.5625,3.6875,8.0625],"tintindex":0,"rotation":0,"texture":"#0"}}},{"from":[6.159486,-1.6380501,7.690016],"to":[8.559486,0.76195,10.090015],"faces":{"east":{"uv":[9.65625,5.65625,9.78125,5.78125],"tintindex":0,"rotation":0,"texture":"#0"},"south":{"uv":[9.65625,5.78125,9.78125,5.90625],"tintindex":0,"rotation":0,"texture":"#0"},"north":{"uv":[9.65625,5.3125,9.78125,5.4375],"tintindex":0,"rotation":0,"texture":"#0"},"west":{"uv":[9.65625,5.90625,9.78125,6.03125],"tintindex":0,"rotation":0,"texture":"#0"},"up":{"uv":[6.0625,9.78125,5.9375,9.65625],"tintindex":0,"rotation":0,"texture":"#0"},"down":{"uv":[9.78125,6.03125,9.65625,6.15625],"tintindex":0,"rotation":0,"texture":"#0"}}},{"from":[6.759486,-2.1577034,11.091945],"to":[8.159486,-0.7577038,12.491945],"faces":{"east":{"uv":[8.84375,9.84375,8.9375,9.9375],"tintindex":0,"rotation":0,"texture":"#0"},"south":{"uv":[9.34375,9.84375,9.4375,9.9375],"tintindex":0,"rotation":0,"texture":"#0"},"north":{"uv":[9.84375,8.6875,9.9375,8.78125],"tintindex":0,"rotation":0,"texture":"#0"},"west":{"uv":[9.4375,9.84375,9.53125,9.9375],"tintindex":0,"rotation":0,"texture":"#0"},"up":{"uv":[9.625,9.9375,9.53125,9.84375],"tintindex":0,"rotation":0,"texture":"#0"},"down":{"uv":[9.71875,9.84375,9.625,9.9375],"tintindex":0,"rotation":0,"texture":"#0"}},"rotation":{"origin":[7.419486,-1.3991022,11.509679],"angle":45.0,"axis":"x"}},{"from":[5.9,-2.278843,-1.778162],"to":[8.9,0.7211561,3.2218385],"faces":{"east":{"uv":[8.5,1.625,8.84375,1.84375],"tintindex":0,"rotation":0,"texture":"#0"},"south":{"uv":[5.15625,8.9375,5.375,9.15625],"tintindex":0,"rotation":0,"texture":"#0"},"north":{"uv":[8.21875,3.4375,8.4375,3.65625],"tintindex":0,"rotation":0,"texture":"#0"},"west":{"uv":[8.5,1.84375,8.84375,2.0625],"tintindex":0,"rotation":0,"texture":"#0"},"up":{"uv":[5.0625,8.75,4.84375,8.40625],"tintindex":0,"rotation":0,"texture":"#0"},"down":{"uv":[0.46875,8.4375,0.25,8.78125],"tintindex":0,"rotation":0,"texture":"#0"}}},{"from":[6.0,4.417096,4.555919],"to":[10.0,11.417097,11.55592],"faces":{"east":{"uv":[7.09375,2.125,7.53125,2.5625],"tintindex":0,"rotation":0,"texture":"#0"},"south":{"uv":[7.9375,1.6875,8.1875,2.125],"tintindex":0,"rotation":0,"texture":"#0"},"north":{"uv":[7.90625,6.9375,8.15625,7.375],"tintindex":0,"rotation":0,"texture":"#0"},"west":{"uv":[6.625,7.125,7.0625,7.5625],"tintindex":0,"rotation":0,"texture":"#0"},"up":{"uv":[8.21875,3.21875,7.96875,2.78125],"tintindex":0,"rotation":0,"texture":"#0"},"down":{"uv":[8.21875,3.21875,7.96875,3.65625],"tintindex":0,"rotation":0,"texture":"#0"}}},{"from":[7.3594856,-2.7564754,12.303412],"to":[7.959486,-2.156475,13.903412],"faces":{"east":{"uv":[9.75,1.1875,9.90625,1.28125],"tintindex":0,"rotation":0,"texture":"#0"},"south":{"uv":[9.875,0.1875,9.96875,0.28125],"tintindex":0,"rotation":0,"texture":"#0"},"north":{"uv":[0.1875,9.875,0.28125,9.96875],"tintindex":0,"rotation":0,"texture":"#0"},"west":{"uv":[9.75,2.40625,9.90625,2.5],"tintindex":0,"rotation":0,"texture":"#0"},"up":{"uv":[1.40625,9.90625,1.3125,9.75],"tintindex":0,"rotation":0,"texture":"#0"},"down":{"uv":[9.84375,2.5,9.75,2.65625],"tintindex":0,"rotation":0,"texture":"#0"}},"rotation":{"origin":[7.619486,-1.0491018,11.109678],"angle":-22.5,"axis":"x"}},{"from":[7.0,-4.9502525,0.025648594],"to":[10.0,1.0497475,5.025648],"faces":{"east":{"uv":[7.65625,3.53125,7.96875,3.90625],"tintindex":0,"rotation":0,"texture":"#0"},"south":{"uv":[8.53125,2.84375,8.71875,3.21875],"tintindex":0,"rotation":0,"texture":"#0"},"north":{"uv":[3.875,8.375,4.0625,8.75],"tintindex":0,"rotation":0,"texture":"#0"},"west":{"uv":[7.65625,6.0625,7.96875,6.4375],"tintindex":0,"rotation":0,"texture":"#0"},"up":{"uv":[3.0625,9.25,2.875,8.9375],"tintindex":0,"rotation":0,"texture":"#0"},"down":{"uv":[3.25,8.9375,3.0625,9.25],"tintindex":0,"rotation":0,"texture":"#0"}},"rotation":{"origin":[8.5,-11.350082,16.66749],"angle":22.5,"axis":"x"}}],"display":{"gui":{"rotation":[30,225,0]}}}