{"textures":{"0":"modelengine:entity/nocsy_dragon_full"},"elements":[{"from":[7.414186,3.0732794,8.779233],"to":[8.214186,3.8732786,9.579233],"faces":{"east":{"uv":[1.3125,9.5,1.4375,9.625],"tintindex":0,"rotation":0,"texture":"#0"},"south":{"uv":[9.5,2.4375,9.625,2.5625],"tintindex":0,"rotation":0,"texture":"#0"},"north":{"uv":[9.5,1.25,9.625,1.375],"tintindex":0,"rotation":0,"texture":"#0"},"west":{"uv":[9.5,2.5625,9.625,2.6875],"tintindex":0,"rotation":0,"texture":"#0"},"up":{"uv":[9.625,2.8125,9.5,2.6875],"tintindex":0,"rotation":0,"texture":"#0"},"down":{"uv":[9.625,3.3125,9.5,3.4375],"tintindex":0,"rotation":0,"texture":"#0"}},"rotation":{"origin":[8.700216,9.798752,13.551283],"angle":45.0,"axis":"x"}},{"from":[7.564186,11.294407,5.667509],"to":[8.064186,12.294407,6.167509],"faces":{"east":{"uv":[3.5625,9.6875,3.65625,9.84375],"tintindex":0,"rotation":0,"texture":"#0"},"south":{"uv":[3.65625,9.6875,3.75,9.84375],"tintindex":0,"rotation":0,"texture":"#0"},"north":{"uv":[3.46875,9.6875,3.5625,9.84375],"tintindex":0,"rotation":0,"texture":"#0"},"west":{"uv":[3.75,9.6875,3.84375,9.84375],"tintindex":0,"rotation":0,"texture":"#0"},"up":{"uv":[9.875,6.375,9.78125,6.28125],"tintindex":0,"rotation":0,"texture":"#0"},"down":{"uv":[9.875,6.375,9.78125,6.46875],"tintindex":0,"rotation":0,"texture":"#0"}},"rotation":{"origin":[8.700216,9.798752,13.551283],"angle":-22.5,"axis":"x"}},{"from":[7.314186,7.6664333,7.6887693],"to":[8.314186,14.666433,8.688769],"faces":{"east":{"uv":[6.125,7.84375,6.25,8.71875],"tintindex":0,"rotation":0,"texture":"#0"},"south":{"uv":[6.25,7.84375,6.375,8.71875],"tintindex":0,"rotation":0,"texture":"#0"},"north":{"uv":[6.0,7.84375,6.125,8.71875],"tintindex":0,"rotation":0,"texture":"#0"},"west":{"uv":[7.875,0.8125,8.0,1.6875],"tintindex":0,"rotation":0,"texture":"#0"},"up":{"uv":[7.90625,9.59375,7.78125,9.46875],"tintindex":0,"rotation":0,"texture":"#0"},"down":{"uv":[8.40625,9.46875,8.28125,9.59375],"tintindex":0,"rotation":0,"texture":"#0"}}},{"from":[7.564186,27.675549,18.695192],"to":[8.064186,28.175549,20.195192],"faces":{"east":{"uv":[7.65625,3.90625,7.875,4.0],"tintindex":0,"rotation":0,"texture":"#0"},"south":{"uv":[7.09375,9.78125,7.1875,9.875],"tintindex":0,"rotation":0,"texture":"#0"},"north":{"uv":[9.78125,6.8125,9.875,6.90625],"tintindex":0,"rotation":0,"texture":"#0"},"west":{"uv":[8.21875,6.40625,8.4375,6.5],"tintindex":0,"rotation":0,"texture":"#0"},"up":{"uv":[2.5625,8.21875,2.46875,8.0],"tintindex":0,"rotation":0,"texture":"#0"},"down":{"uv":[2.75,8.28125,2.65625,8.5],"tintindex":0,"rotation":0,"texture":"#0"}}},{"from":[7.264186,4.890249,7.184711],"to":[8.364186,5.990248,8.284711],"faces":{"east":{"uv":[9.5,0.75,9.625,0.875],"tintindex":0,"rotation":0,"texture":"#0"},"south":{"uv":[9.5,0.875,9.625,1.0],"tintindex":0,"rotation":0,"texture":"#0"},"north":{"uv":[0.5625,9.5,0.6875,9.625],"tintindex":0,"rotation":0,"texture":"#0"},"west":{"uv":[1.0,9.5,1.125,9.625],"tintindex":0,"rotation":0,"texture":"#0"},"up":{"uv":[9.625,1.125,9.5,1.0],"tintindex":0,"rotation":0,"texture":"#0"},"down":{"uv":[9.625,1.125,9.5,1.25],"tintindex":0,"rotation":0,"texture":"#0"}},"rotation":{"origin":[8.700216,9.798752,13.551283],"angle":22.5,"axis":"x"}},{"from":[7.764186,7.6664333,7.6887693],"to":[7.764186,28.166431,23.68877],"faces":{"east":{"uv":[0.0,0.0,2.0,2.5625],"tintindex":0,"rotation":0,"texture":"#0"},"west":{"uv":[2.0,0.0,4.0,2.5625],"tintindex":0,"rotation":0,"texture":"#0"}}},{"from":[7.564186,11.266199,26.410862],"to":[8.064186,11.766199,27.410862],"faces":{"east":{"uv":[8.78125,5.5625,8.9375,5.65625],"tintindex":0,"rotation":0,"texture":"#0"},"south":{"uv":[9.78125,6.71875,9.875,6.8125],"tintindex":0,"rotation":0,"texture":"#0"},"north":{"uv":[9.78125,6.625,9.875,6.71875],"tintindex":0,"rotation":0,"texture":"#0"},"west":{"uv":[8.96875,2.28125,9.125,2.375],"tintindex":0,"rotation":0,"texture":"#0"},"up":{"uv":[3.9375,9.84375,3.84375,9.6875],"tintindex":0,"rotation":0,"texture":"#0"},"down":{"uv":[4.03125,9.6875,3.9375,9.84375],"tintindex":0,"rotation":0,"texture":"#0"}},"rotation":{"origin":[8.700216,15.874702,31.677433],"angle":22.5,"axis":"x"}},{"from":[7.316686,11.542749,10.262211],"to":[8.311686,16.53775,11.257212],"faces":{"east":{"uv":[6.78125,8.3125,6.90625,8.9375],"tintindex":0,"rotation":0,"texture":"#0"},"south":{"uv":[6.90625,8.3125,7.03125,8.9375],"tintindex":0,"rotation":0,"texture":"#0"},"north":{"uv":[6.65625,8.3125,6.78125,8.9375],"tintindex":0,"rotation":0,"texture":"#0"},"west":{"uv":[0.0,8.34375,0.125,8.96875],"tintindex":0,"rotation":0,"texture":"#0"},"up":{"uv":[9.625,8.28125,9.5,8.15625],"tintindex":0,"rotation":0,"texture":"#0"},"down":{"uv":[9.625,8.28125,9.5,8.40625],"tintindex":0,"rotation":0,"texture":"#0"}},"rotation":{"origin":[8.700216,19.498753,16.826283],"angle":22.5,"axis":"x"}},{"from":[7.364186,7.3664327,6.638769],"to":[8.264186,8.266434,8.538769],"faces":{"east":{"uv":[9.15625,1.6875,9.40625,1.8125],"tintindex":0,"rotation":0,"texture":"#0"},"south":{"uv":[0.4375,9.5,0.5625,9.625],"tintindex":0,"rotation":0,"texture":"#0"},"north":{"uv":[9.46875,9.4375,9.59375,9.5625],"tintindex":0,"rotation":0,"texture":"#0"},"west":{"uv":[9.15625,1.8125,9.40625,1.9375],"tintindex":0,"rotation":0,"texture":"#0"},"up":{"uv":[5.125,9.34375,5.0,9.09375],"tintindex":0,"rotation":0,"texture":"#0"},"down":{"uv":[9.28125,1.9375,9.15625,2.1875],"tintindex":0,"rotation":0,"texture":"#0"}}},{"from":[7.364186,13.417383,17.63992],"to":[8.264186,14.317383,24.039919],"faces":{"east":{"uv":[7.96875,2.375,8.78125,2.5],"tintindex":0,"rotation":0,"texture":"#0"},"south":{"uv":[9.5,4.15625,9.625,4.28125],"tintindex":0,"rotation":0,"texture":"#0"},"north":{"uv":[4.15625,9.5,4.28125,9.625],"tintindex":0,"rotation":0,"texture":"#0"},"west":{"uv":[7.96875,6.5,8.78125,6.625],"tintindex":0,"rotation":0,"texture":"#0"},"up":{"uv":[1.03125,8.875,0.90625,8.0625],"tintindex":0,"rotation":0,"texture":"#0"},"down":{"uv":[1.15625,8.0625,1.03125,8.875],"tintindex":0,"rotation":0,"texture":"#0"}}},{"from":[7.264186,13.342384,22.939919],"to":[8.364186,14.442383,25.039919],"faces":{"east":{"uv":[9.15625,2.1875,9.40625,2.3125],"tintindex":0,"rotation":0,"texture":"#0"},"south":{"uv":[9.5,4.90625,9.625,5.03125],"tintindex":0,"rotation":0,"texture":"#0"},"north":{"uv":[9.5,4.5625,9.625,4.6875],"tintindex":0,"rotation":0,"texture":"#0"},"west":{"uv":[9.15625,2.9375,9.40625,3.0625],"tintindex":0,"rotation":0,"texture":"#0"},"up":{"uv":[9.28125,3.84375,9.15625,3.59375],"tintindex":0,"rotation":0,"texture":"#0"},"down":{"uv":[4.40625,9.15625,4.28125,9.40625],"tintindex":0,"rotation":0,"texture":"#0"}}},{"from":[7.314186,12.47328,12.654234],"to":[8.314186,23.973278,13.654234],"faces":{"east":{"uv":[2.1875,6.9375,2.3125,8.375],"tintindex":0,"rotation":0,"texture":"#0"},"south":{"uv":[3.9375,6.9375,4.0625,8.375],"tintindex":0,"rotation":0,"texture":"#0"},"north":{"uv":[2.0625,6.9375,2.1875,8.375],"tintindex":0,"rotation":0,"texture":"#0"},"west":{"uv":[2.75,7.25,2.875,8.6875],"tintindex":0,"rotation":0,"texture":"#0"},"up":{"uv":[9.625,8.53125,9.5,8.40625],"tintindex":0,"rotation":0,"texture":"#0"},"down":{"uv":[8.65625,9.5,8.53125,9.625],"tintindex":0,"rotation":0,"texture":"#0"}},"rotation":{"origin":[8.700216,19.498753,19.276283],"angle":45.0,"axis":"x"}},{"from":[7.364186,27.41762,18.656713],"to":[8.264186,28.317621,19.556715],"faces":{"east":{"uv":[9.5,8.90625,9.625,9.03125],"tintindex":0,"rotation":0,"texture":"#0"},"south":{"uv":[9.5,9.03125,9.625,9.15625],"tintindex":0,"rotation":0,"texture":"#0"},"north":{"uv":[9.5,8.78125,9.625,8.90625],"tintindex":0,"rotation":0,"texture":"#0"},"west":{"uv":[9.53125,0.0,9.65625,0.125],"tintindex":0,"rotation":0,"texture":"#0"},"up":{"uv":[0.375,9.65625,0.25,9.53125],"tintindex":0,"rotation":0,"texture":"#0"},"down":{"uv":[9.65625,0.4375,9.53125,0.5625],"tintindex":0,"rotation":0,"texture":"#0"}},"rotation":{"origin":[7.814186,27.867622,19.106714],"angle":-22.5,