{"textures":{"0":"modelengine:entity/nocsy_dragon_full"},"elements":[{"from":[6.0555553,9.061693,11.24939],"to":[10.055555,13.061693,17.24939],"faces":{"east":{"uv":[9.40625,2.1875,9.59375,2.3125],"tintindex":0,"rotation":0,"texture":"#0"},"south":{"uv":[2.5625,9.6875,2.6875,9.8125],"tintindex":0,"rotation":0,"texture":"#0"},"north":{"uv":[2.4375,9.6875,2.5625,9.8125],"tintindex":0,"rotation":0,"texture":"#0"},"west":{"uv":[2.90625,9.40625,3.09375,9.53125],"tintindex":0,"rotation":0,"texture":"#0"},"up":{"uv":[9.53125,3.09375,9.40625,2.90625],"tintindex":0,"rotation":0,"texture":"#0"},"down":{"uv":[3.21875,9.40625,3.09375,9.59375],"tintindex":0,"rotation":0,"texture":"#0"}},"rotation":{"origin":[8.255555,-16.919989,27.989923],"angle":-22.5,"axis":"x"}},{"from":[4.255555,10.861692,13.24939],"to":[12.255555,18.861692,19.24939],"faces":{"east":{"uv":[5.375,8.96875,5.5625,9.21875],"tintindex":0,"rotation":0,"texture":"#0"},"south":{"uv":[7.90625,8.71875,8.15625,8.96875],"tintindex":0,"rotation":0,"texture":"#0"},"north":{"uv":[7.65625,8.71875,7.90625,8.96875],"tintindex":0,"rotation":0,"texture":"#0"},"west":{"uv":[5.5625,8.96875,5.75,9.21875],"tintindex":0,"rotation":0,"texture":"#0"},"up":{"uv":[9.21875,5.75,8.96875,5.5625],"tintindex":0,"rotation":0,"texture":"#0"},"down":{"uv":[6.0,8.96875,5.75,9.15625],"tintindex":0,"rotation":0,"texture":"#0"}},"rotation":{"origin":[8.255555,-16.919989,27.989923],"angle":-22.5,"axis":"x"}},{"from":[3.0555553,16.861692,11.24939],"to":[7.0555553,20.861692,17.24939],"faces":{"east":{"uv":[8.5625,9.375,8.75,9.5],"tintindex":0,"rotation":0,"texture":"#0"},"south":{"uv":[2.1875,9.6875,2.3125,9.8125],"tintindex":0,"rotation":0,"texture":"#0"},"north":{"uv":[2.0625,9.6875,2.1875,9.8125],"tintindex":0,"rotation":0,"texture":"#0"},"west":{"uv":[9.40625,0.3125,9.59375,0.4375],"tintindex":0,"rotation":0,"texture":"#0"},"up":{"uv":[8.875,9.5625,8.75,9.375],"tintindex":0,"rotation":0,"texture":"#0"},"down":{"uv":[9.53125,0.4375,9.40625,0.625],"tintindex":0,"rotation":0,"texture":"#0"}},"rotation":{"origin":[8.255555,-16.919989,27.989923],"angle":-22.5,"axis":"x"}},{"from":[9.255555,16.861692,11.24939],"to":[13.255556,20.861692,17.24939],"faces":{"east":{"uv":[9.40625,0.625,9.59375,0.75],"tintindex":0,"rotation":0,"texture":"#0"},"south":{"uv":[2.3125,9.6875,2.4375,9.8125],"tintindex":0,"rotation":0,"texture":"#0"},"north":{"uv":[9.6875,2.28125,9.8125,2.40625],"tintindex":0,"rotation":0,"texture":"#0"},"west":{"uv":[9.40625,1.53125,9.59375,1.65625],"tintindex":0,"rotation":0,"texture":"#0"},"up":{"uv":[9.53125,1.84375,9.40625,1.65625],"tintindex":0,"rotation":0,"texture":"#0"},"down":{"uv":[2.90625,9.40625,2.78125,9.59375],"tintindex":0,"rotation":0,"texture":"#0"}},"rotation":{"origin":[8.255555,-16.919989,27.989923],"angle":-22.5,"axis":"x"}},{"from":[4.755555,8.348726,11.906811],"to":[4.755555,16.348726,19.90681],"faces":{"east":{"uv":[8.71875,8.15625,8.96875,8.40625],"tintindex":0,"rotation":0,"texture":"#0"},"west":{"uv":[8.71875,8.40625,8.96875,8.65625],"tintindex":0,"rotation":0,"texture":"#0"}},"rotation":{"origin":[11.255555,-16.18539,15.129892],"angle":-45.0,"axis":"x"}},{"from":[7.455555,2.5962906,2.4893608],"to":[7.455555,10.596291,10.489361],"faces":{"east":{"uv":[8.71875,8.65625,8.96875,8.90625],"tintindex":0,"rotation":0,"texture":"#0"},"west":{"uv":[8.75,2.5,9.0,2.75],"tintindex":0,"rotation":0,"texture":"#0"}},"rotation":{"origin":[11.255555,-16.18539,15.129892],"angle":-22.5,"axis":"x"}},{"from":[9.855556,12.048726,19.406809],"to":[12.655555,14.848727,24.20681],"faces":{"east":{"uv":[9.75,8.09375,9.90625,8.1875],"tintindex":0,"rotation":0,"texture":"#0"},"south":{"uv":[9.875,4.90625,9.96875,5.0],"tintindex":0,"rotation":0,"texture":"#0"},"north":{"uv":[4.875,9.875,4.96875,9.96875],"tintindex":0,"rotation":0,"texture":"#0"},"west":{"uv":[9.75,8.1875,9.90625,8.28125],"tintindex":0,"rotation":0,"texture":"#0"},"up":{"uv":[9.84375,8.4375,9.75,8.28125],"tintindex":0,"rotation":0,"texture":"#0"},"down":{"uv":[9.84375,8.4375,9.75,8.59375],"tintindex":0,"rotation":0,"texture":"#0"}},"rotation":{"origin":[11.255555,-16.18539,15.129892],"angle":-45.0,"axis":"x"}},{"from":[3.4555552,12.048726,19.406809],"to":[6.255555,14.848727,24.20681],"faces":{"east":{"uv":[8.5,9.75,8.65625,9.84375],"tintindex":0,"rotation":0,"texture":"#0"},"south":{"uv":[9.875,5.25,9.96875,5.34375],"tintindex":0,"rotation":0,"texture":"#0"},"north":{"uv":[9.875,5.0,9.96875,5.09375],"tintindex":0,"rotation":0,"texture":"#0"},"west":{"uv":[9.75,8.59375,9.90625,8.6875],"tintindex":0,"rotation":0,"texture":"#0"},"up":{"uv":[9.84375,8.84375,9.75,8.6875],"tintindex":0,"rotation":0,"texture":"#0"},"down":{"uv":[8.84375,9.75,8.75,9.90625],"tintindex":0,"rotation":0,"texture":"#0"}},"rotation":{"origin":[11.255555,-16.18539,15.129892],"angle":-45.0,"axis":"x"}},{"from":[11.055555,8.348726,11.906811],"to":[11.055555,16.348726,19.90681],"faces":{"east":{"uv":[8.71875,7.90625,8.96875,8.15625],"tintindex":0,"rotation":0,"texture":"#0"},"west":{"uv":[8.15625,8.71875,8.40625,8.96875],"tintindex":0,"rotation":0,"texture":"#0"}},"rotation":{"origin":[11.255555,-16.18539,15.129892],"angle":-45.0,"axis":"x"}}],"display":{"gui":{"rotation":[30,225,0]}}}