{"textures":{"0":"modelengine:entity/nocsy_dragon_full"},"elements":[{"from":[5.5150003,6.468078,7.2348194],"to":[10.505,8.458078,11.22482],"faces":{"east":{"uv":[9.15625,8.78125,9.40625,8.90625],"tintindex":0,"rotation":0,"texture":"#0"},"south":{"uv":[9.09375,4.03125,9.40625,4.15625],"tintindex":0,"rotation":0,"texture":"#0"},"north":{"uv":[2.46875,9.09375,2.78125,9.21875],"tintindex":0,"rotation":0,"texture":"#0"},"west":{"uv":[1.0,9.1875,1.25,9.3125],"tintindex":0,"rotation":0,"texture":"#0"},"up":{"uv":[8.78125,7.0,8.46875,6.75],"tintindex":0,"rotation":0,"texture":"#0"},"down":{"uv":[8.78125,7.0,8.46875,7.25],"tintindex":0,"rotation":0,"texture":"#0"}}},{"from":[6.9100003,-6.291465,14.482279],"to":[8.91,-3.2914648,16.482279],"faces":{"east":{"uv":[2.40625,9.375,2.53125,9.5625],"tintindex":0,"rotation":0,"texture":"#0"},"south":{"uv":[2.53125,9.375,2.65625,9.5625],"tintindex":0,"rotation":0,"texture":"#0"},"north":{"uv":[2.28125,9.375,2.40625,9.5625],"tintindex":0,"rotation":0,"texture":"#0"},"west":{"uv":[2.65625,9.375,2.78125,9.5625],"tintindex":0,"rotation":0,"texture":"#0"},"up":{"uv":[9.78125,4.53125,9.65625,4.40625],"tintindex":0,"rotation":0,"texture":"#0"},"down":{"uv":[9.78125,4.9375,9.65625,5.0625],"tintindex":0,"rotation":0,"texture":"#0"}},"rotation":{"origin":[8.51,9.999134,24.886312],"angle":45.0,"axis":"x"}},{"from":[9.51,-6.291465,14.482279],"to":[11.51,-3.2914648,16.482279],"faces":{"east":{"uv":[9.375,3.3125,9.5,3.5],"tintindex":0,"rotation":0,"texture":"#0"},"south":{"uv":[9.375,3.84375,9.5,4.03125],"tintindex":0,"rotation":0,"texture":"#0"},"north":{"uv":[9.375,2.71875,9.5,2.90625],"tintindex":0,"rotation":0,"texture":"#0"},"west":{"uv":[3.90625,9.375,4.03125,9.5625],"tintindex":0,"rotation":0,"texture":"#0"},"up":{"uv":[9.78125,5.1875,9.65625,5.0625],"tintindex":0,"rotation":0,"texture":"#0"},"down":{"uv":[9.78125,5.1875,9.65625,5.3125],"tintindex":0,"rotation":0,"texture":"#0"}},"rotation":{"origin":[8.51,9.999134,24.886312],"angle":45.0,"axis":"x"}},{"from":[7.2100005,-3.3543587,9.325552],"to":[8.610001,-0.45435905,10.7255535],"faces":{"east":{"uv":[9.40625,8.84375,9.5,9.03125],"tintindex":0,"rotation":0,"texture":"#0"},"south":{"uv":[9.4375,0.0,9.53125,0.1875],"tintindex":0,"rotation":0,"texture":"#0"},"north":{"uv":[9.40625,8.65625,9.5,8.84375],"tintindex":0,"rotation":0,"texture":"#0"},"west":{"uv":[1.125,9.4375,1.21875,9.625],"tintindex":0,"rotation":0,"texture":"#0"},"up":{"uv":[9.9375,8.09375,9.84375,8.0],"tintindex":0,"rotation":0,"texture":"#0"},"down":{"uv":[9.9375,8.28125,9.84375,8.375],"tintindex":0,"rotation":0,"texture":"#0"}},"rotation":{"origin":[8.51,9.999134,24.886312],"angle":22.5,"axis":"x"}},{"from":[4.9100003,-3.3543587,9.325552],"to":[6.3100004,-0.45435905,10.7255535],"faces":{"east":{"uv":[7.03125,9.4375,7.125,9.625],"tintindex":0,"rotation":0,"texture":"#0"},"south":{"uv":[7.125,9.4375,7.21875,9.625],"tintindex":0,"rotation":0,"texture":"#0"},"north":{"uv":[1.21875,9.4375,1.3125,9.625],"tintindex":0,"rotation":0,"texture":"#0"},"west":{"uv":[8.875,9.4375,8.96875,9.625],"tintindex":0,"rotation":0,"texture":"#0"},"up":{"uv":[9.9375,8.46875,9.84375,8.375],"tintindex":0,"rotation":0,"texture":"#0"},"down":{"uv":[9.9375,8.46875,9.84375,8.5625],"tintindex":0,"rotation":0,"texture":"#0"}},"rotation":{"origin":[8.51,9.999134,24.886312],"angle":22.5,"axis":"x"}},{"from":[5.61,-6.7543583,9.025553],"to":[5.61,-3.2543583,12.025553],"faces":{"east":{"uv":[8.96875,8.5625,9.15625,8.78125],"tintindex":0,"rotation":0,"texture":"#0"},"west":{"uv":[8.96875,8.78125,9.15625,9.0],"tintindex":0,"rotation":0,"texture":"#0"}},"rotation":{"origin":[8.51,9.999134,24.886312],"angle":22.5,"axis":"x"}},{"from":[10.41,-6.7543583,9.025553],"to":[10.41,-3.2543583,12.025553],"faces":{"east":{"uv":[7.96875,8.96875,8.15625,9.1875],"tintindex":0,"rotation":0,"texture":"#0"},"west":{"uv":[8.96875,8.125,9.15625,8.34375],"tintindex":0,"rotation":0,"texture":"#0"}},"rotation":{"origin":[8.51,9.999134,24.886312],"angle":22.5,"axis":"x"}},{"from":[5.5150003,6.468078,7.2348194],"to":[10.505,8.458078,11.22482],"faces":{"east":{"uv":[9.15625,8.53125,9.40625,8.65625],"tintindex":0,"rotation":0,"texture":"#0"},"south":{"uv":[1.9375,9.09375,2.25,9.21875],"tintindex":0,"rotation":0,"texture":"#0"},"north":{"uv":[9.09375,0.71875,9.40625,0.84375],"tintindex":0,"rotation":0,"texture":"#0"},"west":{"uv":[9.15625,8.65625,9.40625,8.78125],"tintindex":0,"rotation":0,"texture":"#0"},"up":{"uv":[8.78125,5.40625,8.46875,5.15625],"tintindex":0,"rotation":0,"texture":"#0"},"down":{"uv":[8.78125,5.40625,8.46875,5.65625],"tintindex":0,"rotation":0,"texture":"#0"}}},{"from":[7.9100003,-6.7543583,9.025553],"to":[7.9100003,-3.2543583,12.025553],"faces":{"east":{"uv":[8.15625,8.96875,8.34375,9.1875],"tintindex":0,"rotation":0,"texture":"#0"},"west":{"uv":[8.96875,8.34375,9.15625,8.5625],"tintindex":0,"rotation":0,"texture":"#0"}},"rotation":{"origin":[8.51,9.999134,24.886312],"angle":22.5,"axis":"x"}},{"from":[4.61,-6.291465,14.482279],"to":[6.61,-3.2914648,16.482279],"faces":{"east":{"uv":[1.90625,9.375,2.03125,9.5625],"tintindex":0,"rotation":0,"texture":"#0"},"south":{"uv":[2.03125,9.375,2.15625,9.5625],"tintindex":0,"rotation":0,"texture":"#0"},"north":{"uv":[9.375,1.21875,9.5,1.40625],"tintindex":0,"rotation":0,"texture":"#0"},"west":{"uv":[2.15625,9.375,2.28125,9.5625],"tintindex":0,"rotation":0,"texture":"#0"},"up":{"uv":[9.78125,4.0625,9.65625,3.9375],"tintindex":0,"rotation":0,"texture":"#0"},"down":{"uv":[9.78125,4.28125,9.65625,4.40625],"tintindex":0,"rotation":0,"texture":"#0"}},"rotation":{"origin":[8.51,9.999134,24.886312],"angle":45.0,"axis":"x"}},{"from":[9.81,-3.3543587,9.325552],"to":[11.210001,-0.45435905,10.7255535],"faces":{"east":{"uv":[1.4375,9.46875,1.53125,9.65625],"tintindex":0,"rotation":0,"texture":"#0"},"south":{"uv":[1.71875,9.46875,1.8125,9.65625],"tintindex":0,"rotation":0,"texture":"#0"},"north":{"uv":[8.96875,9.4375,9.0625,9.625],"tintindex":0,"rotation":0,"texture":"#0"},"west":{"uv":[1.8125,9.46875,1.90625,9.65625],"tintindex":0,"rotation":0,"texture":"#0"},"up":{"uv":[8.59375,9.9375,8.5,9.84375],"tintindex":0,"rotation":0,"texture":"#0"},"down":{"uv":[8.6875,9.84375,8.59375,9.9375],"tintindex":0,"rotation":0,"texture":"#0"}},"rotation":{"origin":[8.51,9.999134,24.886312],"angle":22.5,"axis":"x"}}],"display":{"gui":{"rotation":[30,225,0]}}}