{"textures":{"0":"modelengine:entity/nocsy_dragon_full"},"elements":[{"from":[7.2283316,7.654429,7.498688],"to":[8.561665,16.987762,8.832022],"faces":{"east":{"uv":[5.625,7.84375,5.75,8.71875],"tintindex":0,"rotation":0,"texture":"#0"},"south":{"uv":[5.75,7.84375,5.875,8.71875],"tintindex":0,"rotation":0,"texture":"#0"},"north":{"uv":[4.34375,7.84375,4.46875,8.71875],"tintindex":0,"rotation":0,"texture":"#0"},"west":{"uv":[5.875,7.84375,6.0,8.71875],"tintindex":0,"rotation":0,"texture":"#0"},"up":{"uv":[3.46875,9.59375,3.34375,9.46875],"tintindex":0,"rotation":0,"texture":"#0"},"down":{"uv":[9.59375,3.65625,9.46875,3.78125],"tintindex":0,"rotation":0,"texture":"#0"}}},{"from":[7.8283315,2.987761,7.498688],"to":[7.8283315,17.65443,30.165356],"faces":{"east":{"uv":[4.0,0.0,6.125,1.375],"tintindex":0,"rotation":0,"texture":"#0"},"west":{"uv":[4.0,1.375,6.125,2.75],"tintindex":0,"rotation":0,"texture":"#0"}}}],"display":{"gui":{"rotation":[30,225,0]}}}