{"textures":{"0":"modelengine:entity/nocsy_dragon_full"},"elements":[{"from":[6.74,7.7168374,5.8878727],"to":[9.139999,10.116835,8.287872],"faces":{"east":{"uv":[4.78125,9.46875,4.90625,9.59375],"tintindex":0,"rotation":0,"texture":"#0"},"south":{"uv":[4.90625,9.46875,5.03125,9.59375],"tintindex":0,"rotation":0,"texture":"#0"},"north":{"uv":[4.65625,9.46875,4.78125,9.59375],"tintindex":0,"rotation":0,"texture":"#0"},"west":{"uv":[6.25,9.46875,6.375,9.59375],"tintindex":0,"rotation":0,"texture":"#0"},"up":{"uv":[6.5,9.59375,6.375,9.46875],"tintindex":0,"rotation":0,"texture":"#0"},"down":{"uv":[6.625,9.46875,6.5,9.59375],"tintindex":0,"rotation":0,"texture":"#0"}}},{"from":[7.34,16.44415,11.381544],"to":[8.74,17.844149,12.781545],"faces":{"east":{"uv":[9.78125,5.71875,9.875,5.8125],"tintindex":0,"rotation":0,"texture":"#0"},"south":{"uv":[9.78125,5.8125,9.875,5.90625],"tintindex":0,"rotation":0,"texture":"#0"},"north":{"uv":[9.78125,5.625,9.875,5.71875],"tintindex":0,"rotation":0,"texture":"#0"},"west":{"uv":[5.875,9.78125,5.96875,9.875],"tintindex":0,"rotation":0,"texture":"#0"},"up":{"uv":[9.875,6.0,9.78125,5.90625],"tintindex":0,"rotation":0,"texture":"#0"},"down":{"uv":[6.0625,9.78125,5.96875,9.875],"tintindex":0,"rotation":0,"texture":"#0"}},"rotation":{"origin":[4.8400893,23.012554,-0.2844057],"angle":45.0,"axis":"x"}},{"from":[7.74,8.833925,-4.615264],"to":[8.34,9.433928,-3.0152645],"faces":{"east":{"uv":[8.625,0.46875,8.78125,0.5625],"tintindex":0,"rotation":0,"texture":"#0"},"south":{"uv":[9.78125,6.1875,9.875,6.28125],"tintindex":0,"rotation":0,"texture":"#0"},"north":{"uv":[9.78125,6.09375,9.875,6.1875],"tintindex":0,"rotation":0,"texture":"#0"},"west":{"uv":[0.46875,8.6875,0.625,8.78125],"tintindex":0,"rotation":0,"texture":"#0"},"up":{"uv":[3.25,9.84375,3.15625,9.6875],"tintindex":0,"rotation":0,"texture":"#0"},"down":{"uv":[3.34375,9.6875,3.25,9.84375],"tintindex":0,"rotation":0,"texture":"#0"}},"rotation":{"origin":[4.940089,24.612553,-4.084405],"angle":-22.5,"axis":"x"}},{"from":[7.54,10.016834,2.2878723],"to":[8.54,11.016834,4.2878723],"faces":{"east":{"uv":[8.53125,6.03125,8.6875,6.125],"tintindex":0,"rotation":0,"texture":"#0"},"south":{"uv":[6.0625,9.78125,6.15625,9.875],"tintindex":0,"rotation":0,"texture":"#0"},"north":{"uv":[9.78125,6.0,9.875,6.09375],"tintindex":0,"rotation":0,"texture":"#0"},"west":{"uv":[8.59375,5.0625,8.75,5.15625],"tintindex":0,"rotation":0,"texture":"#0"},"up":{"uv":[7.21875,9.78125,7.125,9.625],"tintindex":0,"rotation":0,"texture":"#0"},"down":{"uv":[2.78125,9.6875,2.6875,9.84375],"tintindex":0,"rotation":0,"texture":"#0"}}},{"from":[7.04,11.645692,9.2731285],"to":[8.84,13.745688,11.373129],"faces":{"east":{"uv":[9.46875,6.625,9.59375,6.75],"tintindex":0,"rotation":0,"texture":"#0"},"south":{"uv":[7.21875,9.46875,7.34375,9.59375],"tintindex":0,"rotation":0,"texture":"#0"},"north":{"uv":[6.625,9.46875,6.75,9.59375],"tintindex":0,"rotation":0,"texture":"#0"},"west":{"uv":[9.46875,7.4375,9.59375,7.5625],"tintindex":0,"rotation":0,"texture":"#0"},"up":{"uv":[7.65625,9.59375,7.53125,9.46875],"tintindex":0,"rotation":0,"texture":"#0"},"down":{"uv":[7.78125,9.46875,7.65625,9.59375],"tintindex":0,"rotation":0,"texture":"#0"}},"rotation":{"origin":[4.8400893,23.012554,-0.2844057],"angle":22.5,"axis":"x"}}],"display":{"gui":{"rotation":[30,225,0]}}}