{"textures":{"0":"modelengine:entity/frobat"},"elements":[{"from":[3.027977,3.702805,10.592413],"to":[12.972023,9.146852,13.457038],"faces":{"east":{"uv":[1.485,5.64,1.14,6.375],"tintindex":0,"rotation":0,"texture":"#0"},"south":{"uv":[6.265,0.64,7.625,1.375],"tintindex":0,"rotation":0,"texture":"#0"},"north":{"uv":[5.265,5.265,6.625,6.625],"tintindex":0,"rotation":0,"texture":"#0"},"west":{"uv":[1.14,5.64,1.485,6.375],"tintindex":0,"rotation":0,"texture":"#0"},"up":{"uv":[3.125,6.485,1.765,5.015],"tintindex":0,"rotation":0,"texture":"#0"},"down":{"uv":[4.875,5.265,3.515,6.735],"tintindex":0,"rotation":0,"texture":"#0"}}},{"from":[10.134469,12.19697,7.7497253],"to":[13.922677,16.458704,11.537933],"faces":{"east":{"uv":[1.515,8.765,1.985,9.375],"tintindex":0,"rotation":0,"texture":"#0"},"south":{"uv":[2.265,8.765,2.735,9.375],"tintindex":0,"rotation":0,"texture":"#0"},"north":{"uv":[0.765,8.765,1.235,9.375],"tintindex":0,"rotation":0,"texture":"#0"},"west":{"uv":[3.015,8.765,3.485,9.375],"tintindex":0,"rotation":0,"texture":"#0"},"up":{"uv":[9.235,4.985,8.765,4.515],"tintindex":0,"rotation":0,"texture":"#0"},"down":{"uv":[5.735,8.765,5.265,9.235],"tintindex":0,"rotation":0,"texture":"#0"}},"rotation":{"origin":[12.028573,14.327837,9.643829],"angle":-22.5,"axis":"z"}},{"from":[2.077323,12.19697,7.7497253],"to":[5.865531,16.458704,11.537933],"faces":{"east":{"uv":[7.765,8.265,8.235,8.875],"tintindex":0,"rotation":0,"texture":"#0"},"south":{"uv":[8.515,8.265,8.985,8.875],"tintindex":0,"rotation":0,"texture":"#0"},"north":{"uv":[7.015,8.265,7.485,8.875],"tintindex":0,"rotation":0,"texture":"#0"},"west":{"uv":[0.015,8.765,0.485,9.375],"tintindex":0,"rotation":0,"texture":"#0"},"up":{"uv":[4.235,9.235,3.765,8.765],"tintindex":0,"rotation":0,"texture":"#0"},"down":{"uv":[4.985,8.765,4.515,9.235],"tintindex":0,"rotation":0,"texture":"#0"}},"rotation":{"origin":[3.971427,14.327837,9.643829],"angle":22.5,"axis":"z"}},{"from":[3.3246145,14.971975,8.696777],"to":[5.2187185,19.23371,10.590881],"faces":{"east":{"uv":[7.265,9.265,7.485,9.875],"tintindex":0,"rotation":0,"texture":"#0"},"south":{"uv":[9.265,7.515,9.485,8.125],"tintindex":0,"rotation":0,"texture":"#0"},"north":{"uv":[6.765,9.265,6.985,9.875],"tintindex":0,"rotation":0,"texture":"#0"},"west":{"uv":[7.765,9.265,7.985,9.875],"tintindex":0,"rotation":0,"texture":"#0"},"up":{"uv":[1.235,9.985,1.015,9.765],"tintindex":0,"rotation":0,"texture":"#0"},"down":{"uv":[1.735,9.765,1.515,9.985],"tintindex":0,"rotation":0,"texture":"#0"}},"rotation":{"origin":[4.2716665,17.102842,9.643829],"angle":-22.5,"axis":"z"}},{"from":[2.080925,12.546618,2.9433746],"to":[3.501503,13.967196,6.7315826],"faces":{"east":{"uv":[6.265,4.765,6.735,4.985],"tintindex":0,"rotation":0,"texture":"#0"},"south":{"uv":[9.765,8.265,9.985,8.485],"tintindex":0,"rotation":0,"texture":"#0"},"north":{"uv":[9.765,7.765,9.985,7.985],"tintindex":0,"rotation":0,"texture":"#0"},"west":{"uv":[5.015,9.515,5.485,9.735],"tintindex":0,"rotation":0,"texture":"#0"},"up":{"uv":[8.985,7.985,8.765,7.515],"tintindex":0,"rotation":0,"texture":"#0"},"down":{"uv":[9.735,5.265,9.515,5.735],"tintindex":0,"rotation":0,"texture":"#0"}},"rotation":{"origin":[2.791214,13.256907,4.8374786],"angle":-22.5,"axis":"x"}},{"from":[10.781281,14.971975,8.696777],"to":[12.675385,19.23371,10.590881],"faces":{"east":{"uv":[9.265,8.515,9.485,9.125],"tintindex":0,"rotation":0,"texture":"#0"},"south":{"uv":[8.765,9.265,8.985,9.875],"tintindex":0,"rotation":0,"texture":"#0"},"north":{"uv":[8.265,9.265,8.485,9.875],"tintindex":0,"rotation":0,"texture":"#0"},"west":{"uv":[3.765,9.515,3.985,10.125],"tintindex":0,"rotation":0,"texture":"#0"},"up":{"uv":[9.985,2.735,9.765,2.515],"tintindex":0,"rotation":0,"texture":"#0"},"down":{"uv":[3.235,9.765,3.015,9.985],"tintindex":0,"rotation":0,"texture":"#0"}},"rotation":{"origin":[11.728333,17.102842,9.643829],"angle":22.5,"axis":"z"}},{"from":[3.027977,9.127805,2.0674133],"to":[12.972023,13.571851,13.432037],"faces":{"east":{"uv":[1.485,5.015,0.015,5.625],"tintindex":0,"rotation":0,"texture":"#0"},"south":{"uv":[6.265,0.015,7.625,0.625],"tintindex":0,"rotation":0,"texture":"#0"},"north":{"uv":[5.265,5.265,6.625,5.875],"tintindex":0,"rotation":0,"texture":"#0"},"west":{"uv":[0.015,5.015,1.485,5.625],"tintindex":0,"rotation":0,"texture":"#0"},"up":{"uv":[3.125,6.485,1.765,5.015],"tintindex":0,"rotation":0,"texture":"#0"},"down":{"uv":[4.875,5.265,3.515,6.735],"tintindex":0,"rotation":0,"texture":"#0"}}},{"from":[12.498497,12.546618,2.9433746],"to":[13.919075,13.967196,6.7315826],"faces":{"east":{"uv":[5.765,9.515,6.235,9.735],"tintindex":0,"rotation":0,"texture":"#0"},"south":{"uv":[9.765,9.265,9.985,9.485],"tintindex":0,"rotation":0,"texture":"#0"},"north":{"uv":[9.765,8.765,9.985,8.985],"tintindex":0,"rotation":0,"texture":"#0"},"west":{"uv":[9.515,6.015,9.985,6.235],"tintindex":0,"rotation":0,"texture":"#0"},"up":{"uv":[9.735,6.985,9.515,6.515],"tintindex":0,"rotation":0,"texture":"#0"},"down":{"uv":[9.485,9.515,9.265,9.985],"tintindex":0,"rotation":0,"texture":"#0"}},"rotation":{"origin":[13.208786,13.256907,4.8374786],"angle":-22.5,"axis":"x"}},{"from":[3.027977,3.702805,11.567413],"to":[12.972023,9.146852,13.432037],"faces":{"east":{"uv":[1.485,5.64,1.265,6.375],"tintindex":0,"rotation":0,"texture":"#0"},"south":{"uv":[6.265,0.64,7.625,1.375],"tintindex":0,"rotation":0,"texture":"#0"},"north":{"uv":[5.265,5.265,6.625,5.875],"tintindex":0,"rotation":0,"texture":"#0"},"west":{"uv":[1.265,5.64,1.485,6.375],"tintindex":0,"rotation":0,"texture":"#0"},"up":{"uv":[3.125,6.485,1.765,5.015],"tintindex":0,"rotation":0,"texture":"#0"},"down":{"uv":[4.875,5.39,3.515,5.61],"tintindex":0,"rotation":0,"texture":"#0"}}}],"display":{"gui":{"rotation":[30,225,0]}}}