{"textures":{"0":"modelengine:entity/frobat"},"elements":[{"from":[2.317688,0.06843948,-3.3209248],"to":[13.682312,8.1183815,8.043699],"faces":{"east":{"uv":[6.265,3.265,7.735,4.375],"tintindex":0,"rotation":0,"texture":"#0"},"south":{"uv":[0.015,6.765,1.485,7.875],"tintindex":0,"rotation":0,"texture":"#0"},"north":{"uv":[6.265,1.765,7.735,2.875],"tintindex":0,"rotation":0,"texture":"#0"},"west":{"uv":[1.765,6.765,3.235,7.875],"tintindex":0,"rotation":0,"texture":"#0"},"up":{"uv":[5.985,1.485,4.515,0.015],"tintindex":0,"rotation":0,"texture":"#0"},"down":{"uv":[5.985,1.765,4.515,3.235],"tintindex":0,"rotation":0,"texture":"#0"}}},{"from":[13.398196,8.1183815,-3.3209248],"to":[13.398196,10.4860115,8.043699],"faces":{"east":{"uv":[8.485,4.765,7.015,5.125],"tintindex":0,"rotation":0,"texture":"#0"},"west":{"uv":[7.015,4.765,8.485,5.125],"tintindex":0,"rotation":0,"texture":"#0"}}},{"from":[2.317688,8.1183815,-3.0841618],"to":[13.682312,10.4860115,-3.0841618],"faces":{"south":{"uv":[8.485,6.265,7.015,6.625],"tintindex":0,"rotation":0,"texture":"#0"},"north":{"uv":[7.015,6.265,8.485,6.625],"tintindex":0,"rotation":0,"texture":"#0"}}},{"from":[2.6018038,8.1183815,-3.3209248],"to":[2.6018038,10.4860115,8.043699],"faces":{"east":{"uv":[8.485,4.765,7.015,5.125],"tintindex":0,"rotation":0,"texture":"#0"},"west":{"uv":[7.015,4.765,8.485,5.125],"tintindex":0,"rotation":0,"texture":"#0"}}}],"display":{"gui":{"rotation":[30,225,0]}}}