{"textures":{"0":"modelengine:entity/frobat"},"elements":[{"from":[-0.12273979,9.94187,7.0687323],"to":[9.821306,11.835974,8.962836],"faces":{"east":{"uv":[9.765,1.515,9.985,1.735],"tintindex":0,"rotation":0,"texture":"#0"},"south":{"uv":[5.265,7.765,6.625,7.985],"tintindex":0,"rotation":0,"texture":"#0"},"north":{"uv":[3.515,7.765,4.875,7.985],"tintindex":0,"rotation":0,"texture":"#0"},"west":{"uv":[2.015,9.765,2.235,9.985],"tintindex":0,"rotation":0,"texture":"#0"},"up":{"uv":[8.375,7.985,7.015,7.765],"tintindex":0,"rotation":0,"texture":"#0"},"down":{"uv":[9.375,0.015,8.015,0.235],"tintindex":0,"rotation":0,"texture":"#0"}},"rotation":{"origin":[4.849283,10.888922,8.015784],"angle":-45.0,"axis":"z"}},{"from":[-6.468395,-1.0082359,8.015784],"to":[7.263859,14.618122,8.015784],"faces":{"south":{"uv":[1.875,0.015,0.015,2.125],"tintindex":0,"rotation":0,"texture":"#0"},"north":{"uv":[0.015,0.015,1.875,2.125],"tintindex":0,"rotation":0,"texture":"#0"}}},{"from":[-7.219038,11.359084,7.0213795],"to":[2.725008,13.253189,8.915483],"faces":{"east":{"uv":[9.765,2.015,9.985,2.235],"tintindex":0,"rotation":0,"texture":"#0"},"south":{"uv":[8.015,1.015,9.375,1.235],"tintindex":0,"rotation":0,"texture":"#0"},"north":{"uv":[8.015,0.515,9.375,0.735],"tintindex":0,"rotation":0,"texture":"#0"},"west":{"uv":[2.515,9.765,2.735,9.985],"tintindex":0,"rotation":0,"texture":"#0"},"up":{"uv":[9.375,1.735,8.015,1.515],"tintindex":0,"rotation":0,"texture":"#0"},"down":{"uv":[9.375,2.015,8.015,2.235],"tintindex":0,"rotation":0,"texture":"#0"}},"rotation":{"origin":[-2.247015,12.306136,7.9684315],"angle":22.5,"axis":"z"}}],"display":{"gui":{"rotation":[30,225,0]}}}