{"textures":{"0":"modelengine:entity/frobat"},"elements":[{"from":[13.274992,11.359084,7.0213795],"to":[23.219038,13.253189,8.915483],"faces":{"east":{"uv":[2.735,9.765,2.515,9.985],"tintindex":0,"rotation":0,"texture":"#0"},"south":{"uv":[9.375,1.015,8.015,1.235],"tintindex":0,"rotation":0,"texture":"#0"},"north":{"uv":[9.375,0.515,8.015,0.735],"tintindex":0,"rotation":0,"texture":"#0"},"west":{"uv":[9.985,2.015,9.765,2.235],"tintindex":0,"rotation":0,"texture":"#0"},"up":{"uv":[8.015,1.735,9.375,1.515],"tintindex":0,"rotation":0,"texture":"#0"},"down":{"uv":[8.015,2.015,9.375,2.235],"tintindex":0,"rotation":0,"texture":"#0"}},"rotation":{"origin":[18.247015,12.306136,7.9684315],"angle":-22.5,"axis":"z"}},{"from":[8.736141,-1.0082359,8.015784],"to":[22.468395,14.618122,8.015784],"faces":{"south":{"uv":[0.015,0.015,1.875,2.125],"tintindex":0,"rotation":0,"texture":"#0"},"north":{"uv":[1.875,0.015,0.015,2.125],"tintindex":0,"rotation":0,"texture":"#0"}}},{"from":[6.178694,9.94187,7.0687323],"to":[16.12274,11.835974,8.962836],"faces":{"east":{"uv":[2.235,9.765,2.015,9.985],"tintindex":0,"rotation":0,"texture":"#0"},"south":{"uv":[6.625,7.765,5.265,7.985],"tintindex":0,"rotation":0,"texture":"#0"},"north":{"uv":[4.875,7.765,3.515,7.985],"tintindex":0,"rotation":0,"texture":"#0"},"west":{"uv":[9.985,1.515,9.765,1.735],"tintindex":0,"rotation":0,"texture":"#0"},"up":{"uv":[7.015,7.985,8.375,7.765],"tintindex":0,"rotation":0,"texture":"#0"},"down":{"uv":[8.015,0.015,9.375,0.235],"tintindex":0,"rotation":0,"texture":"#0"}},"rotation":{"origin":[11.150717,10.888922,8.015784],"angle":45.0,"axis":"z"}}],"display":{"gui":{"rotation":[30,225,0]}}}