{"textures":{"0":"modelengine:entity/fisherman_prop"},"elements":[{"from":[5.666667,8.833333,5.0],"to":[10.666667,10.833333,11.0],"faces":{"east":{"uv":[4.5125,3.8875,5.2375,4.1125],"tintindex":0,"rotation":0,"texture":"#0"},"south":{"uv":[2.2625,6.6375,2.8625,6.8625],"tintindex":0,"rotation":0,"texture":"#0"},"north":{"uv":[1.6375,6.6375,2.2375,6.8625],"tintindex":0,"rotation":0,"texture":"#0"},"west":{"uv":[6.5125,0.7625,7.2375,0.9875],"tintindex":0,"rotation":0,"texture":"#0"},"up":{"uv":[6.7375,3.2375,6.1375,2.5125],"tintindex":0,"rotation":0,"texture":"#0"},"down":{"uv":[3.8625,6.2625,3.2625,6.9875],"tintindex":0,"rotation":0,"texture":"#0"}}},{"from":[3.666667,8.333333,10.0],"to":[5.666667,10.333333,11.0],"faces":{"east":{"uv":[2.5125,6.8875,2.6125,7.1125],"tintindex":0,"rotation":0,"texture":"#0"},"south":{"uv":[6.7625,6.1375,6.9875,6.3625],"tintindex":0,"rotation":0,"texture":"#0"},"north":{"uv":[6.7625,5.6375,6.9875,5.8625],"tintindex":0,"rotation":0,"texture":"#0"},"west":{"uv":[6.8875,2.5125,6.9875,2.7375],"tintindex":0,"rotation":0,"texture":"#0"},"up":{"uv":[4.7375,4.2375,4.5125,4.1375],"tintindex":0,"rotation":0,"texture":"#0"},"down":{"uv":[4.9875,4.1375,4.7625,4.2375],"tintindex":0,"rotation":0,"texture":"#0"}},"rotation":{"origin":[4.666667,9.333333,10.5],"angle":-22.5,"axis":"y"}},{"from":[3.666667,8.333333,5.0],"to":[5.666667,10.333333,6.0],"faces":{"east":{"uv":[2.6125,6.8875,2.5125,7.1125],"tintindex":0,"rotation":0,"texture":"#0"},"south":{"uv":[6.9875,5.6375,6.7625,5.8625],"tintindex":0,"rotation":0,"texture":"#0"},"north":{"uv":[6.9875,6.1375,6.7625,6.3625],"tintindex":0,"rotation":0,"texture":"#0"},"west":{"uv":[6.9875,2.5125,6.8875,2.7375],"tintindex":0,"rotation":0,"texture":"#0"},"up":{"uv":[4.7375,4.1375,4.5125,4.2375],"tintindex":0,"rotation":0,"texture":"#0"},"down":{"uv":[4.9875,4.2375,4.7625,4.1375],"tintindex":0,"rotation":0,"texture":"#0"}},"rotation":{"origin":[4.666667,9.333333,5.5],"angle":22.5,"axis":"y"}},{"from":[4.666667,9.833333,9.0],"to":[5.666667,12.833333,10.0],"faces":{"east":{"uv":[6.8875,1.3875,6.9875,1.7375],"tintindex":0,"rotation":0,"texture":"#0"},"south":{"uv":[1.6375,6.8875,1.7375,7.2375],"tintindex":0,"rotation":0,"texture":"#0"},"north":{"uv":[6.8875,1.0125,6.9875,1.3625],"tintindex":0,"rotation":0,"texture":"#0"},"west":{"uv":[1.7625,6.8875,1.8625,7.2375],"tintindex":0,"rotation":0,"texture":"#0"},"up":{"uv":[5.1125,4.2375,5.0125,4.1375],"tintindex":0,"rotation":0,"texture":"#0"},"down":{"uv":[5.2375,4.1375,5.1375,4.2375],"tintindex":0,"rotation":0,"texture":"#0"}}},{"from":[5.666667,7.8333335,4.0],"to":[10.666667,9.833333,12.0],"faces":{"east":{"uv":[6.5125,0.2625,7.4875,0.4875],"tintindex":0,"rotation":0,"texture":"#0"},"south":{"uv":[6.6375,5.8875,7.2375,6.1125],"tintindex":0,"rotation":0,"texture":"#0"},"north":{"uv":[6.6375,2.2625,7.2375,2.4875],"tintindex":0,"rotation":0,"texture":"#0"},"west":{"uv":[6.5125,0.5125,7.4875,0.7375],"tintindex":0,"rotation":0,"texture":"#0"},"up":{"uv":[5.8625,6.8625,5.2625,5.8875],"tintindex":0,"rotation":0,"texture":"#0"},"down":{"uv":[6.4875,5.8875,5.8875,6.8625],"tintindex":0,"rotation":0,"texture":"#0"}}},{"from":[4.666667,9.833333,6.0],"to":[5.666667,12.833333,7.0],"faces":{"east":{"uv":[6.9875,1.3875,6.8875,1.7375],"tintindex":0,"rotation":0,"texture":"#0"},"south":{"uv":[6.9875,1.0125,6.8875,1.3625],"tintindex":0,"rotation":0,"texture":"#0"},"north":{"uv":[1.7375,6.8875,1.6375,7.2375],"tintindex":0,"rotation":0,"texture":"#0"},"west":{"uv":[1.8625,6.8875,1.7625,7.2375],"tintindex":0,"rotation":0,"texture":"#0"},"up":{"uv":[5.1125,4.1375,5.0125,4.2375],"tintindex":0,"rotation":0,"texture":"#0"},"down":{"uv":[5.2375,4.2375,5.1375,4.1375],"tintindex":0,"rotation":0,"texture":"#0"}}}],"display":{"gui":{"rotation":[30,225,0]}}}