{"textures":{"0":"modelengine:entity/blitzcrank"},"elements":[{"from":[0.0,18.0,3.0],"to":[16.0,23.0,12.0],"faces":{"east":{"uv":[13.888888,1.111111,14.888888,1.6666666],"tintindex":0,"rotation":0,"texture":"#0"},"south":{"uv":[7.1111116,12.777778,8.888888,13.333333],"tintindex":0,"rotation":0,"texture":"#0"},"north":{"uv":[12.333334,6.888889,14.111112,7.444444],"tintindex":0,"rotation":0,"texture":"#0"},"west":{"uv":[1.3333334,13.888888,2.3333335,14.444445],"tintindex":0,"rotation":0,"texture":"#0"},"up":{"uv":[12.777778,8.666667,11.0,7.6666665],"tintindex":0,"rotation":0,"texture":"#0"},"down":{"uv":[12.777778,8.666667,11.0,9.666667],"tintindex":0,"rotation":0,"texture":"#0"}}}],"display":{"gui":{"rotation":[30,225,0]}}}