{"textures":{"0":"modelengine:entity/blitzcrank"},"elements":[{"from":[5.0,4.0,5.0],"to":[8.0,9.0,10.0],"faces":{"east":{"uv":[10.0,1.6666666,10.555556,2.222222],"tintindex":0,"rotation":0,"texture":"#0"},"south":{"uv":[12.222222,2.5555556,12.555556,3.1111112],"tintindex":0,"rotation":0,"texture":"#0"},"north":{"uv":[10.666667,3.222222,11.0,3.777778],"tintindex":0,"rotation":0,"texture":"#0"},"west":{"uv":[14.222223,8.111112,14.777778,8.666667],"tintindex":0,"rotation":0,"texture":"#0"},"up":{"uv":[12.444445,14.888888,12.111112,14.333333],"tintindex":0,"rotation":0,"texture":"#0"},"down":{"uv":[1.6666666,14.444445,1.3333334,15.0],"tintindex":0,"rotation":0,"texture":"#0"}}},{"from":[2.0,-4.0,0.0],"to":[11.0,-1.0,15.0],"faces":{"east":{"uv":[5.0,13.666667,6.6666665,14.0],"tintindex":0,"rotation":0,"texture":"#0"},"south":{"uv":[14.222223,7.555556,15.222223,7.888889],"tintindex":0,"rotation":0,"texture":"#0"},"north":{"uv":[8.222222,4.2222223,9.222222,4.555556],"tintindex":0,"rotation":0,"texture":"#0"},"west":{"uv":[8.888888,13.666667,10.555556,14.0],"tintindex":0,"rotation":0,"texture":"#0"},"up":{"uv":[3.4444444,13.333333,2.4444444,11.666667],"tintindex":0,"rotation":0,"texture":"#0"},"down":{"uv":[4.444444,11.666667,3.4444444,13.333333],"tintindex":0,"rotation":0,"texture":"#0"}}},{"from":[3.0,-1.0,3.0],"to":[10.0,4.0,12.0],"faces":{"east":{"uv":[10.555556,13.666667,11.555556,14.222223],"tintindex":0,"rotation":0,"texture":"#0"},"south":{"uv":[5.0,14.0,5.777778,14.555556],"tintindex":0,"rotation":0,"texture":"#0"},"north":{"uv":[14.0,3.6666667,14.777778,4.2222223],"tintindex":0,"rotation":0,"texture":"#0"},"west":{"uv":[13.777778,1.6666666,14.777778,2.222222],"tintindex":0,"rotation":0,"texture":"#0"},"up":{"uv":[3.222222,14.333333,2.4444444,13.333333],"tintindex":0,"rotation":0,"texture":"#0"},"down":{"uv":[4.0,13.333333,3.222222,14.333333],"tintindex":0,"rotation":0,"texture":"#0"}}}],"display":{"gui":{"rotation":[30,225,0]}}}