{"textures":{"0":"modelengine:entity/blitzcrank"},"elements":[{"from":[-1.7255983,-6.1334534,5.0],"to":[3.2744017,3.8665466,11.0],"faces":{"east":{"uv":[6.888889,13.333333,7.555556,14.444445],"tintindex":0,"rotation":0,"texture":"#0"},"south":{"uv":[13.555556,0.0,14.111112,1.111111],"tintindex":0,"rotation":0,"texture":"#0"},"north":{"uv":[13.444445,5.666667,14.0,6.777778],"tintindex":0,"rotation":0,"texture":"#0"},"west":{"uv":[7.555556,13.333333,8.222222,14.444445],"tintindex":0,"rotation":0,"texture":"#0"},"up":{"uv":[14.444445,14.666667,13.888888,14.0],"tintindex":0,"rotation":0,"texture":"#0"},"down":{"uv":[14.666667,0.0,14.111112,0.6666667],"tintindex":0,"rotation":0,"texture":"#0"}}},{"from":[-5.7255983,3.8665466,1.0],"to":[8.274402,11.866547,15.0],"faces":{"east":{"uv":[11.777778,10.555556,13.333333,11.444445],"tintindex":0,"rotation":0,"texture":"#0"},"south":{"uv":[12.222222,1.6666666,13.777778,2.5555556],"tintindex":0,"rotation":0,"texture":"#0"},"north":{"uv":[11.777778,9.666667,13.333333,10.555556],"tintindex":0,"rotation":0,"texture":"#0"},"west":{"uv":[12.333334,4.777778,13.888888,5.666667],"tintindex":0,"rotation":0,"texture":"#0"},"up":{"uv":[12.222222,3.222222,10.666667,1.6666666],"tintindex":0,"rotation":0,"texture":"#0"},"down":{"uv":[12.555556,3.222222,11.0,4.777778],"tintindex":0,"rotation":0,"texture":"#0"}}},{"from":[-5.726598,-4.1334534,-3.0],"to":[-5.726598,17.866547,19.0],"faces":{"east":{"uv":[0.0,7.1111116,2.4444444,9.555556],"tintindex":0,"rotation":0,"texture":"#0"},"west":{"uv":[2.4444444,7.1111116,0.0,9.555556],"tintindex":0,"rotation":0,"texture":"#0"}}}],"display":{"gui":{"rotation":[30,225,0]}}}