{"textures":{"0":"modelengine:entity/blitzcrank"},"elements":[{"from":[0.2744007,-9.133453,-2.0],"to":[4.2744007,-5.1334543,11.0],"faces":{"east":{"uv":[12.444445,1.2222222,13.888888,1.6666666],"tintindex":0,"rotation":0,"texture":"#0"},"south":{"uv":[14.333333,6.111111,14.777778,6.555556],"tintindex":0,"rotation":0,"texture":"#0"},"north":{"uv":[14.333333,5.666667,14.777778,6.111111],"tintindex":0,"rotation":0,"texture":"#0"},"west":{"uv":[13.333333,10.666667,14.777778,11.111112],"tintindex":0,"rotation":0,"texture":"#0"},"up":{"uv":[4.444444,14.777778,4.0,13.333333],"tintindex":0,"rotation":0,"texture":"#0"},"down":{"uv":[13.888888,12.666667,13.444445,14.111112],"tintindex":0,"rotation":0,"texture":"#0"}}},{"from":[6.2744007,-11.133453,-4.0],"to":[10.274401,-3.1334543,0.0],"faces":{"east":{"uv":[8.888888,14.0,9.333334,14.888888],"tintindex":0,"rotation":0,"texture":"#0"},"south":{"uv":[9.333334,14.0,9.777778,14.888888],"tintindex":0,"rotation":0,"texture":"#0"},"north":{"uv":[14.0,8.777778,14.444445,9.666667],"tintindex":0,"rotation":0,"texture":"#0"},"west":{"uv":[14.0,9.666667,14.444445,10.555556],"tintindex":0,"rotation":0,"texture":"#0"},"up":{"uv":[3.4444444,14.777778,3.0,14.333333],"tintindex":0,"rotation":0,"texture":"#0"},"down":{"uv":[3.888889,14.333333,3.4444444,14.777778],"tintindex":0,"rotation":0,"texture":"#0"}}},{"from":[2.2744007,-5.1334543,-1.0],"to":[11.274401,1.8665466,10.0],"faces":{"east":{"uv":[12.777778,8.777778,14.0,9.555556],"tintindex":0,"rotation":0,"texture":"#0"},"south":{"uv":[11.111112,12.888888,12.111112,13.666667],"tintindex":0,"rotation":0,"texture":"#0"},"north":{"uv":[10.111112,12.888888,11.111112,13.666667],"tintindex":0,"rotation":0,"texture":"#0"},"west":{"uv":[4.444444,12.888888,5.666667,13.666667],"tintindex":0,"rotation":0,"texture":"#0"},"up":{"uv":[2.4444444,13.888888,1.4444445,12.666667],"tintindex":0,"rotation":0,"texture":"#0"},"down":{"uv":[13.444445,12.666667,12.444445,13.888888],"tintindex":0,"rotation":0,"texture":"#0"}}},{"from":[5.2744007,-2.1334543,2.0],"to":[10.274401,7.8665466,8.0],"faces":{"east":{"uv":[8.222222,13.333333,8.888888,14.444445],"tintindex":0,"rotation":0,"texture":"#0"},"south":{"uv":[4.444444,13.666667,5.0,14.777778],"tintindex":0,"rotation":0,"texture":"#0"},"north":{"uv":[13.666667,2.5555556,14.222223,3.6666667],"tintindex":0,"rotation":0,"texture":"#0"},"west":{"uv":[13.333333,9.555556,14.0,10.666667],"tintindex":0,"rotation":0,"texture":"#0"},"up":{"uv":[14.777778,3.222222,14.222223,2.5555556],"tintindex":0,"rotation":0,"texture":"#0"},"down":{"uv":[14.777778,6.888889,14.222223,7.555556],"tintindex":0,"rotation":0,"texture":"#0"}}},{"from":[9.0,-13.0,-1.9990005],"to":[12.999999,-7.0,10.999001],"faces":{"east":{"uv":[12.777778,7.444444,14.222223,8.111112],"tintindex":0,"rotation":0,"texture":"#0"},"south":{"uv":[13.444445,14.111112,13.888888,14.777778],"tintindex":0,"rotation":0,"texture":"#0"},"north":{"uv":[2.4444444,7.1111116,2.888889,7.777778],"tintindex":0,"rotation":0,"texture":"#0"},"west":{"uv":[12.777778,8.111112,14.222223,8.777778],"tintindex":0,"rotation":0,"texture":"#0"},"up":{"uv":[0.44444448,15.0,0.0,13.555556],"tintindex":0,"rotation":0,"texture":"#0"},"down":{"uv":[0.88888896,13.555556,0.44444448,15.0],"tintindex":0,"rotation":0,"texture":"#0"}},"rotation":{"origin":[10.0,-30.0,5.0],"angle":22.5,"axis":"z"}}],"display":{"gui":{"rotation":[30,225,0]}}}