{"textures":{"0":"modelengine:entity/blitzcrank"},"elements":[{"from":[3.0,8.0,1.0],"to":[14.0,11.0,8.0],"faces":{"east":{"uv":[4.888889,2.222222,5.666667,2.5555556],"tintindex":0,"rotation":0,"texture":"#0"},"south":{"uv":[13.888888,5.3333335,15.111112,5.666667],"tintindex":0,"rotation":0,"texture":"#0"},"north":{"uv":[13.777778,2.222222,15.0,2.5555556],"tintindex":0,"rotation":0,"texture":"#0"},"west":{"uv":[11.0,9.666667,11.777778,10.0],"tintindex":0,"rotation":0,"texture":"#0"},"up":{"uv":[6.888889,13.666667,5.666667,12.888888],"tintindex":0,"rotation":0,"texture":"#0"},"down":{"uv":[10.111112,12.888888,8.888888,13.666667],"tintindex":0,"rotation":0,"texture":"#0"}}}],"display":{"gui":{"rotation":[30,225,0]}}}