{"textures":{"0":"modelengine:entity/blitzcrank"},"elements":[{"from":[3.0,8.0,1.0],"to":[14.0,11.0,8.0],"faces":{"east":{"uv":[11.777778,9.666667,11.0,10.0],"tintindex":0,"rotation":0,"texture":"#0"},"south":{"uv":[15.111112,5.3333335,13.888888,5.666667],"tintindex":0,"rotation":0,"texture":"#0"},"north":{"uv":[15.0,2.222222,13.777778,2.5555556],"tintindex":0,"rotation":0,"texture":"#0"},"west":{"uv":[5.666667,2.222222,4.888889,2.5555556],"tintindex":0,"rotation":0,"texture":"#0"},"up":{"uv":[5.666667,13.666667,6.888889,12.888888],"tintindex":0,"rotation":0,"texture":"#0"},"down":{"uv":[8.888888,12.888888,10.111112,13.666667],"tintindex":0,"rotation":0,"texture":"#0"}}}],"display":{"gui":{"rotation":[30,225,0]}}}