{"textures":{"0":"modelengine:entity/blitzcrank"},"elements":[{"from":[21.726597,-4.1334534,-3.0],"to":[21.726597,17.866547,19.0],"faces":{"east":{"uv":[0.0,7.1111116,2.4444444,9.555556],"tintindex":0,"rotation":0,"texture":"#0"},"west":{"uv":[2.4444444,7.1111116,0.0,9.555556],"tintindex":0,"rotation":0,"texture":"#0"}}},{"from":[7.7255983,3.8665466,1.0],"to":[21.725597,11.866547,15.0],"faces":{"east":{"uv":[13.888888,4.777778,12.333334,5.666667],"tintindex":0,"rotation":0,"texture":"#0"},"south":{"uv":[13.777778,1.6666666,12.222222,2.5555556],"tintindex":0,"rotation":0,"texture":"#0"},"north":{"uv":[13.333333,9.666667,11.777778,10.555556],"tintindex":0,"rotation":0,"texture":"#0"},"west":{"uv":[13.333333,10.555556,11.777778,11.444445],"tintindex":0,"rotation":0,"texture":"#0"},"up":{"uv":[10.666667,3.222222,12.222222,1.6666666],"tintindex":0,"rotation":0,"texture":"#0"},"down":{"uv":[11.0,3.222222,12.555556,4.777778],"tintindex":0,"rotation":0,"texture":"#0"}}},{"from":[12.725598,-6.1334534,5.0],"to":[17.725597,3.8665466,11.0],"faces":{"east":{"uv":[8.222222,13.333333,7.555556,14.444445],"tintindex":0,"rotation":0,"texture":"#0"},"south":{"uv":[14.111112,0.0,13.555556,1.111111],"tintindex":0,"rotation":0,"texture":"#0"},"north":{"uv":[14.0,5.666667,13.444445,6.777778],"tintindex":0,"rotation":0,"texture":"#0"},"west":{"uv":[7.555556,13.333333,6.888889,14.444445],"tintindex":0,"rotation":0,"texture":"#0"},"up":{"uv":[13.888888,14.666667,14.444445,14.0],"tintindex":0,"rotation":0,"texture":"#0"},"down":{"uv":[14.111112,0.0,14.666667,0.6666667],"tintindex":0,"rotation":0,"texture":"#0"}}}],"display":{"gui":{"rotation":[30,225,0]}}}