{"textures":{"0":"modelengine:entity/blitzcrank"},"elements":[{"from":[5.7255993,-2.1334543,2.0],"to":[10.725599,7.8665466,8.0],"faces":{"east":{"uv":[14.0,9.555556,13.333333,10.666667],"tintindex":0,"rotation":0,"texture":"#0"},"south":{"uv":[5.0,13.666667,4.444444,14.777778],"tintindex":0,"rotation":0,"texture":"#0"},"north":{"uv":[14.222223,2.5555556,13.666667,3.6666667],"tintindex":0,"rotation":0,"texture":"#0"},"west":{"uv":[8.888888,13.333333,8.222222,14.444445],"tintindex":0,"rotation":0,"texture":"#0"},"up":{"uv":[14.222223,3.222222,14.777778,2.5555556],"tintindex":0,"rotation":0,"texture":"#0"},"down":{"uv":[14.222223,6.888889,14.777778,7.555556],"tintindex":0,"rotation":0,"texture":"#0"}}},{"from":[4.7255993,-5.1334543,-1.0],"to":[13.725599,1.8665466,10.0],"faces":{"east":{"uv":[5.666667,12.888888,4.444444,13.666667],"tintindex":0,"rotation":0,"texture":"#0"},"south":{"uv":[12.111112,12.888888,11.111112,13.666667],"tintindex":0,"rotation":0,"texture":"#0"},"north":{"uv":[11.111112,12.888888,10.111112,13.666667],"tintindex":0,"rotation":0,"texture":"#0"},"west":{"uv":[14.0,8.777778,12.777778,9.555556],"tintindex":0,"rotation":0,"texture":"#0"},"up":{"uv":[1.4444445,13.888888,2.4444444,12.666667],"tintindex":0,"rotation":0,"texture":"#0"},"down":{"uv":[12.444445,12.666667,13.444445,13.888888],"tintindex":0,"rotation":0,"texture":"#0"}}},{"from":[3.000001,-13.0,-1.9990005],"to":[7.0,-7.0,10.999001],"faces":{"east":{"uv":[14.222223,8.111112,12.777778,8.777778],"tintindex":0,"rotation":0,"texture":"#0"},"south":{"uv":[13.888888,14.111112,13.444445,14.777778],"tintindex":0,"rotation":0,"texture":"#0"},"north":{"uv":[2.888889,7.1111116,2.4444444,7.777778],"tintindex":0,"rotation":0,"texture":"#0"},"west":{"uv":[14.222223,7.444444,12.777778,8.111112],"tintindex":0,"rotation":0,"texture":"#0"},"up":{"uv":[0.0,15.0,0.44444448,13.555556],"tintindex":0,"rotation":0,"texture":"#0"},"down":{"uv":[0.44444448,13.555556,0.88888896,15.0],"tintindex":0,"rotation":0,"texture":"#0"}},"rotation":{"origin":[6.0,-30.0,5.0],"angle":-22.5,"axis":"z"}},{"from":[5.7255993,-11.133453,-4.0],"to":[9.725599,-3.1334543,0.0],"faces":{"east":{"uv":[14.444445,9.666667,14.0,10.555556],"tintindex":0,"rotation":0,"texture":"#0"},"south":{"uv":[9.777778,14.0,9.333334,14.888888],"tintindex":0,"rotation":0,"texture":"#0"},"north":{"uv":[14.444445,8.777778,14.0,9.666667],"tintindex":0,"rotation":0,"texture":"#0"},"west":{"uv":[9.333334,14.0,8.888888,14.888888],"tintindex":0,"rotation":0,"texture":"#0"},"up":{"uv":[3.0,14.777778,3.4444444,14.333333],"tintindex":0,"rotation":0,"texture":"#0"},"down":{"uv":[3.4444444,14.333333,3.888889,14.777778],"tintindex":0,"rotation":0,"texture":"#0"}}},{"from":[11.725599,-9.133453,-2.0],"to":[15.725599,-5.1334543,11.0],"faces":{"east":{"uv":[14.777778,10.666667,13.333333,11.111112],"tintindex":0,"rotation":0,"texture":"#0"},"south":{"uv":[14.777778,6.111111,14.333333,6.555556],"tintindex":0,"rotation":0,"texture":"#0"},"north":{"uv":[14.777778,5.666667,14.333333,6.111111],"tintindex":0,"rotation":0,"texture":"#0"},"west":{"uv":[13.888888,1.2222222,12.444445,1.6666666],"tintindex":0,"rotation":0,"texture":"#0"},"up":{"uv":[4.0,14.777778,4.444444,13.333333],"tintindex":0,"rotation":0,"texture":"#0"},"down":{"uv":[13.444445,12.666667,13.888888,14.111112],"tintindex":0,"rotation":0,"texture":"#0"}}}],"display":{"gui":{"rotation":[30,225,0]}}}