{"textures":{"0":"modelengine:entity/blitzcrank"},"elements":[{"from":[4.5,16.5,2.0],"to":[11.5,17.5,3.0],"faces":{"east":{"uv":[10.666667,3.777778,10.888888,4.0],"tintindex":0,"rotation":0,"texture":"#0"},"south":{"uv":[14.0,4.2222223,15.555556,4.444444],"tintindex":0,"rotation":0,"texture":"#0"},"north":{"uv":[5.777778,4.666667,7.3333335,4.888889],"tintindex":0,"rotation":0,"texture":"#0"},"west":{"uv":[10.666667,4.0,10.888888,4.2222223],"tintindex":0,"rotation":0,"texture":"#0"},"up":{"uv":[15.555556,4.666667,14.0,4.444444],"tintindex":0,"rotation":0,"texture":"#0"},"down":{"uv":[15.555556,12.0,14.0,12.222222],"tintindex":0,"rotation":0,"texture":"#0"}}},{"from":[2.0,19.5,5.0],"to":[4.0,23.5,11.5],"faces":{"east":{"uv":[12.555556,3.777778,14.0,4.666667],"tintindex":0,"rotation":0,"texture":"#0"},"south":{"uv":[14.0,11.111112,14.444445,12.0],"tintindex":0,"rotation":0,"texture":"#0"},"north":{"uv":[9.777778,14.0,10.222222,14.888888],"tintindex":0,"rotation":0,"texture":"#0"},"west":{"uv":[0.0,12.666667,1.4444445,13.555556],"tintindex":0,"rotation":0,"texture":"#0"},"up":{"uv":[1.3333334,15.0,0.88888896,13.555556],"tintindex":0,"rotation":0,"texture":"#0"},"down":{"uv":[14.0,11.111112,13.555556,12.555556],"tintindex":0,"rotation":0,"texture":"#0"}}},{"from":[12.0,19.5,5.0],"to":[14.0,23.5,11.5],"faces":{"east":{"uv":[1.4444445,12.666667,0.0,13.555556],"tintindex":0,"rotation":0,"texture":"#0"},"south":{"uv":[14.444445,11.111112,14.0,12.0],"tintindex":0,"rotation":0,"texture":"#0"},"north":{"uv":[10.222222,14.0,9.777778,14.888888],"tintindex":0,"rotation":0,"texture":"#0"},"west":{"uv":[14.0,3.777778,12.555556,4.666667],"tintindex":0,"rotation":0,"texture":"#0"},"up":{"uv":[0.88888896,15.0,1.3333334,13.555556],"tintindex":0,"rotation":0,"texture":"#0"},"down":{"uv":[13.555556,11.111112,14.0,12.555556],"tintindex":0,"rotation":0,"texture":"#0"}}},{"from":[4.5,10.5,2.0],"to":[11.5,11.5,3.0],"faces":{"east":{"uv":[12.555556,7.444444,12.777778,7.6666665],"tintindex":0,"rotation":0,"texture":"#0"},"south":{"uv":[14.111112,0.6666667,15.666667,0.88888896],"tintindex":0,"rotation":0,"texture":"#0"},"north":{"uv":[14.0,12.222222,15.555556,12.444445],"tintindex":0,"rotation":0,"texture":"#0"},"west":{"uv":[6.888889,12.888888,7.1111116,13.111112],"tintindex":0,"rotation":0,"texture":"#0"},"up":{"uv":[15.666667,1.111111,14.111112,0.88888896],"tintindex":0,"rotation":0,"texture":"#0"},"down":{"uv":[15.777778,3.222222,14.222223,3.4444444],"tintindex":0,"rotation":0,"texture":"#0"}}},{"from":[10.5,11.5,2.0],"to":[11.5,16.5,3.0],"faces":{"east":{"uv":[7.1111116,8.888888,7.3333335,10.0],"tintindex":0,"rotation":0,"texture":"#0"},"south":{"uv":[4.444444,11.666667,4.666667,12.777778],"tintindex":0,"rotation":0,"texture":"#0"},"north":{"uv":[7.1111116,7.777778,7.3333335,8.888888],"tintindex":0,"rotation":0,"texture":"#0"},"west":{"uv":[11.888888,13.666667,12.111112,14.777778],"tintindex":0,"rotation":0,"texture":"#0"},"up":{"uv":[12.0,11.666667,11.777778,11.444445],"tintindex":0,"rotation":0,"texture":"#0"},"down":{"uv":[12.222222,11.444445,12.0,11.666667],"tintindex":0,"rotation":0,"texture":"#0"}}},{"from":[1.5,9.5,3.0],"to":[14.5,19.5,13.0],"faces":{"east":{"uv":[7.777778,0.0,10.0,2.222222],"tintindex":0,"rotation":0,"texture":"#0"},"south":{"uv":[2.888889,2.6666667,5.777778,4.888889],"tintindex":0,"rotation":0,"texture":"#0"},"north":{"uv":[0.0,2.6666667,2.888889,4.888889],"tintindex":0,"rotation":0,"texture":"#0"},"west":{"uv":[2.4444444,7.777778,4.666667,10.0],"tintindex":0,"rotation":0,"texture":"#0"},"up":{"uv":[2.888889,7.1111116,0.0,4.888889],"tintindex":0,"rotation":0,"texture":"#0"},"down":{"uv":[7.777778,0.0,4.888889,2.222222],"tintindex":0,"rotation":0,"texture":"#0"}}},{"from":[5.0,21.0,5.0],"to":[11.0,22.0,11.5],"faces":{"east":{"uv":[14.222223,3.4444444,15.666667,3.6666667],"tintindex":0,"rotation":0,"texture":"#0"},"south":{"uv":[14.222223,12.444445,15.555556,12.666667],"tintindex":0,"rotation":0,"texture":"#0"},"north":{"uv":[10.222222,14.222223,11.555556,14.444445],"tintindex":0,"rotation":0,"texture":"#0"},"west":{"uv":[14.222223,7.888889,15.666667,8.111112],"tintindex":0,"rotation":0,"texture":"#0"},"up":{"uv":[12.333334,6.2222223,11.0,4.777778],"tintindex":0,"rotation":0,"texture":"#0"},"down":{"uv":[12.333334,6.2222223,11.0,7.6666665],"tintindex":0,"rotation":0,"texture":"#0"}}},{"from":[2.5,8.5,3.5],"to":[13.5,20.5,12.5],"faces":{"east":{"uv":[7.3333335,4.666667,9.333334,7.3333335],"tintindex":0,"rotation":0,"texture":"#0"},"south":{"uv":[2.4444444,0.0,4.888889,2.6666667],"tintindex":0,"rotation":0,"texture":"#0"},"north":{"uv":[0.0,0.0,2.4444444,2.6666667],"tintindex":0,"rotation":0,"texture":"#0"},"west":{"uv":[7.3333335,7.3333335,9.333334,10.0],"tintindex":0,"rotation":0,"texture":"#0"},"up":{"uv":[7.1111116,9.777778,4.666667,7.777778],"tintindex":0,"rotation":0,"texture":"#0"},"down":{"uv":[10.666667,2.222222,8.222222,4.2222223],"tintindex":0,"rotation":0,"texture":"#0"}}},{"from":[3.5,17.5,3.5],"to":[3.5,22.5,10.0],"faces":{"east":{"uv":[10.0,11.666667,8.555556,12.777778],"tintindex":0,"rotation":0,"texture":"#0"},"west":{"uv":[8.555556,11.666667,10.0,12.777778],"tintindex":0,"rotation":0,"texture":"#0"}},"rotation":{"origin":[8.5,16.0,6.5],"angle":-45.0,"axis":"y"}},{"from":[12.5,17.5,3.5],"to":[12.5,22.5,10.0],"faces":{"east":{"uv":[10.0,11.666667,8.555556,12.777778],"tintindex":0,"rotation":0,"texture":"#0"},"west":{"uv":[8.555556,11.666667,10.0,12.777778],"tintindex":0,"rotation":0,"texture":"#0"}},"rotation":{"origin":[7.5,16.0,6.5],"angle":45.0,"axis":"y"}},{"from":[4.5,11.5,2.0],"to":[5.5,16.5,3.0],"faces":{"east":{"uv":[2.3333335,14.333333,2.5555556,15.444445],"tintindex":0,"rotation":0,"texture":"#0"},"south":{"uv":[2.5555556,14.333333,2.777778,15.444445],"tintindex":0,"rotation":0,"texture":"#0"},"north":{"uv":[14.222223,12.666667,14.444445,13.777778],"tintindex":0,"rotation":0,"texture":"#0"},"west":{"uv":[2.777778,14.333333,3.0,15.444445],"tintindex":0,"rotation":0,"texture":"#0"},"up":{"uv":[12.444445,11.666667,12.222222,11.444445],"tintindex":0,"rotation":0,"texture":"#0"},"down":{"uv":[12.555556,7.444444,12.333334,7.6666665],"tintindex":0,"rotation":0,"texture":"#0"}}},{"from":[3.0,8.0,4.5],"to":[13.0,21.0,12.0],"faces":{"east":{"uv":[9.333334,4.2222223,11.0,7.1111116],"tintindex":0,"rotation":0,"texture":"#0"},"south":{"uv":[5.111111,4.888889,7.3333335,7.777778],"tintindex":0,"rotation":0,"texture":"#0"},"north":{"uv":[2.888889,4.888889,5.111111,7.777778],"tintindex":0,"rotation":0,"texture":"#0"},"west":{"uv":[9.333334,7.1111116,11.0,10.0],"tintindex":0,"rotation":0,"texture":"#0"},"up":{"uv":[4.666667,11.666667,2.4444444,10.0],"tintindex":0,"rotation":0,"texture":"#0"},"down":{"uv":[11.777778,10.0,9.555556,11.666667],"tintindex":0,"rotation":0,"texture":"#0"}}}],"display":{"gui":{"rotation":[30,225,0]}}}