{"textures":{"0":"modelengine:entity/bard"},"elements":[{"from":[-4.4608955,6.5,6.9431734],"to":[3.5391045,9.5,7.9431734],"faces":{"east":{"uv":[7.275,9.275,7.475,9.975],"tintindex":0,"rotation":0,"texture":"#0"},"south":{"uv":[10.775,0.025,12.725,0.725],"tintindex":0,"rotation":0,"texture":"#0"},"north":{"uv":[10.275,4.525,12.225,5.225],"tintindex":0,"rotation":0,"texture":"#0"},"west":{"uv":[3.275,9.775,3.475,10.475],"tintindex":0,"rotation":0,"texture":"#0"},"up":{"uv":[14.475,4.475,12.525,4.275],"tintindex":0,"rotation":0,"texture":"#0"},"down":{"uv":[14.475,11.525,12.525,11.725],"tintindex":0,"rotation":0,"texture":"#0"}}},{"from":[3.5391045,4.5,6.9431734],"to":[9.539104,11.5,8.943173],"faces":{"east":{"uv":[2.025,11.275,2.475,12.975],"tintindex":0,"rotation":0,"texture":"#0"},"south":{"uv":[8.275,2.275,9.725,3.975],"tintindex":0,"rotation":0,"texture":"#0"},"north":{"uv":[8.025,5.275,9.475,6.975],"tintindex":0,"rotation":0,"texture":"#0"},"west":{"uv":[4.025,11.775,4.475,13.475],"tintindex":0,"rotation":0,"texture":"#0"},"up":{"uv":[3.475,4.975,2.025,4.525],"tintindex":0,"rotation":0,"texture":"#0"},"down":{"uv":[1.475,6.525,0.025,6.975],"tintindex":0,"rotation":0,"texture":"#0"}}},{"from":[-7.9650717,6.5,8.435846],"to":[-3.9650717,9.5,9.435846],"faces":{"east":{"uv":[1.775,12.275,1.975,12.975],"tintindex":0,"rotation":0,"texture":"#0"},"south":{"uv":[12.275,0.775,13.225,1.475],"tintindex":0,"rotation":0,"texture":"#0"},"north":{"uv":[0.025,12.275,0.975,12.975],"tintindex":0,"rotation":0,"texture":"#0"},"west":{"uv":[6.275,13.025,6.475,13.725],"tintindex":0,"rotation":0,"texture":"#0"},"up":{"uv":[11.475,9.475,10.525,9.275],"tintindex":0,"rotation":0,"texture":"#0"},"down":{"uv":[13.725,0.525,12.775,0.725],"tintindex":0,"rotation":0,"texture":"#0"}},"rotation":{"origin":[-7.9650717,8.0,8.935846],"angle":22.5,"axis":"y"}},{"from":[9.539104,3.5,6.9431734],"to":[14.539104,12.5,9.943173],"faces":{"east":{"uv":[6.525,9.275,7.225,11.475],"tintindex":0,"rotation":0,"texture":"#0"},"south":{"uv":[7.525,8.275,8.725,10.475],"tintindex":0,"rotation":0,"texture":"#0"},"north":{"uv":[8.275,0.025,9.475,2.225],"tintindex":0,"rotation":0,"texture":"#0"},"west":{"uv":[2.525,9.775,3.225,11.975],"tintindex":0,"rotation":0,"texture":"#0"},"up":{"uv":[12.975,12.475,11.775,11.775],"tintindex":0,"rotation":0,"texture":"#0"},"down":{"uv":[13.225,1.525,12.025,2.225],"tintindex":0,"rotation":0,"texture":"#0"}}}],"display":{"gui":{"rotation":[30,225,0]}}}