{"textures":{"0":"modelengine:entity/bard"},"elements":[{"from":[7.0,-0.450449,11.291899],"to":[9.0,6.5495515,14.291899],"faces":{"east":{"uv":[14.225,8.775,13.525,10.475],"tintindex":0,"rotation":0,"texture":"#0"},"south":{"uv":[14.725,7.025,14.275,8.725],"tintindex":0,"rotation":0,"texture":"#0"},"north":{"uv":[15.475,8.775,15.025,10.475],"tintindex":0,"rotation":0,"texture":"#0"},"west":{"uv":[14.975,8.775,14.275,10.475],"tintindex":0,"rotation":0,"texture":"#0"},"up":{"uv":[12.525,5.975,13.225,5.275],"tintindex":0,"rotation":0,"texture":"#0"},"down":{"uv":[12.525,8.025,13.225,8.725],"tintindex":0,"rotation":0,"texture":"#0"}},"rotation":{"origin":[5.0,15.549521,13.291899],"angle":22.5,"axis":"x"}},{"from":[6.5,-0.450449,10.291899],"to":[9.5,1.5495515,11.291899],"faces":{"east":{"uv":[12.725,13.025,12.525,13.475],"tintindex":0,"rotation":0,"texture":"#0"},"south":{"uv":[13.725,4.525,13.025,4.975],"tintindex":0,"rotation":0,"texture":"#0"},"north":{"uv":[5.225,13.025,4.525,13.475],"tintindex":0,"rotation":0,"texture":"#0"},"west":{"uv":[12.475,13.025,12.275,13.475],"tintindex":0,"rotation":0,"texture":"#0"},"up":{"uv":[9.775,8.225,10.475,8.025],"tintindex":0,"rotation":0,"texture":"#0"},"down":{"uv":[4.525,10.525,5.225,10.725],"tintindex":0,"rotation":0,"texture":"#0"}},"rotation":{"origin":[5.0,15.549521,13.291899],"angle":22.5,"axis":"x"}}],"display":{"gui":{"rotation":[30,225,0]}}}