{"textures":{"0":"modelengine:entity/ass_skeleton"},"elements":[{"from":[7.4,7.524723,5.2524376],"to":[8.8,8.924723,6.2524376],"faces":{"east":{"uv":[11.5,5.5,11.75,5.84375],"tintindex":0,"rotation":0,"texture":"#0"},"south":{"uv":[1.0,11.5,1.34375,11.84375],"tintindex":0,"rotation":0,"texture":"#0"},"north":{"uv":[0.0,11.5,0.34375,11.84375],"tintindex":0,"rotation":0,"texture":"#0"},"west":{"uv":[11.5,6.0,11.75,6.34375],"tintindex":0,"rotation":0,"texture":"#0"},"up":{"uv":[11.09375,7.0,10.75,6.75],"tintindex":0,"rotation":0,"texture":"#0"},"down":{"uv":[8.09375,10.75,7.75,11.0],"tintindex":0,"rotation":0,"texture":"#0"}}},{"from":[7.8,7.9247227,3.2524376],"to":[8.4,8.524723,5.2524376],"faces":{"east":{"uv":[11.75,2.5,12.25,2.65625],"tintindex":0,"rotation":0,"texture":"#0"},"south":{"uv":[11.75,4.75,11.90625,4.90625],"tintindex":0,"rotation":0,"texture":"#0"},"north":{"uv":[11.75,4.5,11.90625,4.65625],"tintindex":0,"rotation":0,"texture":"#0"},"west":{"uv":[11.75,3.25,12.25,3.40625],"tintindex":0,"rotation":0,"texture":"#0"},"up":{"uv":[3.65625,12.25,3.5,11.75],"tintindex":0,"rotation":0,"texture":"#0"},"down":{"uv":[11.90625,3.5,11.75,4.0],"tintindex":0,"rotation":0,"texture":"#0"}}},{"from":[8.0,7.4247227,-0.54756165],"to":[8.200001,9.024723,5.1524377],"faces":{"east":{"uv":[9.75,0.5,11.1875,0.90625],"tintindex":0,"rotation":0,"texture":"#0"},"south":{"uv":[4.25,11.75,4.3125,12.15625],"tintindex":0,"rotation":0,"texture":"#0"},"north":{"uv":[11.75,4.0,11.8125,4.40625],"tintindex":0,"rotation":0,"texture":"#0"},"west":{"uv":[9.75,1.0,11.1875,1.40625],"tintindex":0,"rotation":0,"texture":"#0"},"up":{"uv":[5.0625,12.9375,5.0,11.5],"tintindex":0,"rotation":0,"texture":"#0"},"down":{"uv":[5.3125,11.5,5.25,12.9375],"tintindex":0,"rotation":0,"texture":"#0"}}},{"from":[7.8,7.9247227,6.2524376],"to":[8.4,8.524723,8.252438],"faces":{"east":{"uv":[11.75,1.5,12.25,1.65625],"tintindex":0,"rotation":0,"texture":"#0"},"south":{"uv":[4.5,11.75,4.65625,11.90625],"tintindex":0,"rotation":0,"texture":"#0"},"north":{"uv":[6.25,10.0,6.40625,10.15625],"tintindex":0,"rotation":0,"texture":"#0"},"west":{"uv":[11.75,1.75,12.25,1.90625],"tintindex":0,"rotation":0,"texture":"#0"},"up":{"uv":[0.90625,12.25,0.75,11.75],"tintindex":0,"rotation":0,"texture":"#0"},"down":{"uv":[11.90625,2.0,11.75,2.5],"tintindex":0,"rotation":0,"texture":"#0"}}}],"display":{"gui":{"rotation":[30,225,0]}}}