{"textures":{"0":"modelengine:entity/crimson_furbeak"},"elements":[{"from":[6.7574,-2.9818182,2.5313435],"to":[9.2425995,4.4737816,5.0165424],"faces":{"east":{"uv":[7.015,8.515,7.235,9.235],"tintindex":0,"rotation":0,"texture":"#0"},"south":{"uv":[7.515,8.515,7.735,9.235],"tintindex":0,"rotation":0,"texture":"#0"},"north":{"uv":[6.515,8.515,6.735,9.235],"tintindex":0,"rotation":0,"texture":"#0"},"west":{"uv":[8.015,8.515,8.235,9.235],"tintindex":0,"rotation":0,"texture":"#0"},"up":{"uv":[4.235,5.735,4.015,5.515],"tintindex":0,"rotation":0,"texture":"#0"},"down":{"uv":[9.735,9.515,9.515,9.735],"tintindex":0,"rotation":0,"texture":"#0"}},"rotation":{"origin":[8.0,12.702251,22.201574],"angle":22.5,"axis":"x"}},{"from":[5.5148,7.8871765,0.31095123],"to":[10.4852,12.857576,7.766552],"faces":{"east":{"uv":[8.515,0.015,9.235,0.485],"tintindex":0,"rotation":0,"texture":"#0"},"south":{"uv":[8.515,3.265,8.985,3.735],"tintindex":0,"rotation":0,"texture":"#0"},"north":{"uv":[8.515,2.515,8.985,2.985],"tintindex":0,"rotation":0,"texture":"#0"},"west":{"uv":[8.515,0.765,9.235,1.235],"tintindex":0,"rotation":0,"texture":"#0"},"up":{"uv":[5.235,8.985,4.765,8.265],"tintindex":0,"rotation":0,"texture":"#0"},"down":{"uv":[8.985,1.515,8.515,2.235],"tintindex":0,"rotation":0,"texture":"#0"}}}],"display":{"gui":{"rotation":[30,225,0]}}}