{"textures":{"0":"modelengine:entity/crimson_furbeak"},"elements":[{"from":[8.0,-3.7344122,-2.2658253],"to":[8.0,3.721188,7.674976],"faces":{"east":{"uv":[3.485,8.265,2.515,8.985],"tintindex":0,"rotation":0,"texture":"#0"},"west":{"uv":[2.515,8.265,3.485,8.985],"tintindex":0,"rotation":0,"texture":"#0"}}},{"from":[4.2722,3.721188,0.21937609],"to":[11.7278,13.661988,10.160176],"faces":{"east":{"uv":[6.265,0.015,7.235,0.985],"tintindex":0,"rotation":0,"texture":"#0"},"south":{"uv":[3.515,7.015,4.235,7.985],"tintindex":0,"rotation":0,"texture":"#0"},"north":{"uv":[2.515,7.015,3.235,7.985],"tintindex":0,"rotation":0,"texture":"#0"},"west":{"uv":[6.265,1.265,7.235,2.235],"tintindex":0,"rotation":0,"texture":"#0"},"up":{"uv":[5.235,7.985,4.515,7.015],"tintindex":0,"rotation":0,"texture":"#0"},"down":{"uv":[7.735,6.265,7.015,7.235],"tintindex":0,"rotation":0,"texture":"#0"}}},{"from":[8.0,13.661988,0.21937609],"to":[8.0,23.602787,7.674976],"faces":{"east":{"uv":[8.235,1.265,7.515,2.235],"tintindex":0,"rotation":0,"texture":"#0"},"west":{"uv":[7.515,1.265,8.235,2.235],"tintindex":0,"rotation":0,"texture":"#0"}}}],"display":{"gui":{"rotation":[30,225,0]}}}