{"textures":{"0":"modelengine:entity/oni2"},"elements":[{"from":[6.3333173,3.3351674,6.4945974],"to":[12.333317,8.335167,12.494597],"faces":{"east":{"uv":[13.625,4.375,14.375,5.0],"tintindex":0,"rotation":0,"texture":"#0"},"south":{"uv":[9.125,13.625,9.875,14.25],"tintindex":0,"rotation":0,"texture":"#0"},"north":{"uv":[8.0,6.875,8.75,7.5],"tintindex":0,"rotation":0,"texture":"#0"},"west":{"uv":[10.125,13.625,10.875,14.25],"tintindex":0,"rotation":0,"texture":"#0"},"up":{"uv":[14.125,9.125,13.375,8.375],"tintindex":0,"rotation":0,"texture":"#0"},"down":{"uv":[14.125,9.125,13.375,9.875],"tintindex":0,"rotation":0,"texture":"#0"}}},{"from":[6.3333173,0.3351674,6.4945974],"to":[11.333317,3.3351674,11.494597],"faces":{"east":{"uv":[14.125,8.375,14.75,8.75],"tintindex":0,"rotation":0,"texture":"#0"},"south":{"uv":[8.5,14.125,9.125,14.5],"tintindex":0,"rotation":0,"texture":"#0"},"north":{"uv":[7.875,14.125,8.5,14.5],"tintindex":0,"rotation":0,"texture":"#0"},"west":{"uv":[14.125,8.75,14.75,9.125],"tintindex":0,"rotation":0,"texture":"#0"},"up":{"uv":[14.25,14.25,13.625,13.625],"tintindex":0,"rotation":0,"texture":"#0"},"down":{"uv":[0.625,13.75,0.0,14.375],"tintindex":0,"rotation":0,"texture":"#0"}}}],"display":{"gui":{"rotation":[30,225,0]}}}