{"textures":{"0":"modelengine:entity/oni2"},"elements":[{"from":[3.9788437,3.107768,0.8071251],"to":[3.9788437,7.107767,6.807125],"faces":{"east":{"uv":[0.0,15.5,0.75,16.0],"tintindex":0,"rotation":0,"texture":"#0"},"south":{"uv":[3.625,12.75,4.25,13.875],"tintindex":0,"rotation":0,"texture":"#0"},"north":{"uv":[3.25,10.25,3.875,11.375],"tintindex":0,"rotation":0,"texture":"#0"},"west":{"uv":[0.0,15.5,0.75,16.0],"tintindex":0,"rotation":0,"texture":"#0"},"up":{"uv":[14.25,12.875,13.625,12.125],"tintindex":0,"rotation":0,"texture":"#0"},"down":{"uv":[14.25,12.875,13.625,13.625],"tintindex":0,"rotation":0,"texture":"#0"}},"rotation":{"origin":[3.9788437,6.607767,3.807125],"angle":45.0,"axis":"z"}},{"from":[6.4537163,-0.8671055,0.8071251],"to":[11.453717,8.1328945,6.807125],"faces":{"east":{"uv":[4.25,12.5,5.0,13.625],"tintindex":0,"rotation":0,"texture":"#0"},"south":{"uv":[3.625,12.75,4.25,13.875],"tintindex":0,"rotation":0,"texture":"#0"},"north":{"uv":[3.25,10.25,3.875,11.375],"tintindex":0,"rotation":0,"texture":"#0"},"west":{"uv":[5.0,12.5,5.75,13.625],"tintindex":0,"rotation":0,"texture":"#0"},"up":{"uv":[14.25,12.875,13.625,12.125],"tintindex":0,"rotation":0,"texture":"#0"},"down":{"uv":[14.25,12.875,13.625,13.625],"tintindex":0,"rotation":0,"texture":"#0"}}},{"from":[13.927883,3.1084747,0.8071251],"to":[13.927883,7.1084747,6.807125],"faces":{"east":{"uv":[0.0,15.5,0.75,16.0],"tintindex":0,"rotation":0,"texture":"#0"},"south":{"uv":[3.25,10.25,3.875,11.375],"tintindex":0,"rotation":0,"texture":"#0"},"north":{"uv":[3.625,12.75,4.25,13.875],"tintindex":0,"rotation":0,"texture":"#0"},"west":{"uv":[0.0,15.5,0.75,16.0],"tintindex":0,"rotation":0,"texture":"#0"},"up":{"uv":[14.25,12.875,13.625,12.125],"tintindex":0,"rotation":180,"texture":"#0"},"down":{"uv":[14.25,12.875,13.625,13.625],"tintindex":0,"rotation":180,"texture":"#0"}},"rotation":{"origin":[13.927883,6.6084747,3.807125],"angle":-45.0,"axis":"z"}},{"from":[6.4537163,3.107768,9.281999],"to":[12.453717,7.107767,9.281999],"faces":{"east":{"uv":[3.625,12.75,4.25,13.875],"tintindex":0,"rotation":0,"texture":"#0"},"south":{"uv":[0.0,15.5,0.75,16.0],"tintindex":0,"rotation":0,"texture":"#0"},"north":{"uv":[0.0,15.5,0.75,16.0],"tintindex":0,"rotation":0,"texture":"#0"},"west":{"uv":[3.25,10.25,3.875,11.375],"tintindex":0,"rotation":0,"texture":"#0"},"up":{"uv":[14.25,12.875,13.625,12.125],"tintindex":0,"rotation":270,"texture":"#0"},"down":{"uv":[14.25,12.875,13.625,13.625],"tintindex":0,"rotation":90,"texture":"#0"}},"rotation":{"origin":[9.453717,6.607767,9.281999],"angle":45.0,"axis":"x"}},{"from":[6.4537163,3.107768,-1.6677485],"to":[12.453717,7.107767,-1.6677485],"faces":{"east":{"uv":[3.25,10.25,3.875,11.375],"tintindex":0,"rotation":0,"texture":"#0"},"south":{"uv":[0.0,15.5,0.75,16.0],"tintindex":0,"rotation":0,"texture":"#0"},"north":{"uv":[0.0,15.5,0.75,16.0],"tintindex":0,"rotation":0,"texture":"#0"},"west":{"uv":[3.625,12.75,4.25,13.875],"tintindex":0,"rotation":0,"texture":"#0"},"up":{"uv":[14.25,12.875,13.625,12.125],"tintindex":0,"rotation":90,"texture":"#0"},"down":{"uv":[14.25,12.875,13.625,13.625],"tintindex":0,"rotation":270,"texture":"#0"}},"rotation":{"origin":[9.453717,6.607767,-1.6677485],"angle":-45.0,"axis":"x"}}],"display":{"gui":{"rotation":[30,225,0]}}}