{"textures":{"0":"modelengine:entity/oni2"},"elements":[{"from":[4.999048,-1.1872196,-2.2663393],"to":[8.999048,3.8127794,2.7336607],"faces":{"east":{"uv":[13.75,1.625,14.375,2.25],"tintindex":0,"rotation":0,"texture":"#0"},"south":{"uv":[13.875,11.5,14.375,12.125],"tintindex":0,"rotation":0,"texture":"#0"},"north":{"uv":[10.875,12.5,11.375,13.125],"tintindex":0,"rotation":0,"texture":"#0"},"west":{"uv":[2.125,13.75,2.75,14.375],"tintindex":0,"rotation":0,"texture":"#0"},"up":{"uv":[13.25,14.5,12.75,13.875],"tintindex":0,"rotation":0,"texture":"#0"},"down":{"uv":[1.125,14.0,0.625,14.625],"tintindex":0,"rotation":0,"texture":"#0"}},"rotation":{"origin":[20.0,8.778174,3.7071066],"angle":-45.0,"axis":"x"}},{"from":[3.9990482,1.0432463,2.9943066],"to":[9.999048,10.043245,12.994307],"faces":{"east":{"uv":[10.875,0.0,12.125,1.125],"tintindex":0,"rotation":0,"texture":"#0"},"south":{"uv":[12.125,12.375,12.875,13.5],"tintindex":0,"rotation":0,"texture":"#0"},"north":{"uv":[11.375,12.375,12.125,13.5],"tintindex":0,"rotation":0,"texture":"#0"},"west":{"uv":[10.875,3.625,12.125,4.75],"tintindex":0,"rotation":0,"texture":"#0"},"up":{"uv":[12.875,4.625,12.125,3.375],"tintindex":0,"rotation":0,"texture":"#0"},"down":{"uv":[12.875,4.625,12.125,5.875],"tintindex":0,"rotation":0,"texture":"#0"}}}],"display":{"gui":{"rotation":[30,225,0]}}}