{"textures":{"0":"modelengine:entity/oni2"},"elements":[{"from":[2.0370493,-3.8606377,6.4735336],"to":[8.03705,4.1393623,14.473534],"faces":{"east":{"uv":[2.125,3.5,3.125,4.5],"tintindex":0,"rotation":0,"texture":"#0"},"south":{"uv":[8.375,12.75,9.125,13.75],"tintindex":0,"rotation":0,"texture":"#0"},"north":{"uv":[7.625,12.75,8.375,13.75],"tintindex":0,"rotation":0,"texture":"#0"},"west":{"uv":[0.0,11.75,1.0,12.75],"tintindex":0,"rotation":0,"texture":"#0"},"up":{"uv":[13.625,4.0,12.875,3.0],"tintindex":0,"rotation":0,"texture":"#0"},"down":{"uv":[13.625,4.0,12.875,5.0],"tintindex":0,"rotation":0,"texture":"#0"}}},{"from":[2.0370493,4.1393623,4.4735336],"to":[11.03705,14.139362,15.473534],"faces":{"east":{"uv":[7.375,9.0,8.75,10.25],"tintindex":0,"rotation":0,"texture":"#0"},"south":{"uv":[11.0,4.75,12.125,6.0],"tintindex":0,"rotation":0,"texture":"#0"},"north":{"uv":[10.875,10.375,12.0,11.625],"tintindex":0,"rotation":0,"texture":"#0"},"west":{"uv":[5.625,9.125,7.0,10.375],"tintindex":0,"rotation":0,"texture":"#0"},"up":{"uv":[1.125,11.75,0.0,10.375],"tintindex":0,"rotation":0,"texture":"#0"},"down":{"uv":[6.125,10.375,5.0,11.75],"tintindex":0,"rotation":0,"texture":"#0"}}},{"from":[0.037049294,2.1393623,4.4735336],"to":[2.0370493,18.139362,15.473534],"faces":{"east":{"uv":[0.0,5.0,1.375,7.0],"tintindex":0,"rotation":0,"texture":"#0"},"south":{"uv":[6.375,13.375,6.625,15.375],"tintindex":0,"rotation":0,"texture":"#0"},"north":{"uv":[9.875,12.625,10.125,14.625],"tintindex":0,"rotation":0,"texture":"#0"},"west":{"uv":[1.375,6.0,2.75,8.0],"tintindex":0,"rotation":0,"texture":"#0"},"up":{"uv":[4.5,8.875,4.25,7.5],"tintindex":0,"rotation":0,"texture":"#0"},"down":{"uv":[6.0,11.75,5.75,13.125],"tintindex":0,"rotation":0,"texture":"#0"}}}],"display":{"gui":{"rotation":[30,225,0]}}}