{"textures":{"0":"modelengine:entity/oni2"},"elements":[{"from":[4.6666827,0.3351674,6.4945974],"to":[9.666683,3.3351674,11.494597],"faces":{"east":{"uv":[14.75,8.75,14.125,9.125],"tintindex":0,"rotation":0,"texture":"#0"},"south":{"uv":[9.125,14.125,8.5,14.5],"tintindex":0,"rotation":0,"texture":"#0"},"north":{"uv":[8.5,14.125,7.875,14.5],"tintindex":0,"rotation":0,"texture":"#0"},"west":{"uv":[14.75,8.375,14.125,8.75],"tintindex":0,"rotation":0,"texture":"#0"},"up":{"uv":[13.625,14.25,14.25,13.625],"tintindex":0,"rotation":0,"texture":"#0"},"down":{"uv":[0.0,13.75,0.625,14.375],"tintindex":0,"rotation":0,"texture":"#0"}}},{"from":[3.6666827,3.3351674,6.4945974],"to":[9.666683,8.335167,12.494597],"faces":{"east":{"uv":[10.875,13.625,10.125,14.25],"tintindex":0,"rotation":0,"texture":"#0"},"south":{"uv":[9.875,13.625,9.125,14.25],"tintindex":0,"rotation":0,"texture":"#0"},"north":{"uv":[8.75,6.875,8.0,7.5],"tintindex":0,"rotation":0,"texture":"#0"},"west":{"uv":[14.375,4.375,13.625,5.0],"tintindex":0,"rotation":0,"texture":"#0"},"up":{"uv":[13.375,9.125,14.125,8.375],"tintindex":0,"rotation":0,"texture":"#0"},"down":{"uv":[13.375,9.125,14.125,9.875],"tintindex":0,"rotation":0,"texture":"#0"}}}],"display":{"gui":{"rotation":[30,225,0]}}}