{"textures":{"0":"modelengine:entity/oni2"},"elements":[{"from":[6.000952,1.0432463,2.9943066],"to":[12.000952,10.043245,12.994307],"faces":{"east":{"uv":[12.125,3.625,10.875,4.75],"tintindex":0,"rotation":0,"texture":"#0"},"south":{"uv":[12.875,12.375,12.125,13.5],"tintindex":0,"rotation":0,"texture":"#0"},"north":{"uv":[12.125,12.375,11.375,13.5],"tintindex":0,"rotation":0,"texture":"#0"},"west":{"uv":[12.125,0.0,10.875,1.125],"tintindex":0,"rotation":0,"texture":"#0"},"up":{"uv":[12.125,4.625,12.875,3.375],"tintindex":0,"rotation":0,"texture":"#0"},"down":{"uv":[12.125,4.625,12.875,5.875],"tintindex":0,"rotation":0,"texture":"#0"}}},{"from":[7.000952,-1.1872196,-2.2663393],"to":[11.000952,3.8127794,2.7336607],"faces":{"east":{"uv":[2.75,13.75,2.125,14.375],"tintindex":0,"rotation":0,"texture":"#0"},"south":{"uv":[14.375,11.5,13.875,12.125],"tintindex":0,"rotation":0,"texture":"#0"},"north":{"uv":[11.375,12.5,10.875,13.125],"tintindex":0,"rotation":0,"texture":"#0"},"west":{"uv":[14.375,1.625,13.75,2.25],"tintindex":0,"rotation":0,"texture":"#0"},"up":{"uv":[12.75,14.5,13.25,13.875],"tintindex":0,"rotation":0,"texture":"#0"},"down":{"uv":[0.625,14.0,1.125,14.625],"tintindex":0,"rotation":0,"texture":"#0"}},"rotation":{"origin":[-4.0,8.778174,3.7071066],"angle":-45.0,"axis":"x"}}],"display":{"gui":{"rotation":[30,225,0]}}}