{"textures":{"0":"modelengine:entity/lr_paladin"},"elements":[{"from":[6.5330553,7.5454597,-1.5],"to":[8.533055,19.54546,4.5],"faces":{"east":{"uv":[2.254,6.504,2.996,7.996],"tintindex":0,"rotation":0,"texture":"#0"},"south":{"uv":[0.004,10.504,0.246,11.996],"tintindex":0,"rotation":0,"texture":"#0"},"north":{"uv":[8.629,10.379,8.871,11.871],"tintindex":0,"rotation":0,"texture":"#0"},"west":{"uv":[3.004,6.504,3.746,7.996],"tintindex":0,"rotation":0,"texture":"#0"},"up":{"uv":[1.871,11.871,1.629,11.129],"tintindex":0,"rotation":0,"texture":"#0"},"down":{"uv":[2.746,11.129,2.504,11.871],"tintindex":0,"rotation":0,"texture":"#0"}}},{"from":[2.095149,3.4289885,28.5],"to":[5.095148,12.828988,30.5],"faces":{"east":{"uv":[1.004,7.121,1.246,6.004],"tintindex":0,"rotation":0,"texture":"#0"},"south":{"uv":[3.754,11.371,4.121,10.254],"tintindex":0,"rotation":0,"texture":"#0"},"north":{"uv":[7.004,9.871,7.371,8.754],"tintindex":0,"rotation":0,"texture":"#0"},"west":{"uv":[3.004,11.621,3.246,10.504],"tintindex":0,"rotation":0,"texture":"#0"},"up":{"uv":[4.121,11.621,3.754,11.379],"tintindex":0,"rotation":0,"texture":"#0"},"down":{"uv":[11.746,2.254,11.379,2.496],"tintindex":0,"rotation":0,"texture":"#0"}},"rotation":{"origin":[17.095148,18.828987,10.5],"angle":22.5,"axis":"z"}},{"from":[5.5330553,7.5454597,4.5],"to":[6.5330553,8.54546,28.5],"faces":{"east":{"uv":[10.129,1.754,13.121,1.871],"tintindex":0,"rotation":0,"texture":"#0"},"south":{"uv":[4.754,5.504,4.871,5.621],"tintindex":0,"rotation":0,"texture":"#0"},"north":{"uv":[3.129,5.379,3.246,5.496],"tintindex":0,"rotation":0,"texture":"#0"},"west":{"uv":[10.129,1.879,13.121,1.996],"tintindex":0,"rotation":0,"texture":"#0"},"up":{"uv":[0.621,12.496,0.504,9.504],"tintindex":0,"rotation":0,"texture":"#0"},"down":{"uv":[5.871,10.129,5.754,13.121],"tintindex":0,"rotation":0,"texture":"#0"}}},{"from":[3.595148,-6.171011,-2.5],"to":[4.595148,3.828988,1.5],"faces":{"east":{"uv":[6.004,9.996,6.496,8.754],"tintindex":0,"rotation":0,"texture":"#0"},"south":{"uv":[5.629,12.246,5.746,11.004],"tintindex":0,"rotation":0,"texture":"#0"},"north":{"uv":[4.629,12.121,4.746,10.879],"tintindex":0,"rotation":0,"texture":"#0"},"west":{"uv":[6.504,9.996,6.996,8.754],"tintindex":0,"rotation":0,"texture":"#0"},"up":{"uv":[11.621,0.496,11.504,0.004],"tintindex":0,"rotation":0,"texture":"#0"},"down":{"uv":[11.496,11.129,11.379,11.621],"tintindex":0,"rotation":0,"texture":"#0"}},"rotation":{"origin":[17.095148,18.828987,10.5],"angle":22.5,"axis":"z"}},{"from":[3.1712685,3.4463053,4.5],"to":[5.1712685,12.446305,28.5],"faces":{"east":{"uv":[0.004,1.121,2.996,0.004],"tintindex":0,"rotation":0,"texture":"#0"},"south":{"uv":[0.629,11.746,0.871,10.629],"tintindex":0,"rotation":0,"texture":"#0"},"north":{"uv":[8.129,11.621,8.371,10.504],"tintindex":0,"rotation":0,"texture":"#0"},"west":{"uv":[0.004,2.246,2.996,1.129],"tintindex":0,"rotation":0,"texture":"#0"},"up":{"uv":[1.996,11.121,1.754,8.129],"tintindex":0,"rotation":0,"texture":"#0"},"down":{"uv":[3.746,8.004,3.504,10.996],"tintindex":0,"rotation":0,"texture":"#0"}},"rotation":{"origin":[17.171268,18.446304,10.5],"angle":22.5,"axis":"z"}},{"from":[3.595148,-2.171011,1.5],"to":[4.595148,3.828988,5.5],"faces":{"east":{"uv":[10.504,0.746,10.996,0.004],"tintindex":0,"rotation":0,"texture":"#0"},"south":{"uv":[5.879,9.996,5.996,9.254],"tintindex":0,"rotation":0,"texture":"#0"},"north":{"uv":[1.629,9.996,1.746,9.254],"tintindex":0,"rotation":0,"texture":"#0"},"west":{"uv":[0.879,11.246,1.371,10.504],"tintindex":0,"rotation":0,"texture":"#0"},"up":{"uv":[4.871,11.996,4.754,11.504],"tintindex":0,"rotation":0,"texture":"#0"},"down":{"uv":[11.621,2.504,11.504,2.996],"tintindex":0,"rotation":0,"texture":"#0"}},"rotation":{"origin":[17.095148,18.828987,10.5],"angle":22.5,"axis":"z"}},{"from":[8.533055,9.54546,6.5],"to":[12.533056,12.545461,14.5],"faces":{"east":{"uv":[12.25,9.879,13.25,10.254],"tintindex":0,"rotation":0,"texture":"#0"},"south":{"uv":[12.375,11.004,12.875,11.379],"tintindex":0,"rotation":0,"texture":"#0"},"north":{"uv":[12.5,10.629,13.0,11.004],"tintindex":0,"rotation":0,"texture":"#0"},"west":{"uv":[12.25,10.254,13.25,10.629],"tintindex":0,"rotation":0,"texture":"#0"},"up":{"uv":[13.75,11.129,13.25,10.129],"tintindex":0,"rotation":0,"texture":"#0"},"down":{"uv":[14.5,10.129,14.0,11.129],"tintindex":0,"rotation":0,"texture":"#0"}}},{"from":[3.1712685,0.44630527,-1.5],"to":[5.1712685,12.446305,4.5],"faces":{"east":{"uv":[2.254,7.996,2.996,6.504],"tintindex":0,"rotation":0,"texture":"#0"},"south":{"uv":[0.004,11.996,0.246,10.504],"tintindex":0,"rotation":0,"texture":"#0"},"north":{"uv":[8.629,11.871,8.871,10.379],"tintindex":0,"rotation":0,"texture":"#0"},"west":{"uv":[3.004,7.996,3.746,6.504],"tintindex":0,"rotation":0,"texture":"#0"},"up":{"uv":[2.746,11.871,2.504,11.129],"tintindex":0,"rotation":0,"texture":"#0"},"down":{"uv":[1.871,11.129,1.629,11.871],"tintindex":0,"rotation":0,"texture":"#0"}},"rotation":{"origin":[17.171268,18.446304,10.5],"angle":22.5,"axis":"z"}},{"from":[7.0330553,16.54546,-2.5],"to":[8.033055,26.54546,1.5],"faces":{"east":{"uv":[6.004,8.754,6.496,9.996],"tintindex":0,"rotation":0,"texture":"#0"},"south":{"uv":[5.629,11.004,5.746,12.246],"tintindex":0,"rotation":0,"texture":"#0"},"north":{"uv":[4.629,10.879,4.746,12.121],"tintindex":0,"rotation":0,"texture":"#0"},"west":{"uv":[6.504,8.754,6.996,9.996],"tintindex":0,"rotation":0,"texture":"#0"},"up":{"uv":[11.496,11.621,11.379,11.129],"tintindex":0,"rotation":0,"texture":"#0"},"down":{"uv":[11.621,0.004,11.504,0.496],"tintindex":0,"rotation":0,"texture":"#0"}}},{"from":[2.095149,9.828988,9.5],"to":[3.095148,11.828988,11.5],"faces":{"east":{"uv":[10.629,10.121,10.871,9.879],"tintindex":0,"rotation":0,"texture":"#0"},"south":{"uv":[11.629,0.496,11.746,0.254],"tintindex":0,"rotation":0,"texture":"#0"},"north":{"uv":[11.629,0.246,11.746,0.004],"tintindex":0,"rotation":0,"texture":"#0"},"west":{"uv":[10.629,11.621,10.871,11.379],"tintindex":0,"rotation":0,"texture":"#0"},"up":{"uv":[11.746,1.246,11.629,1.004],"tintindex":0,"rotation":0,"texture":"#0"},"down":{"uv":[11.746,0.754,11.629,0.996],"tintindex":0,"rotation":0,"texture":"#0"}},"rotation":{"origin":[17.095148,18.828987,10.5],"angle":22.5,"axis":"z"}},{"from":[5.5330553,8.54546,9.5],"to":[6.5330553,10.54546,11.5],"faces":{"east":{"uv":[10.629,9.879,10.871,10.121],"tintindex":0,"rotation":0,"texture":"#0"},"south":{"uv":[11.629,0.254,11.746,0.496],"tintindex":0,"rotation":0,"texture":"#0"},"north":{"uv":[11.629,0.004,11.746,0.246],"tintindex":0,"rotation":0,"texture":"#0"},"west":{"uv":[10.629,11.379,10.871,11.621],"tintindex":0,"rotation":0,"texture":"#0"},"up":{"uv":[11.746,0.996,11.629,0.754],"tintindex":0,"rotation":0,"texture":"#0"},"down":{"uv":[11.746,1.004,11.629,1.246],"tintindex":0,"rotation":0,"texture":"#0"}}},{"from":[2.095149,7.828988,7.5],"to":[3.095148,9.828988,13.5],"faces":{"east":{"uv":[11.129,6.371,11.871,6.129],"tintindex":0,"rotation":0,"texture":"#0"},"south":{"uv":[11.629,1.746,11.746,1.504],"tintindex":0,"rotation":0,"texture":"#0"},"north":{"uv":[11.629,1.496,11.746,1.254],"tintindex":0,"rotation":0,"texture":"#0"},"west":{"uv":[11.129,6.996,11.871,6.754],"tintindex":0,"rotation":0,"texture":"#0"},"up":{"uv":[7.746,8.996,7.629,8.254],"tintindex":0,"rotation":0,"texture":"#0"},"down":{"uv":[0.996,8.254,0.879,8.996],"tintindex":0,"rotation":0,"texture":"#0"}},"rotation":{"origin":[17.095148,18.828987,10.5],"angle":22.5,"axis":"z"}},{"from":[5.5330553,10.54546,7.5],"to":[6.5330553,12.545461,13.5],"faces":{"east":{"uv":[11.129,6.129,11.871,6.371],"tintindex":0,"rotation":0,"texture":"#0"},"south":{"uv":[11.629,1.504,11.746,1.746],"tintindex":0,"rotation":0,"texture":"#0"},"north":{"uv":[11.629,1.254,11.746,1.496],"tintindex":0,"rotation":0,"texture":"#0"},"west":{"uv":[11.129,6.754,11.871,6.996],"tintindex":0,"rotation":0,"texture":"#0"},"up":{"uv":[0.996,8.996,0.879,8.254],"tintindex":0,"rotation":0,"texture":"#0"},