{"textures":{"0":"modelengine:entity/lr_paladin"},"elements":[{"from":[6.0,11.370766,3.2590666],"to":[10.0,16.370766,4.2590666],"faces":{"east":{"uv":[2.504,5.879,2.621,6.496],"tintindex":0,"rotation":0,"texture":"#0"},"south":{"uv":[10.629,8.004,11.121,8.621],"tintindex":0,"rotation":0,"texture":"#0"},"north":{"uv":[10.629,7.379,11.121,7.996],"tintindex":0,"rotation":0,"texture":"#0"},"west":{"uv":[1.629,10.504,1.746,11.121],"tintindex":0,"rotation":0,"texture":"#0"},"up":{"uv":[9.496,3.371,9.004,3.254],"tintindex":0,"rotation":0,"texture":"#0"},"down":{"uv":[9.746,7.254,9.254,7.371],"tintindex":0,"rotation":0,"texture":"#0"}},"rotation":{"origin":[8.0,7.6055317,8.226441],"angle":0.0,"axis":"x"}},{"from":[4.0,19.370766,13.259067],"to":[12.0,23.370764,15.259067],"faces":{"east":{"uv":[0.879,11.254,1.121,11.746],"tintindex":0,"rotation":0,"texture":"#0"},"south":{"uv":[9.254,6.004,10.246,6.496],"tintindex":0,"rotation":0,"texture":"#0"},"north":{"uv":[9.254,5.504,10.246,5.996],"tintindex":0,"rotation":0,"texture":"#0"},"west":{"uv":[1.129,11.254,1.371,11.746],"tintindex":0,"rotation":0,"texture":"#0"},"up":{"uv":[11.621,1.746,10.629,1.504],"tintindex":0,"rotation":0,"texture":"#0"},"down":{"uv":[11.871,4.004,10.879,4.246],"tintindex":0,"rotation":0,"texture":"#0"}},"rotation":{"origin":[7.0,7.6055317,8.226441],"angle":0.0,"axis":"x"}},{"from":[2.0,19.370766,4.2590666],"to":[4.0,23.370764,15.259067],"faces":{"east":{"uv":[8.254,3.379,9.621,3.871],"tintindex":0,"rotation":0,"texture":"#0"},"south":{"uv":[11.129,11.129,11.371,11.621],"tintindex":0,"rotation":0,"texture":"#0"},"north":{"uv":[7.254,3.879,7.496,4.371],"tintindex":0,"rotation":0,"texture":"#0"},"west":{"uv":[6.004,8.254,7.371,8.746],"tintindex":0,"rotation":0,"texture":"#0"},"up":{"uv":[0.496,11.871,0.254,10.504],"tintindex":0,"rotation":0,"texture":"#0"},"down":{"uv":[1.621,10.504,1.379,11.871],"tintindex":0,"rotation":0,"texture":"#0"}},"rotation":{"origin":[7.0,7.6055317,8.226441],"angle":0.0,"axis":"x"}},{"from":[9.0,19.370766,4.2590666],"to":[12.0,21.370766,5.2590666],"faces":{"east":{"uv":[1.996,11.129,1.879,11.371],"tintindex":0,"rotation":0,"texture":"#0"},"south":{"uv":[10.621,6.754,10.254,6.996],"tintindex":0,"rotation":0,"texture":"#0"},"north":{"uv":[10.246,5.254,9.879,5.496],"tintindex":0,"rotation":0,"texture":"#0"},"west":{"uv":[5.246,10.754,5.129,10.996],"tintindex":0,"rotation":0,"texture":"#0"},"up":{"uv":[5.879,2.246,6.246,2.129],"tintindex":0,"rotation":0,"texture":"#0"},"down":{"uv":[9.629,3.754,9.996,3.871],"tintindex":0,"rotation":0,"texture":"#0"}},"rotation":{"origin":[9.0,7.6055317,8.226441],"angle":0.0,"axis":"x"}},{"from":[1.5,11.370766,4.2590666],"to":[14.5,19.370766,15.259067],"faces":{"east":{"uv":[2.629,5.504,3.996,6.496],"tintindex":0,"rotation":0,"texture":"#0"},"south":{"uv":[4.629,0.004,6.246,0.996],"tintindex":0,"rotation":0,"texture":"#0"},"north":{"uv":[3.254,4.504,4.871,5.496],"tintindex":0,"rotation":0,"texture":"#0"},"west":{"uv":[4.004,5.629,5.371,6.621],"tintindex":0,"rotation":0,"texture":"#0"},"up":{"uv":[1.621,3.621,0.004,2.254],"tintindex":0,"rotation":0,"texture":"#0"},"down":{"uv":[3.246,2.254,1.629,3.621],"tintindex":0,"rotation":0,"texture":"#0"}},"rotation":{"origin":[7.5,7.6055317,8.226441],"angle":0.0,"axis":"x"}},{"from":[2.5,4.775423,4.2828474],"to":[13.5,13.775423,13.282847],"faces":{"east":{"uv":[5.379,5.629,6.496,6.746],"tintindex":0,"rotation":0,"texture":"#0"},"south":{"uv":[4.879,2.254,6.246,3.371],"tintindex":0,"rotation":0,"texture":"#0"},"north":{"uv":[1.254,4.754,2.621,5.871],"tintindex":0,"rotation":0,"texture":"#0"},"west":{"uv":[6.496,5.629,5.379,6.746],"tintindex":0,"rotation":0,"texture":"#0"},"up":{"uv":[6.246,4.496,4.879,3.379],"tintindex":0,"rotation":0,"texture":"#0"},"down":{"uv":[6.246,4.504,4.879,5.621],"tintindex":0,"rotation":0,"texture":"#0"}},"rotation":{"origin":[7.5,7.6055317,8.226441],"angle":22.5,"axis":"x"}},{"from":[10.0,13.370766,3.2590666],"to":[12.0,16.370766,4.2590666],"faces":{"east":{"uv":[9.754,7.004,9.871,7.371],"tintindex":0,"rotation":0,"texture":"#0"},"south":{"uv":[9.629,11.254,9.871,11.621],"tintindex":0,"rotation":0,"texture":"#0"},"north":{"uv":[9.379,11.254,9.621,11.621],"tintindex":0,"rotation":0,"texture":"#0"},"west":{"uv":[7.379,11.504,7.496,11.871],"tintindex":0,"rotation":0,"texture":"#0"},"up":{"uv":[3.996,6.621,3.754,6.504],"tintindex":0,"rotation":0,"texture":"#0"},"down":{"uv":[4.746,7.629,4.504,7.746],"tintindex":0,"rotation":0,"texture":"#0"}},"rotation":{"origin":[8.0,7.6055317,8.226441],"angle":0.0,"axis":"x"}},{"from":[12.0,19.370766,4.2590666],"to":[14.0,23.370764,15.259067],"faces":{"east":{"uv":[7.371,8.254,6.004,8.746],"tintindex":0,"rotation":0,"texture":"#0"},"south":{"uv":[11.371,11.129,11.129,11.621],"tintindex":0,"rotation":0,"texture":"#0"},"north":{"uv":[7.496,3.879,7.254,4.371],"tintindex":0,"rotation":0,"texture":"#0"},"west":{"uv":[9.621,3.379,8.254,3.871],"tintindex":0,"rotation":0,"texture":"#0"},"up":{"uv":[0.254,11.871,0.496,10.504],"tintindex":0,"rotation":0,"texture":"#0"},"down":{"uv":[1.379,10.504,1.621,11.871],"tintindex":0,"rotation":0,"texture":"#0"}},"rotation":{"origin":[9.0,7.6055317,8.226441],"angle":0.0,"axis":"x"}},{"from":[6.0,6.775423,2.2828474],"to":[10.0,13.775423,4.2828474],"faces":{"east":{"uv":[2.004,7.129,2.246,7.996],"tintindex":0,"rotation":0,"texture":"#0"},"south":{"uv":[10.129,0.879,10.621,1.746],"tintindex":0,"rotation":0,"texture":"#0"},"north":{"uv":[6.879,10.004,7.371,10.871],"tintindex":0,"rotation":0,"texture":"#0"},"west":{"uv":[7.379,10.629,7.621,11.496],"tintindex":0,"rotation":0,"texture":"#0"},"up":{"uv":[6.371,11.496,5.879,11.254],"tintindex":0,"rotation":0,"texture":"#0"},"down":{"uv":[6.871,11.254,6.379,11.496],"tintindex":0,"rotation":0,"texture":"#0"}},"rotation":{"origin":[8.0,7.6055317,8.226441],"angle":22.5,"axis":"x"}},{"from":[4.0,19.370766,4.2590666],"to":[7.0,21.370766,5.2590666],"faces":{"east":{"uv":[5.129,10.754,5.246,10.996],"tintindex":0,"rotation":0,"texture":"#0"},"south":{"uv":[10.254,6.754,10.621,6.996],"tintindex":0,"rotation":0,"texture":"#0"},"north":{"uv":[9.879,5.254,10.246,5.496],"tintindex":0,"rotation":0,"texture":"#0"},"west":{"uv":[1.879,11.129,1.996,11.371],"tintindex":0,"rotation":0,"texture":"#0"},"up":{"uv":[6.246,2.246,5.879,2.129],"tintindex":0,"rotation":0,"texture":"#0"},"down":{"uv":[9.996,3.754,9.629,3.871],"tintindex":0,"rotation":0,"texture":"#0"}},"rotation":{"origin":[7.0,7.6055317,8.226441],"angle":0.0,"axis":"x"}},{"from":[4.0,13.370766,3.2590666],"to":[6.0,16.370766,4.2590666],"faces":{"east":{"uv":[7.504,11.504,7.621,11.871],"tintindex":0,"rotation":0,"texture":"#0"},"south":{"uv":[2.129,11.379,2.371,11.746],"tintindex":0,"rotation":0,"texture":"#0"},"north":{"uv":[1.879,11.379,2.121,11.746],"tintindex":0,"rotation":0,"texture":"#0"},"west":{"uv":[11.504,10.629,11.621,10.996],"tintindex":0,"rotation":0,"texture":"#0"},"up":{"uv":[7.246,9.996,7.004,9.879],"tintindex":0,"rotation":0,"texture":"#0"},"down":{"uv":[10.871,3.629,10.629,3.746],"tintindex":0,"rotation":0,"texture":"#0"}},"rotation":{"origin":[8.0,7.6055317,8.226441],"angle":0.0,"axis":"x"}},{"from":[5.5,19.391079,6.415871],"to":[11.5,21.391079,12.415871],"faces":{"east":{"uv":[11.129,4.504,11.871,4.746],"tintindex":0,"rotation":0,"texture":"#0"},"south":{"uv":[11.129,4.754,11.871,4.996],"tintindex":0,"rotation":0,"texture":"#0"},"north":{"uv":[11.129,4.254,11.871,4.496],"tintindex":0,"rotation":0,"texture":"#0"},"west":{"uv":[11.129,5.004,11.871,5.246],"tintindex":0,"rotation":0,"texture":"#0"},"up":{"uv":[2.746,9.871,2.004,9.129],"tintindex":0,"rotation":0,"texture":"#0"},"down":{"uv":[3.496,9.129,2.754,9.871],"tintindex":0,"rotation":0,"texture":"#0"}},"rotation":{"origin":[7.5,7.6055317,8.226441],"angle":0.0,"axis":"x"}},{"from":[4.5,2.5,3.5],"to":[11.5,6.5,12.5],"faces":{"east":{"uv":[10.254,12.879,11.371,13.246],"tintindex":0,"rotation":0,"texture":"#0"},"south":{"uv":[6.254,15.504,7.121,15.871],