{"textures":{"0":"modelengine:entity/alarminion"},"elements":[{"from":[7.24669,4.2493505,2.54535],"to":[8.75331,5.2179003,3.5138998],"faces":{"east":{"uv":[1.3125,8.6875,1.4375,8.8125],"tintindex":0,"rotation":0,"texture":"#0"},"south":{"uv":[8.625,4.6875,8.8125,4.8125],"tintindex":0,"rotation":0,"texture":"#0"},"north":{"uv":[0.75,7.875,0.9375,8.0],"tintindex":0,"rotation":0,"texture":"#0"},"west":{"uv":[1.4375,8.6875,1.5625,8.8125],"tintindex":0,"rotation":0,"texture":"#0"},"up":{"uv":[8.8125,4.9375,8.625,4.8125],"tintindex":0,"rotation":0,"texture":"#0"},"down":{"uv":[5.6875,8.625,5.5,8.75],"tintindex":0,"rotation":0,"texture":"#0"}},"rotation":{"origin":[8.0,4.572201,3.0834303],"angle":22.5,"axis":"x"}},{"from":[6.92384,4.9945507,3.1606503],"to":[9.07616,6.070711,4.0215797],"faces":{"east":{"uv":[0.5,8.6875,0.625,8.8125],"tintindex":0,"rotation":0,"texture":"#0"},"south":{"uv":[8.625,4.4375,8.875,4.5625],"tintindex":0,"rotation":0,"texture":"#0"},"north":{"uv":[5.5,7.375,5.75,7.5],"tintindex":0,"rotation":0,"texture":"#0"},"west":{"uv":[0.625,8.6875,0.75,8.8125],"tintindex":0,"rotation":0,"texture":"#0"},"up":{"uv":[8.875,4.6875,8.625,4.5625],"tintindex":0,"rotation":0,"texture":"#0"},"down":{"uv":[4.9375,8.625,4.6875,8.75],"tintindex":0,"rotation":0,"texture":"#0"}},"rotation":{"origin":[8.0,5.371211,3.8063498],"angle":-45.0,"axis":"x"}},{"from":[7.24669,5.425021,3.1606503],"to":[8.75331,7.039261,5.7434397],"faces":{"east":{"uv":[8.5,4.9375,8.8125,5.125],"tintindex":0,"rotation":0,"texture":"#0"},"south":{"uv":[1.75,8.625,1.9375,8.8125],"tintindex":0,"rotation":0,"texture":"#0"},"north":{"uv":[8.625,1.5,8.8125,1.6875],"tintindex":0,"rotation":0,"texture":"#0"},"west":{"uv":[8.5,5.125,8.8125,5.3125],"tintindex":0,"rotation":0,"texture":"#0"},"up":{"uv":[5.375,8.8125,5.1875,8.5],"tintindex":0,"rotation":0,"texture":"#0"},"down":{"uv":[6.8125,8.5,6.625,8.8125],"tintindex":0,"rotation":0,"texture":"#0"}},"rotation":{"origin":[8.0,5.371211,3.8063498],"angle":-45.0,"axis":"x"}},{"from":[6.06291,4.404891,6.05455],"to":[9.93709,8.81715,7.88402],"faces":{"east":{"uv":[6.125,8.0,6.375,8.5625],"tintindex":0,"rotation":0,"texture":"#0"},"south":{"uv":[7.25,0.625,7.75,1.1875],"tintindex":0,"rotation":0,"texture":"#0"},"north":{"uv":[6.75,7.1875,7.25,7.75],"tintindex":0,"rotation":0,"texture":"#0"},"west":{"uv":[6.375,8.0,6.625,8.5625],"tintindex":0,"rotation":0,"texture":"#0"},"up":{"uv":[6.0,8.375,5.5,8.125],"tintindex":0,"rotation":0,"texture":"#0"},"down":{"uv":[8.625,5.5625,8.125,5.8125],"tintindex":0,"rotation":0,"texture":"#0"}}},{"from":[6.49338,4.9945507,4.0215797],"to":[9.50663,6.070711,5.31297],"faces":{"east":{"uv":[5.9375,1.875,6.125,2.0],"tintindex":0,"rotation":0,"texture":"#0"},"south":{"uv":[8.5625,1.9375,8.9375,2.0625],"tintindex":0,"rotation":0,"texture":"#0"},"north":{"uv":[8.5625,1.8125,8.9375,1.9375],"tintindex":0,"rotation":0,"texture":"#0"},"west":{"uv":[4.3125,7.8125,4.5,7.9375],"tintindex":0,"rotation":0,"texture":"#0"},"up":{"uv":[7.5,1.875,7.125,1.6875],"tintindex":0,"rotation":0,"texture":"#0"},"down":{"uv":[7.5,4.5625,7.125,4.75],"tintindex":0,"rotation":0,"texture":"#0"}},"rotation":{"origin":[8.0,5.371211,3.8063498],"angle":-45.0,"axis":"x"}},{"from":[1.77811,7.549391,4.24607],"to":[7.29798,7.549391,8.12024],"faces":{"up":{"uv":[2.0625,7.75,1.5,7.25],"tintindex":0,"rotation":0,"texture":"#0"},"down":{"uv":[2.0625,7.25,1.5,7.75],"tintindex":0,"rotation":0,"texture":"#0"}},"rotation":{"origin":[4.53804,8.9421215,5.93758],"angle":45.0,"axis":"x"}},{"from":[7.12511,7.3909607,4.66654],"to":[12.6449795,7.3909607,8.54072],"faces":{"up":{"uv":[7.8125,7.6875,7.25,7.1875],"tintindex":0,"rotation":0,"texture":"#0"},"down":{"uv":[7.8125,7.1875,7.25,7.6875],"tintindex":0,"rotation":0,"texture":"#0"}},"rotation":{"origin":[8.0,5.8140507,5.47371],"angle":-45.0,"axis":"z"}},{"from":[7.67715,3.9460812,1.9824696],"to":[8.32285,5.345091,2.9510202],"faces":{"east":{"uv":[6.0,8.625,6.125,8.8125],"tintindex":0,"rotation":0,"texture":"#0"},"south":{"uv":[2.0,8.125,2.0625,8.3125],"tintindex":0,"rotation":0,"texture":"#0"},"north":{"uv":[6.625,8.0,6.6875,8.1875],"tintindex":0,"rotation":0,"texture":"#0"},"west":{"uv":[8.625,6.1875,8.75,6.375],"tintindex":0,"rotation":0,"texture":"#0"},"up":{"uv":[8.75,2.3125,8.6875,2.1875],"tintindex":0,"rotation":0,"texture":"#0"},"down":{"uv":[8.75,2.3125,8.6875,2.4375],"tintindex":0,"rotation":0,"texture":"#0"}}},{"from":[7.56954,4.2815304,3.68896],"to":[8.4304695,4.819601,4.87274],"faces":{"east":{"uv":[6.375,0.625,6.5,0.6875],"tintindex":0,"rotation":0,"texture":"#0"},"south":{"uv":[6.5,0.625,6.625,0.6875],"tintindex":0,"rotation":0,"texture":"#0"},"north":{"uv":[6.125,2.4375,6.25,2.5],"tintindex":0,"rotation":0,"texture":"#0"},"west":{"uv":[6.625,0.625,6.75,0.6875],"tintindex":0,"rotation":0,"texture":"#0"},"up":{"uv":[2.1875,8.8125,2.0625,8.6875],"tintindex":0,"rotation":0,"texture":"#0"},"down":{"uv":[2.3125,8.6875,2.1875,8.8125],"tintindex":0,"rotation":0,"texture":"#0"}},"rotation":{"origin":[8.0,4.658181,4.3346596],"angle":-45.0,"axis":"x"}},{"from":[6.81623,4.404891,5.83932],"to":[9.18378,7.310521,7.23833],"faces":{"east":{"uv":[0.75,7.5,0.9375,7.875],"tintindex":0,"rotation":0,"texture":"#0"},"south":{"uv":[8.125,8.3125,8.4375,8.6875],"tintindex":0,"rotation":0,"texture":"#0"},"north":{"uv":[7.8125,8.3125,8.125,8.6875],"tintindex":0,"rotation":0,"texture":"#0"},"west":{"uv":[4.5,8.375,4.6875,8.75],"tintindex":0,"rotation":0,"texture":"#0"},"up":{"uv":[8.8125,7.75,8.5,7.5625],"tintindex":0,"rotation":0,"texture":"#0"},"down":{"uv":[8.8125,7.75,8.5,7.9375],"tintindex":0,"rotation":0,"texture":"#0"}},"rotation":{"origin":[8.0,5.6962805,6.7002497],"angle":22.5,"axis":"x"}},{"from":[6.17053,6.2343607,4.9783897],"to":[9.82947,8.81715,7.23833],"faces":{"east":{"uv":[3.875,8.375,4.1875,8.6875],"tintindex":0,"rotation":0,"texture":"#0"},"south":{"uv":[2.4375,8.0625,2.875,8.375],"tintindex":0,"rotation":0,"texture":"#0"},"north":{"uv":[8.0,5.9375,8.4375,6.25],"tintindex":0,"rotation":0,"texture":"#0"},"west":{"uv":[4.1875,8.375,4.5,8.6875],"tintindex":0,"rotation":0,"texture":"#0"},"up":{"uv":[7.5625,8.375,7.125,8.0625],"tintindex":0,"rotation":0,"texture":"#0"},"down":{"uv":[1.75,8.125,1.3125,8.4375],"tintindex":0,"rotation":0,"texture":"#0"}},"rotation":{"origin":[8.0,5.6962805,6.7002497],"angle":-22.5,"axis":"x"}},{"from":[8.70202,7.549391,4.24607],"to":[14.2218895,7.549391,8.12024],"faces":{"up":{"uv":[7.8125,7.6875,7.25,7.1875],"tintindex":0,"rotation":0,"texture":"#0"},"down":{"uv":[7.8125,7.1875,7.25,7.6875],"tintindex":0,"rotation":0,"texture":"#0"}},"rotation":{"origin":[11.46196,8.9421215,5.93758],"angle":45.0,"axis":"x"}},{"from":[7.56954,3.8611708,2.73277],"to":[8.4304695,5.583021,3.3784695],"faces":{"east":{"uv":[7.5,8.375,7.5625,8.5625],"tintindex":0,"rotation":0,"texture":"#0"},"south":{"uv":[6.9375,8.625,7.0625,8.8125],"tintindex":0,"rotation":0,"texture":"#0"},"north":{"uv":[8.625,6.8125,8.75,7.0],"tintindex":0,"rotation":0,"texture":"#0"},"west":{"uv":[3.8125,8.4375,3.875,8.625],"tintindex":0,"rotation":0,"texture":"#0"},"up":{"uv":[5.375,3.375,5.25,3.3125],"tintindex":0,"rotation":0,"texture":"#0"},"down":{"uv":[1.8125,6.125,1.6875,6.1875],"tintindex":0,"rotation":0,"texture":"#0"}},"rotation":{"origin":[8.0,4.7901707,2.4978695],"angle":45.0,"axis":"x"}},{"from":[7.13907,4.8174706,5.1966],"to":[8.86093,6.324091,5.84229],"faces":{"east":{"uv":[2.6875,8.625,2.75,8.8125],"tintindex":0,"rotation":0,"texture":"#0"},"south":{"uv":[8.625,4.25,8.8125,4.4375],"tintindex":0,"rotation":0,"texture":"#0"},"north":{"uv":[8.625,4.0625,8.8125,4.25],"tintindex":0,"rotation":0,"texture":"#0"},"west":{"uv":[3.8125,8.625,3.875,8.8125],"tintindex":0,"rotation":0,"texture":"#0"},"up":{"uv":[5.25,3.375,5.0625,3.3125],"tintindex":0,"rotation":0,"texture":"#0"},"down":{"uv":[6.1875,4.3125,6.0,4.375],"tintindex":0,"rotation":0,"texture":"#0"}},"rotation":{"origin":[8.0,5.3555403,5.57325],"angle":45.0,