{"textures":{"0":"modelengine:entity/alarminion"},"elements":[{"from":[10.367555,7.4434547,7.78477],"to":[12.950335,8.30438,8.645695],"faces":{"east":{"uv":[8.5625,8.4375,8.75,8.625],"tintindex":0,"rotation":0,"texture":"#0"},"south":{"uv":[8.25,3.1875,8.875,3.375],"tintindex":0,"rotation":0,"texture":"#0"},"north":{"uv":[8.25,3.0,8.875,3.1875],"tintindex":0,"rotation":0,"texture":"#0"},"west":{"uv":[0.875,8.625,1.0625,8.8125],"tintindex":0,"rotation":0,"texture":"#0"},"up":{"uv":[3.875,8.4375,3.25,8.25],"tintindex":0,"rotation":0,"texture":"#0"},"down":{"uv":[8.875,3.375,8.25,3.5625],"tintindex":0,"rotation":0,"texture":"#0"}},"rotation":{"origin":[10.582785,8.30438,8.21523],"angle":-45.0,"axis":"x"}},{"from":[7.78477,7.4434547,7.5695353],"to":[10.367555,8.519615,8.645695],"faces":{"east":{"uv":[8.4375,2.1875,8.6875,2.4375],"tintindex":0,"rotation":0,"texture":"#0"},"south":{"uv":[7.875,7.625,8.5,7.875],"tintindex":0,"rotation":0,"texture":"#0"},"north":{"uv":[5.5,7.875,6.125,8.125],"tintindex":0,"rotation":0,"texture":"#0"},"west":{"uv":[3.1875,8.4375,3.4375,8.6875],"tintindex":0,"rotation":0,"texture":"#0"},"up":{"uv":[8.5,8.125,7.875,7.875],"tintindex":0,"rotation":0,"texture":"#0"},"down":{"uv":[4.9375,7.9375,4.3125,8.1875],"tintindex":0,"rotation":0,"texture":"#0"}},"rotation":{"origin":[8.0,8.30438,8.21523],"angle":-45.0,"axis":"x"}},{"from":[7.78477,7.7662997,8.8609295],"to":[15.102654,8.196765,10.798016],"faces":{"east":{"uv":[8.4375,2.4375,8.9375,2.5625],"tintindex":0,"rotation":0,"texture":"#0"},"south":{"uv":[7.8125,2.6875,9.625,2.8125],"tintindex":0,"rotation":0,"texture":"#0"},"north":{"uv":[7.8125,2.5625,9.625,2.6875],"tintindex":0,"rotation":0,"texture":"#0"},"west":{"uv":[8.4375,3.6875,8.9375,3.8125],"tintindex":0,"rotation":0,"texture":"#0"},"up":{"uv":[6.0,4.375,4.1875,3.875],"tintindex":0,"rotation":0,"texture":"#0"},"down":{"uv":[6.125,2.0,4.3125,2.5],"tintindex":0,"rotation":0,"texture":"#0"}}},{"from":[12.950335,7.4434547,8.0],"to":[15.53312,8.089149,8.645695],"faces":{"east":{"uv":[8.625,1.125,8.8125,1.3125],"tintindex":0,"rotation":0,"texture":"#0"},"south":{"uv":[8.25,7.375,8.875,7.5625],"tintindex":0,"rotation":0,"texture":"#0"},"north":{"uv":[8.25,7.1875,8.875,7.375],"tintindex":0,"rotation":0,"texture":"#0"},"west":{"uv":[8.625,1.3125,8.8125,1.5],"tintindex":0,"rotation":0,"texture":"#0"},"up":{"uv":[8.9375,0.1875,8.3125,0.0],"tintindex":0,"rotation":0,"texture":"#0"},"down":{"uv":[8.9375,0.1875,8.3125,0.375],"tintindex":0,"rotation":0,"texture":"#0"}},"rotation":{"origin":[13.16557,8.30438,8.21523],"angle":-45.0,"axis":"x"}},{"from":[7.78477,7.981535,10.582785],"to":[15.102654,7.981535,13.3808],"faces":{"up":{"uv":[1.8125,3.4375,0.0,2.75],"tintindex":0,"rotation":0,"texture":"#0"},"down":{"uv":[1.8125,2.75,0.0,3.4375],"tintindex":0,"rotation":0,"texture":"#0"}}},{"from":[12.519875,8.040094,6.21523],"to":[22.635775,8.040094,9.01325],"faces":{"up":{"uv":[2.5,2.0625,0.0,1.375],"tintindex":0,"rotation":0,"texture":"#0"},"down":{"uv":[2.5,1.375,0.0,2.0625],"tintindex":0,"rotation":0,"texture":"#0"}},"rotation":{"origin":[11.443715,7.981535,10.90563],"angle":-45.0,"axis":"y"}}],"display":{"gui":{"rotation":[30,225,0]}}}