{"textures":{"0":"modelengine:entity/alarminion"},"elements":[{"from":[6.70861,7.03146,12.41226],"to":[9.291389,10.15232,15.42551],"faces":{"east":{"uv":[2.0625,7.9375,2.4375,8.3125],"tintindex":0,"rotation":0,"texture":"#0"},"south":{"uv":[2.0,8.3125,2.3125,8.6875],"tintindex":0,"rotation":0,"texture":"#0"},"north":{"uv":[0.875,8.25,1.1875,8.625],"tintindex":0,"rotation":0,"texture":"#0"},"west":{"uv":[2.875,7.9375,3.25,8.3125],"tintindex":0,"rotation":0,"texture":"#0"},"up":{"uv":[3.1875,8.6875,2.875,8.3125],"tintindex":0,"rotation":0,"texture":"#0"},"down":{"uv":[8.625,4.5625,8.3125,4.9375],"tintindex":0,"rotation":0,"texture":"#0"}}},{"from":[6.27815,6.17052,11.120871],"to":[9.72186,10.36755,13.05795],"faces":{"east":{"uv":[7.5625,8.0625,7.8125,8.5625],"tintindex":0,"rotation":0,"texture":"#0"},"south":{"uv":[3.4375,7.75,3.875,8.25],"tintindex":0,"rotation":0,"texture":"#0"},"north":{"uv":[2.4375,7.5625,2.875,8.0625],"tintindex":0,"rotation":0,"texture":"#0"},"west":{"uv":[1.75,8.125,2.0,8.625],"tintindex":0,"rotation":0,"texture":"#0"},"up":{"uv":[8.8125,0.875,8.375,0.625],"tintindex":0,"rotation":0,"texture":"#0"},"down":{"uv":[2.75,8.375,2.3125,8.625],"tintindex":0,"rotation":0,"texture":"#0"}},"rotation":{"origin":[8.0,9.02235,12.19703],"angle":-22.5,"axis":"x"}},{"from":[5.84768,5.74006,10.25994],"to":[10.15232,10.58278,12.41226],"faces":{"east":{"uv":[3.3125,5.4375,3.5625,6.0625],"tintindex":0,"rotation":0,"texture":"#0"},"south":{"uv":[0.9375,6.8125,1.5,7.4375],"tintindex":0,"rotation":0,"texture":"#0"},"north":{"uv":[1.8125,2.75,2.375,3.375],"tintindex":0,"rotation":0,"texture":"#0"},"west":{"uv":[0.0,7.8125,0.25,8.4375],"tintindex":0,"rotation":0,"texture":"#0"},"up":{"uv":[5.5,8.1875,4.9375,7.9375],"tintindex":0,"rotation":0,"texture":"#0"},"down":{"uv":[1.3125,8.0,0.75,8.25],"tintindex":0,"rotation":0,"texture":"#0"}}},{"from":[5.41722,5.3096,7.24669],"to":[10.58279,11.01325,10.25994],"faces":{"east":{"uv":[2.0625,7.25,2.4375,7.9375],"tintindex":0,"rotation":0,"texture":"#0"},"south":{"uv":[2.9375,6.6875,3.5625,7.375],"tintindex":0,"rotation":0,"texture":"#0"},"north":{"uv":[6.5,1.1875,7.125,1.875],"tintindex":0,"rotation":0,"texture":"#0"},"west":{"uv":[3.9375,7.4375,4.3125,8.125],"tintindex":0,"rotation":0,"texture":"#0"},"up":{"uv":[7.875,8.0625,7.25,7.6875],"tintindex":0,"rotation":0,"texture":"#0"},"down":{"uv":[8.375,0.625,7.75,1.0],"tintindex":0,"rotation":0,"texture":"#0"}}}],"display":{"gui":{"rotation":[30,225,0]}}}