{"textures":{"0":"modelengine:entity/orc_king"},"elements":[{"from":[5.4855204,-10.186592,17.773403],"to":[10.48552,-0.18659115,23.773403],"faces":{"east":{"uv":[7.002,6.8145,7.373,7.4355],"tintindex":0,"rotation":0,"texture":"#0"},"south":{"uv":[7.877,7.8145,8.1855,8.4355],"tintindex":0,"rotation":0,"texture":"#0"},"north":{"uv":[4.752,7.0645,5.0605,7.6855],"tintindex":0,"rotation":0,"texture":"#0"},"west":{"uv":[4.3145,7.0645,4.6855,7.6855],"tintindex":0,"rotation":0,"texture":"#0"},"up":{"uv":[5.6855,9.748,5.377,9.377],"tintindex":0,"rotation":0,"texture":"#0"},"down":{"uv":[6.873,9.377,6.5645,9.748],"tintindex":0,"rotation":0,"texture":"#0"}},"rotation":{"origin":[17.98552,36.034416,38.092],"angle":22.5,"axis":"x"}}],"display":{"gui":{"rotation":[30,225,0]}}}