{"textures":{"0":"modelengine:entity/orc_king"},"elements":[{"from":[4.4884167,17.49256,-8.386265],"to":[11.488417,25.49256,-2.3862638],"faces":{"east":{"uv":[8.3145,6.377,8.6855,6.873],"tintindex":0,"rotation":0,"texture":"#0"},"south":{"uv":[7.3145,3.127,7.748,3.623],"tintindex":0,"rotation":0,"texture":"#0"},"north":{"uv":[6.502,7.252,6.9355,7.748],"tintindex":0,"rotation":0,"texture":"#0"},"west":{"uv":[3.877,8.377,4.248,8.873],"tintindex":0,"rotation":0,"texture":"#0"},"up":{"uv":[1.9355,8.998,1.502,8.627],"tintindex":0,"rotation":0,"texture":"#0"},"down":{"uv":[7.1855,8.627,6.752,8.998],"tintindex":0,"rotation":0,"texture":"#0"}},"rotation":{"origin":[15.988417,32.3656,21.448677],"angle":-45.0,"axis":"x"}}],"display":{"gui":{"rotation":[30,225,0]}}}