{"textures":{"0":"modelengine:entity/orc_king"},"elements":[{"from":[7.250124,12.166155,2.8754473],"to":[8.250124,15.166155,3.8754473],"faces":{"east":{"uv":[4.6895,11.5645,4.748,11.748],"tintindex":0,"rotation":0,"texture":"#0"},"south":{"uv":[4.8145,11.5645,4.873,11.748],"tintindex":0,"rotation":0,"texture":"#0"},"north":{"uv":[4.377,11.5645,4.4355,11.748],"tintindex":0,"rotation":0,"texture":"#0"},"west":{"uv":[4.9395,11.5645,4.998,11.748],"tintindex":0,"rotation":0,"texture":"#0"},"up":{"uv":[9.5605,11.6855,9.502,11.627],"tintindex":0,"rotation":0,"texture":"#0"},"down":{"uv":[11.6855,9.502,11.627,9.5605],"tintindex":0,"rotation":0,"texture":"#0"}}},{"from":[10.450054,0.6821203,3.5297766],"to":[14.450054,3.6821203,6.5297766],"faces":{"east":{"uv":[11.0645,2.627,11.248,2.8105],"tintindex":0,"rotation":0,"texture":"#0"},"south":{"uv":[0.502,10.877,0.748,11.0605],"tintindex":0,"rotation":0,"texture":"#0"},"north":{"uv":[10.8145,8.9395,11.0605,9.123],"tintindex":0,"rotation":0,"texture":"#0"},"west":{"uv":[2.877,11.0645,3.0605,11.248],"tintindex":0,"rotation":0,"texture":"#0"},"up":{"uv":[11.123,0.748,10.877,0.5645],"tintindex":0,"rotation":0,"texture":"#0"},"down":{"uv":[1.0605,10.877,0.8145,11.0605],"tintindex":0,"rotation":0,"texture":"#0"}},"rotation":{"origin":[18.021427,26.221415,20.562153],"angle":-22.5,"axis":"z"}},{"from":[16.726871,0.6093321,4.0297766],"to":[20.726871,2.609332,6.0297766],"faces":{"east":{"uv":[11.4395,10.377,11.5605,10.498],"tintindex":0,"rotation":0,"texture":"#0"},"south":{"uv":[11.0645,8.6895,11.3105,8.8105],"tintindex":0,"rotation":0,"texture":"#0"},"north":{"uv":[11.0645,4.8145,11.3105,4.9355],"tintindex":0,"rotation":0,"texture":"#0"},"west":{"uv":[11.4395,10.5645,11.5605,10.6855],"tintindex":0,"rotation":0,"texture":"#0"},"up":{"uv":[1.0605,11.248,0.8145,11.127],"tintindex":0,"rotation":0,"texture":"#0"},"down":{"uv":[11.373,2.377,11.127,2.498],"tintindex":0,"rotation":0,"texture":"#0"}},"rotation":{"origin":[18.021427,26.221415,20.562153],"angle":-45.0,"axis":"z"}},{"from":[4.521428,-2.5805855,11.564514],"to":[11.521428,6.4194145,17.564514],"faces":{"east":{"uv":[6.377,7.8145,6.748,8.373],"tintindex":0,"rotation":0,"texture":"#0"},"south":{"uv":[6.8145,4.502,7.248,5.0605],"tintindex":0,"rotation":0,"texture":"#0"},"north":{"uv":[0.002,6.752,0.4355,7.3105],"tintindex":0,"rotation":0,"texture":"#0"},"west":{"uv":[3.4395,7.877,3.8105,8.4355],"tintindex":0,"rotation":0,"texture":"#0"},"up":{"uv":[7.6855,8.998,7.252,8.627],"tintindex":0,"rotation":0,"texture":"#0"},"down":{"uv":[9.123,4.1895,8.6895,4.5605],"tintindex":0,"rotation":0,"texture":"#0"}},"rotation":{"origin":[18.021427,26.221415,20.562153],"angle":22.5,"axis":"x"}},{"from":[7.250124,7.166155,0.8754473],"to":[8.250124,10.166155,1.8754473],"faces":{"east":{"uv":[4.6895,11.5645,4.748,11.748],"tintindex":0,"rotation":0,"texture":"#0"},"south":{"uv":[4.8145,11.5645,4.873,11.748],"tintindex":0,"rotation":0,"texture":"#0"},"north":{"uv":[4.377,11.5645,4.4355,11.748],"tintindex":0,"rotation":0,"texture":"#0"},"west":{"uv":[4.9395,11.5645,4.998,11.748],"tintindex":0,"rotation":0,"texture":"#0"},"up":{"uv":[9.5605,11.6855,9.502,11.627],"tintindex":0,"rotation":0,"texture":"#0"},"down":{"uv":[11.6855,9.502,11.627,9.5605],"tintindex":0,"rotation":0,"texture":"#0"}}},{"from":[6.750124,12.419985,-5.759611],"to":[8.750124,16.419985,-3.7596111],"faces":{"east":{"uv":[3.8145,11.127,3.9355,11.373],"tintindex":0,"rotation":0,"texture":"#0"},"south":{"uv":[4.002,11.127,4.123,11.373],"tintindex":0,"rotation":0,"texture":"#0"},"north":{"uv":[3.377,11.127,3.498,11.373],"tintindex":0,"rotation":0,"texture":"#0"},"west":{"uv":[7.752,11.127,7.873,11.373],"tintindex":0,"rotation":0,"texture":"#0"},"up":{"uv":[11.5605,10.873,11.4395,10.752],"tintindex":0,"rotation":0,"texture":"#0"},"down":{"uv":[11.5605,10.9395,11.4395,11.0605],"tintindex":0,"rotation":0,"texture":"#0"}},"rotation":{"origin":[18.021427,26.221415,20.562153],"angle":-22.5,"axis":"x"}},{"from":[5.521428,-4.5805855,12.564514],"to":[14.521428,5.4194145,19.564514],"faces":{"east":{"uv":[6.627,0.752,7.0605,1.373],"tintindex":0,"rotation":0,"texture":"#0"},"south":{"uv":[4.502,5.6895,5.0605,6.3105],"tintindex":0,"rotation":0,"texture":"#0"},"north":{"uv":[5.627,5.3145,6.1855,5.9355],"tintindex":0,"rotation":0,"texture":"#0"},"west":{"uv":[0.5645,6.6895,0.998,7.3105],"tintindex":0,"rotation":0,"texture":"#0"},"up":{"uv":[7.3105,6.3105,6.752,5.877],"tintindex":0,"rotation":0,"texture":"#0"},"down":{"uv":[7.373,1.4395,6.8145,1.873],"tintindex":0,"rotation":0,"texture":"#0"}},"rotation":{"origin":[18.021427,26.221415,20.562153],"angle":22.5,"axis":"x"}},{"from":[6.750124,16.274015,-1.998435],"to":[8.750124,20.274015,0.0015649796],"faces":{"east":{"uv":[3.8145,11.127,3.9355,11.373],"tintindex":0,"rotation":0,"texture":"#0"},"south":{"uv":[4.002,11.127,4.123,11.373],"tintindex":0,"rotation":0,"texture":"#0"},"north":{"uv":[3.377,11.127,3.498,11.373],"tintindex":0,"rotation":0,"texture":"#0"},"west":{"uv":[7.752,11.127,7.873,11.373],"tintindex":0,"rotation":0,"texture":"#0"},"up":{"uv":[11.5605,10.873,11.4395,10.752],"tintindex":0,"rotation":0,"texture":"#0"},"down":{"uv":[11.5605,10.9395,11.4395,11.0605],"tintindex":0,"rotation":0,"texture":"#0"}},"rotation":{"origin":[18.021427,26.221415,20.562153],"angle":-22.5,"axis":"x"}}],"display":{"gui":{"rotation":[30,225,0]}}}