{"textures":{"0":"modelengine:entity/orc_king"},"elements":[{"from":[-6.2212467,4.670833,0.70261383],"to":[-2.2212477,9.670834,5.702615],"faces":{"east":{"uv":[5.0605,9.8145,4.752,10.123],"tintindex":0,"rotation":0,"texture":"#0"},"south":{"uv":[10.4355,2.5645,10.1895,2.873],"tintindex":0,"rotation":0,"texture":"#0"},"north":{"uv":[10.4355,2.1895,10.1895,2.498],"tintindex":0,"rotation":0,"texture":"#0"},"west":{"uv":[4.0605,9.8145,3.752,10.123],"tintindex":0,"rotation":0,"texture":"#0"},"up":{"uv":[10.1895,3.248,10.4355,2.9395],"tintindex":0,"rotation":0,"texture":"#0"},"down":{"uv":[10.1895,3.3145,10.4355,3.623],"tintindex":0,"rotation":0,"texture":"#0"}},"rotation":{"origin":[-1.9806948,41.893986,40.864365],"angle":-22.5,"axis":"y"}},{"from":[16.634857,4.670833,8.452615],"to":[20.634857,9.670834,13.452615],"faces":{"east":{"uv":[3.752,9.8145,4.0605,10.123],"tintindex":0,"rotation":0,"texture":"#0"},"south":{"uv":[10.1895,2.5645,10.4355,2.873],"tintindex":0,"rotation":0,"texture":"#0"},"north":{"uv":[10.1895,2.1895,10.4355,2.498],"tintindex":0,"rotation":0,"texture":"#0"},"west":{"uv":[4.752,9.8145,5.0605,10.123],"tintindex":0,"rotation":0,"texture":"#0"},"up":{"uv":[10.4355,3.248,10.1895,2.9395],"tintindex":0,"rotation":0,"texture":"#0"},"down":{"uv":[10.4355,3.3145,10.1895,3.623],"tintindex":0,"rotation":0,"texture":"#0"}},"rotation":{"origin":[-1.9806948,41.893986,40.864365],"angle":22.5,"axis":"y"}},{"from":[4.519305,4.645833,3.9476957],"to":[11.519305,8.670834,10.947697],"faces":{"east":{"uv":[9.9355,6.9395,9.502,7.1855],"tintindex":0,"rotation":0,"texture":"#0"},"south":{"uv":[7.373,9.502,6.9395,9.748],"tintindex":0,"rotation":0,"texture":"#0"},"north":{"uv":[9.9355,0.002,9.502,0.248],"tintindex":0,"rotation":0,"texture":"#0"},"west":{"uv":[9.9355,6.627,9.502,6.873],"tintindex":0,"rotation":0,"texture":"#0"},"up":{"uv":[7.3145,8.5605,7.748,8.127],"tintindex":0,"rotation":0,"texture":"#0"},"down":{"uv":[8.1895,4.252,8.623,4.6855],"tintindex":0,"rotation":0,"texture":"#0"}}}],"display":{"gui":{"rotation":[30,225,0]}}}