{"textures":{"0":"modelengine:entity/orc_king"},"elements":[{"from":[5.5144796,-10.186592,17.773403],"to":[10.51448,-0.18659115,23.773403],"faces":{"east":{"uv":[4.6855,7.0645,4.3145,7.6855],"tintindex":0,"rotation":0,"texture":"#0"},"south":{"uv":[8.1855,7.8145,7.877,8.4355],"tintindex":0,"rotation":0,"texture":"#0"},"north":{"uv":[5.0605,7.0645,4.752,7.6855],"tintindex":0,"rotation":0,"texture":"#0"},"west":{"uv":[7.373,6.8145,7.002,7.4355],"tintindex":0,"rotation":0,"texture":"#0"},"up":{"uv":[5.377,9.748,5.6855,9.377],"tintindex":0,"rotation":0,"texture":"#0"},"down":{"uv":[6.5645,9.377,6.873,9.748],"tintindex":0,"rotation":0,"texture":"#0"}},"rotation":{"origin":[-1.9855204,36.034416,38.092],"angle":22.5,"axis":"x"}}],"display":{"gui":{"rotation":[30,225,0]}}}