{"textures":{"0":"modelengine:entity/orc_king"},"elements":[{"from":[7.092292,9.571253,7.7432575],"to":[9.092292,13.571253,9.7432575],"faces":{"east":{"uv":[3.8145,11.127,3.9355,11.373],"tintindex":0,"rotation":0,"texture":"#0"},"south":{"uv":[4.002,11.127,4.123,11.373],"tintindex":0,"rotation":0,"texture":"#0"},"north":{"uv":[3.377,11.127,3.498,11.373],"tintindex":0,"rotation":0,"texture":"#0"},"west":{"uv":[7.752,11.127,7.873,11.373],"tintindex":0,"rotation":0,"texture":"#0"},"up":{"uv":[11.5605,10.873,11.4395,10.752],"tintindex":0,"rotation":0,"texture":"#0"},"down":{"uv":[11.5605,10.9395,11.4395,11.0605],"tintindex":0,"rotation":0,"texture":"#0"}}},{"from":[6.313596,12.645435,-1.0460625],"to":[13.313596,22.645435,5.9539366],"faces":{"east":{"uv":[5.502,6.5645,5.9355,7.1855],"tintindex":0,"rotation":0,"texture":"#0"},"south":{"uv":[6.002,6.5645,6.4355,7.1855],"tintindex":0,"rotation":0,"texture":"#0"},"north":{"uv":[4.377,6.377,4.8105,6.998],"tintindex":0,"rotation":0,"texture":"#0"},"west":{"uv":[6.502,6.5645,6.9355,7.1855],"tintindex":0,"rotation":0,"texture":"#0"},"up":{"uv":[8.4355,1.4355,8.002,1.002],"tintindex":0,"rotation":0,"texture":"#0"},"down":{"uv":[1.748,8.002,1.3145,8.4355],"tintindex":0,"rotation":0,"texture":"#0"}},"rotation":{"origin":[19.813595,28.608002,39.714363],"angle":-22.5,"axis":"x"}},{"from":[12.083709,0.8382654,8.181984],"to":[16.08371,3.8382654,11.181984],"faces":{"east":{"uv":[11.0645,2.627,11.248,2.8105],"tintindex":0,"rotation":0,"texture":"#0"},"south":{"uv":[0.502,10.877,0.748,11.0605],"tintindex":0,"rotation":0,"texture":"#0"},"north":{"uv":[10.8145,8.9395,11.0605,9.123],"tintindex":0,"rotation":0,"texture":"#0"},"west":{"uv":[2.877,11.0645,3.0605,11.248],"tintindex":0,"rotation":0,"texture":"#0"},"up":{"uv":[11.123,0.748,10.877,0.5645],"tintindex":0,"rotation":0,"texture":"#0"},"down":{"uv":[1.0605,10.877,0.8145,11.0605],"tintindex":0,"rotation":0,"texture":"#0"}},"rotation":{"origin":[19.813595,28.608002,39.714363],"angle":-22.5,"axis":"z"}},{"from":[19.226147,0.87459946,8.681984],"to":[23.226147,2.8745995,10.681984],"faces":{"east":{"uv":[11.4395,10.377,11.5605,10.498],"tintindex":0,"rotation":0,"texture":"#0"},"south":{"uv":[11.0645,8.6895,11.3105,8.8105],"tintindex":0,"rotation":0,"texture":"#0"},"north":{"uv":[11.0645,4.8145,11.3105,4.9355],"tintindex":0,"rotation":0,"texture":"#0"},"west":{"uv":[11.4395,10.5645,11.5605,10.6855],"tintindex":0,"rotation":0,"texture":"#0"},"up":{"uv":[1.0605,11.248,0.8145,11.127],"tintindex":0,"rotation":0,"texture":"#0"},"down":{"uv":[11.373,2.377,11.127,2.498],"tintindex":0,"rotation":0,"texture":"#0"}},"rotation":{"origin":[19.813595,28.608002,39.714363],"angle":-45.0,"axis":"z"}},{"from":[5.313596,14.645435,0.95393753],"to":[11.313596,23.645435,6.9539366],"faces":{"east":{"uv":[7.8145,5.377,8.1855,5.9355],"tintindex":0,"rotation":0,"texture":"#0"},"south":{"uv":[5.502,7.8145,5.873,8.373],"tintindex":0,"rotation":0,"texture":"#0"},"north":{"uv":[7.8145,3.002,8.1855,3.5605],"tintindex":0,"rotation":0,"texture":"#0"},"west":{"uv":[5.9395,7.8145,6.3105,8.373],"tintindex":0,"rotation":0,"texture":"#0"},"up":{"uv":[9.5605,4.5605,9.1895,4.1895],"tintindex":0,"rotation":0,"texture":"#0"},"down":{"uv":[4.6855,9.1895,4.3145,9.5605],"tintindex":0,"rotation":0,"texture":"#0"}},"rotation":{"origin":[19.813595,28.608002,39.714363],"angle":-22.5,"axis":"x"}},{"from":[7.592292,2.5540295,16.811817],"to":[8.592292,5.5540295,17.811817],"faces":{"east":{"uv":[4.6895,11.5645,4.748,11.748],"tintindex":0,"rotation":0,"texture":"#0"},"south":{"uv":[4.8145,11.5645,4.873,11.748],"tintindex":0,"rotation":0,"texture":"#0"},"north":{"uv":[4.377,11.5645,4.4355,11.748],"tintindex":0,"rotation":0,"texture":"#0"},"west":{"uv":[4.9395,11.5645,4.998,11.748],"tintindex":0,"rotation":0,"texture":"#0"},"up":{"uv":[9.5605,11.6855,9.502,11.627],"tintindex":0,"rotation":0,"texture":"#0"},"down":{"uv":[11.6855,9.502,11.627,9.5605],"tintindex":0,"rotation":0,"texture":"#0"}},"rotation":{"origin":[19.813595,28.608002,39.714363],"angle":22.5,"axis":"x"}}],"display":{"gui":{"rotation":[30,225,0]}}}