{"textures":{"0":"modelengine:entity/orc_king"},"elements":[{"from":[4.927326,-0.7579346,5.2678547],"to":[10.927326,8.242065,11.267855],"faces":{"east":{"uv":[7.4395,7.4395,7.8105,7.998],"tintindex":0,"rotation":0,"texture":"#0"},"south":{"uv":[7.502,0.002,7.873,0.5605],"tintindex":0,"rotation":0,"texture":"#0"},"north":{"uv":[7.4395,6.8145,7.8105,7.373],"tintindex":0,"rotation":0,"texture":"#0"},"west":{"uv":[7.002,7.502,7.373,8.0605],"tintindex":0,"rotation":0,"texture":"#0"},"up":{"uv":[9.373,6.0605,9.002,5.6895],"tintindex":0,"rotation":0,"texture":"#0"},"down":{"uv":[8.123,9.002,7.752,9.373],"tintindex":0,"rotation":0,"texture":"#0"}}},{"from":[-1.7678156,13.062813,7.7678547],"to":[-0.7678156,16.062813,8.767855],"faces":{"east":{"uv":[7.9395,11.502,7.998,11.6855],"tintindex":0,"rotation":0,"texture":"#0"},"south":{"uv":[11.502,8.752,11.5605,8.9355],"tintindex":0,"rotation":0,"texture":"#0"},"north":{"uv":[7.127,11.502,7.1855,11.6855],"tintindex":0,"rotation":0,"texture":"#0"},"west":{"uv":[9.002,11.502,9.0605,11.6855],"tintindex":0,"rotation":0,"texture":"#0"},"up":{"uv":[11.6855,5.8105,11.627,5.752],"tintindex":0,"rotation":0,"texture":"#0"},"down":{"uv":[11.6855,5.877,11.627,5.9355],"tintindex":0,"rotation":0,"texture":"#0"}},"rotation":{"origin":[18.877327,15.472507,-10.69195],"angle":22.5,"axis":"z"}},{"from":[5.927326,1.1437016,-0.3955469],"to":[7.927326,3.1437016,1.6044531],"faces":{"east":{"uv":[11.3145,2.9395,11.4355,3.0605],"tintindex":0,"rotation":0,"texture":"#0"},"south":{"uv":[3.0645,11.3145,3.1855,11.4355],"tintindex":0,"rotation":0,"texture":"#0"},"north":{"uv":[2.877,11.3145,2.998,11.4355],"tintindex":0,"rotation":0,"texture":"#0"},"west":{"uv":[11.3145,3.9395,11.4355,4.0605],"tintindex":0,"rotation":0,"texture":"#0"},"up":{"uv":[11.4355,8.498,11.3145,8.377],"tintindex":0,"rotation":0,"texture":"#0"},"down":{"uv":[11.4355,8.877,11.3145,8.998],"tintindex":0,"rotation":0,"texture":"#0"}},"rotation":{"origin":[18.877327,15.472507,-10.69195],"angle":-22.5,"axis":"x"}},{"from":[3.9273262,2.2420654,4.2678547],"to":[8.927326,7.2420654,12.267855],"faces":{"east":{"uv":[8.877,3.127,9.373,3.4355],"tintindex":0,"rotation":0,"texture":"#0"},"south":{"uv":[9.6895,8.9395,9.998,9.248],"tintindex":0,"rotation":0,"texture":"#0"},"north":{"uv":[5.752,9.6895,6.0605,9.998],"tintindex":0,"rotation":0,"texture":"#0"},"west":{"uv":[8.877,3.502,9.373,3.8105],"tintindex":0,"rotation":0,"texture":"#0"},"up":{"uv":[2.123,6.873,1.8145,6.377],"tintindex":0,"rotation":0,"texture":"#0"},"down":{"uv":[6.1855,8.6895,5.877,9.1855],"tintindex":0,"rotation":0,"texture":"#0"}}},{"from":[1.4825201,12.494717,7.345279],"to":[3.48252,14.494717,9.34528],"faces":{"east":{"uv":[11.377,0.5645,11.498,0.6855],"tintindex":0,"rotation":0,"texture":"#0"},"south":{"uv":[11.377,1.6895,11.498,1.8105],"tintindex":0,"rotation":0,"texture":"#0"},"north":{"uv":[0.127,11.377,0.248,11.498],"tintindex":0,"rotation":0,"texture":"#0"},"west":{"uv":[11.377,1.877,11.498,1.998],"tintindex":0,"rotation":0,"texture":"#0"},"up":{"uv":[11.498,3.248,11.377,3.127],"tintindex":0,"rotation":0,"texture":"#0"},"down":{"uv":[3.6855,11.377,3.5645,11.498],"tintindex":0,"rotation":0,"texture":"#0"}},"rotation":{"origin":[18.877327,15.472507,-10.69195],"angle":22.5,"axis":"z"}},{"from":[1.9273252,2.2420654,6.2678547],"to":[3.9273262,5.2420654,10.267855],"faces":{"east":{"uv":[10.6895,6.5645,10.9355,6.748],"tintindex":0,"rotation":0,"texture":"#0"},"south":{"uv":[11.1895,3.127,11.3105,3.3105],"tintindex":0,"rotation":0,"texture":"#0"},"north":{"uv":[2.4395,11.1895,2.5605,11.373],"tintindex":0,"rotation":0,"texture":"#0"},"west":{"uv":[10.6895,6.8145,10.9355,6.998],"tintindex":0,"rotation":0,"texture":"#0"},"up":{"uv":[1.4355,7.873,1.3145,7.627],"tintindex":0,"rotation":0,"texture":"#0"},"down":{"uv":[6.9355,7.8145,6.8145,8.0605],"tintindex":0,"rotation":0,"texture":"#0"}}},{"from":[5.927326,15.639542,12.122039],"to":[7.927326,17.639542,14.122038],"faces":{"east":{"uv":[11.377,4.8145,11.498,4.9355],"tintindex":0,"rotation":0,"texture":"#0"},"south":{"uv":[4.877,11.377,4.998,11.498],"tintindex":0,"rotation":0,"texture":"#0"},"north":{"uv":[4.6895,11.377,4.8105,11.498],"tintindex":0,"rotation":0,"texture":"#0"},"west":{"uv":[5.0645,11.377,5.1855,11.498],"tintindex":0,"rotation":0,"texture":"#0"},"up":{"uv":[5.373,11.498,5.252,11.377],"tintindex":0,"rotation":0,"texture":"#0"},"down":{"uv":[5.5605,11.377,5.4395,11.498],"tintindex":0,"rotation":0,"texture":"#0"}},"rotation":{"origin":[18.877327,15.472507,-10.69195],"angle":22.5,"axis":"x"}},{"from":[2.9273262,0.24206543,3.2678547],"to":[8.927326,2.2420654,13.267855],"faces":{"east":{"uv":[5.9395,0.9395,6.5605,1.0605],"tintindex":0,"rotation":0,"texture":"#0"},"south":{"uv":[7.3145,10.5645,7.6855,10.6855],"tintindex":0,"rotation":0,"texture":"#0"},"north":{"uv":[6.877,10.5645,7.248,10.6855],"tintindex":0,"rotation":0,"texture":"#0"},"west":{"uv":[10.0645,9.4395,10.6855,9.5605],"tintindex":0,"rotation":0,"texture":"#0"},"up":{"uv":[7.248,5.748,6.877,5.127],"tintindex":0,"rotation":0,"texture":"#0"},"down":{"uv":[1.4355,6.9395,1.0645,7.5605],"tintindex":0,"rotation":0,"texture":"#0"}}},{"from":[13.125881,-5.4111805,7.2678547],"to":[16.125881,-3.4111805,9.267855],"faces":{"east":{"uv":[11.377,8.5645,11.498,8.6855],"tintindex":0,"rotation":0,"texture":"#0"},"south":{"uv":[11.1895,3.5645,11.373,3.6855],"tintindex":0,"rotation":0,"texture":"#0"},"north":{"uv":[11.1895,3.377,11.373,3.498],"tintindex":0,"rotation":0,"texture":"#0"},"west":{"uv":[9.127,11.377,9.248,11.498],"tintindex":0,"rotation":0,"texture":"#0"},"up":{"uv":[11.373,4.373,11.1895,4.252],"tintindex":0,"rotation":0,"texture":"#0"},"down":{"uv":[11.373,4.4395,11.1895,4.5605],"tintindex":0,"rotation":0,"texture":"#0"}},"rotation":{"origin":[18.877327,15.472507,-10.69195],"angle":-45.0,"axis":"z"}},{"from":[8.427326,2.2420654,4.7678547],"to":[11.427326,6.2420654,11.767855],"faces":{"east":{"uv":[9.4395,0.8145,9.873,1.0605],"tintindex":0,"rotation":0,"texture":"#0"},"south":{"uv":[10.5645,10.127,10.748,10.373],"tintindex":0,"rotation":0,"texture":"#0"},"north":{"uv":[10.0645,10.5645,10.248,10.8105],"tintindex":0,"rotation":0,"texture":"#0"},"west":{"uv":[3.377,9.4395,3.8105,9.6855],"tintindex":0,"rotation":0,"texture":"#0"},"up":{"uv":[2.0605,3.623,1.877,3.1895],"tintindex":0,"rotation":0,"texture":"#0"},"down":{"uv":[4.0605,7.877,3.877,8.3105],"tintindex":0,"rotation":0,"texture":"#0"}}}],"display":{"gui":{"rotation":[30,225,0]}}}