{"textures":{"0":"modelengine:entity/orc_king"},"elements":[{"from":[5.4059772,19.493633,8.540038],"to":[6.4059772,20.493633,11.540038],"faces":{"east":{"uv":[6.4395,3.127,6.623,3.1855],"tintindex":0,"rotation":0,"texture":"#0"},"south":{"uv":[11.627,7.252,11.6855,7.3105],"tintindex":0,"rotation":0,"texture":"#0"},"north":{"uv":[11.627,7.127,11.6855,7.1855],"tintindex":0,"rotation":0,"texture":"#0"},"west":{"uv":[8.3145,7.3145,8.498,7.373],"tintindex":0,"rotation":0,"texture":"#0"},"up":{"uv":[0.1855,11.748,0.127,11.5645],"tintindex":0,"rotation":0,"texture":"#0"},"down":{"uv":[1.0605,11.5645,1.002,11.748],"tintindex":0,"rotation":0,"texture":"#0"}},"rotation":{"origin":[10.405977,24.19714,-11.346712],"angle":45.0,"axis":"x"}},{"from":[3.9059772,0.2166977,4.113093],"to":[9.905977,8.216698,9.113092],"faces":{"east":{"uv":[0.502,8.752,0.8105,9.248],"tintindex":0,"rotation":0,"texture":"#0"},"south":{"uv":[8.252,7.8145,8.623,8.3105],"tintindex":0,"rotation":0,"texture":"#0"},"north":{"uv":[8.252,5.377,8.623,5.873],"tintindex":0,"rotation":0,"texture":"#0"},"west":{"uv":[4.877,8.8145,5.1855,9.3105],"tintindex":0,"rotation":0,"texture":"#0"},"up":{"uv":[9.6855,8.873,9.3145,8.5645],"tintindex":0,"rotation":0,"texture":"#0"},"down":{"uv":[0.373,9.377,0.002,9.6855],"tintindex":0,"rotation":0,"texture":"#0"}}},{"from":[4.4059772,2.2166977,4.613093],"to":[11.405977,5.2166977,11.613092],"faces":{"east":{"uv":[9.9395,7.8145,10.373,7.998],"tintindex":0,"rotation":0,"texture":"#0"},"south":{"uv":[9.9395,8.0645,10.373,8.248],"tintindex":0,"rotation":0,"texture":"#0"},"north":{"uv":[7.627,9.9395,8.0605,10.123],"tintindex":0,"rotation":0,"texture":"#0"},"west":{"uv":[10.002,0.002,10.4355,0.1855],"tintindex":0,"rotation":0,"texture":"#0"},"up":{"uv":[8.373,0.4355,7.9395,0.002],"tintindex":0,"rotation":0,"texture":"#0"},"down":{"uv":[2.998,7.9395,2.5645,8.373],"tintindex":0,"rotation":0,"texture":"#0"}}},{"from":[4.9059772,10.351971,7.7944164],"to":[6.9059772,12.351971,10.794416],"faces":{"east":{"uv":[11.252,5.6895,11.4355,5.8105],"tintindex":0,"rotation":0,"texture":"#0"},"south":{"uv":[11.4395,3.3145,11.5605,3.4355],"tintindex":0,"rotation":0,"texture":"#0"},"north":{"uv":[3.252,11.4395,3.373,11.5605],"tintindex":0,"rotation":0,"texture":"#0"},"west":{"uv":[11.252,5.877,11.4355,5.998],"tintindex":0,"rotation":0,"texture":"#0"},"up":{"uv":[6.0605,11.4355,5.9395,11.252],"tintindex":0,"rotation":0,"texture":"#0"},"down":{"uv":[11.373,6.0645,11.252,6.248],"tintindex":0,"rotation":0,"texture":"#0"}},"rotation":{"origin":[10.405977,24.19714,-11.346712],"angle":22.5,"axis":"x"}},{"from":[3.4059772,1.2166977,3.613093],"to":[8.405977,7.2166977,7.613093],"faces":{"east":{"uv":[8.5645,9.8145,8.8105,10.1855],"tintindex":0,"rotation":0,"texture":"#0"},"south":{"uv":[4.752,9.377,5.0605,9.748],"tintindex":0,"rotation":0,"texture":"#0"},"north":{"uv":[3.877,9.377,4.1855,9.748],"tintindex":0,"rotation":0,"texture":"#0"},"west":{"uv":[9.8145,9.627,10.0605,9.998],"tintindex":0,"rotation":0,"texture":"#0"},"up":{"uv":[10.4355,9.873,10.127,9.627],"tintindex":0,"rotation":0,"texture":"#0"},"down":{"uv":[0.5605,10.1895,0.252,10.4355],"tintindex":0,"rotation":0,"texture":"#0"}}},{"from":[4.9059772,-0.7833023,5.113093],"to":[10.905977,8.216698,11.113092],"faces":{"east":{"uv":[7.3145,5.127,7.6855,5.6855],"tintindex":0,"rotation":0,"texture":"#0"},"south":{"uv":[0.002,7.377,0.373,7.9355],"tintindex":0,"rotation":0,"texture":"#0"},"north":{"uv":[7.3145,4.502,7.6855,5.0605],"tintindex":0,"rotation":0,"texture":"#0"},"west":{"uv":[0.4395,7.377,0.8105,7.9355],"tintindex":0,"rotation":0,"texture":"#0"},"up":{"uv":[0.373,9.3105,0.002,8.9395],"tintindex":0,"rotation":0,"texture":"#0"},"down":{"uv":[4.248,8.9395,3.877,9.3105],"tintindex":0,"rotation":0,"texture":"#0"}}}],"display":{"gui":{"rotation":[30,225,0]}}}