{"textures":{"0":"modelengine:entity/orc_king"},"elements":[{"from":[-1.5618935,2.786251,9.247345],"to":[0.43810654,4.786251,11.247345],"faces":{"east":{"uv":[11.123,11.252,11.002,11.373],"tintindex":0,"rotation":0,"texture":"#0"},"south":{"uv":[11.373,10.877,11.252,10.998],"tintindex":0,"rotation":0,"texture":"#0"},"north":{"uv":[11.373,11.0645,11.252,11.1855],"tintindex":0,"rotation":0,"texture":"#0"},"west":{"uv":[11.3105,11.252,11.1895,11.373],"tintindex":0,"rotation":0,"texture":"#0"},"up":{"uv":[11.4355,0.002,11.3145,0.123],"tintindex":0,"rotation":0,"texture":"#0"},"down":{"uv":[0.9355,11.4355,0.8145,11.3145],"tintindex":0,"rotation":0,"texture":"#0"}}},{"from":[-1.5618935,4.786251,5.2473454],"to":[2.4381075,7.786251,12.247345],"faces":{"east":{"uv":[2.1895,10.002,2.623,10.1855],"tintindex":0,"rotation":0,"texture":"#0"},"south":{"uv":[10.6895,4.002,10.9355,4.1855],"tintindex":0,"rotation":0,"texture":"#0"},"north":{"uv":[8.8145,10.627,9.0605,10.8105],"tintindex":0,"rotation":0,"texture":"#0"},"west":{"uv":[10.002,4.377,10.4355,4.5605],"tintindex":0,"rotation":0,"texture":"#0"},"up":{"uv":[8.1855,9.873,7.9395,9.4395],"tintindex":0,"rotation":0,"texture":"#0"},"down":{"uv":[8.498,9.4395,8.252,9.873],"tintindex":0,"rotation":0,"texture":"#0"}}},{"from":[3.7642279,2.4189339,4.2473454],"to":[8.839228,8.418934,13.247345],"faces":{"east":{"uv":[7.377,2.5645,7.9355,2.9355],"tintindex":0,"rotation":0,"texture":"#0"},"south":{"uv":[9.1895,9.3145,9.498,9.6855],"tintindex":0,"rotation":0,"texture":"#0"},"north":{"uv":[1.002,9.3145,1.3105,9.6855],"tintindex":0,"rotation":0,"texture":"#0"},"west":{"uv":[7.6895,6.377,8.248,6.748],"tintindex":0,"rotation":0,"texture":"#0"},"up":{"uv":[3.373,8.498,3.0645,7.9395],"tintindex":0,"rotation":0,"texture":"#0"},"down":{"uv":[2.123,8.002,1.8145,8.5605],"tintindex":0,"rotation":0,"texture":"#0"}}},{"from":[5.6821213,16.792343,4.507692],"to":[6.6821213,19.792343,5.507692],"faces":{"east":{"uv":[3.002,11.502,3.0605,11.6855],"tintindex":0,"rotation":0,"texture":"#0"},"south":{"uv":[3.127,11.502,3.1855,11.6855],"tintindex":0,"rotation":0,"texture":"#0"},"north":{"uv":[2.877,11.502,2.9355,11.6855],"tintindex":0,"rotation":0,"texture":"#0"},"west":{"uv":[11.502,3.6895,11.5605,3.873],"tintindex":0,"rotation":0,"texture":"#0"},"up":{"uv":[11.6855,4.748,11.627,4.6895],"tintindex":0,"rotation":0,"texture":"#0"},"down":{"uv":[11.6855,4.9395,11.627,4.998],"tintindex":0,"rotation":0,"texture":"#0"}},"rotation":{"origin":[16.714228,5.649376,-10.21246],"angle":22.5,"axis":"x"}},{"from":[2.7642279,-1.5810661,5.7473454],"to":[8.764228,7.418934,11.747345],"faces":{"east":{"uv":[7.377,1.9395,7.748,2.498],"tintindex":0,"rotation":0,"texture":"#0"},"south":{"uv":[7.377,5.752,7.748,6.3105],"tintindex":0,"rotation":0,"texture":"#0"},"north":{"uv":[1.502,7.377,1.873,7.9355],"tintindex":0,"rotation":0,"texture":"#0"},"west":{"uv":[7.4395,3.6895,7.8105,4.248],"tintindex":0,"rotation":0,"texture":"#0"},"up":{"uv":[9.123,9.3105,8.752,8.9395],"tintindex":0,"rotation":0,"texture":"#0"},"down":{"uv":[3.8105,9.002,3.4395,9.373],"tintindex":0,"rotation":0,"texture":"#0"}}},{"from":[5.6821213,9.168934,3.272345],"to":[6.6821213,12.168934,4.272345],"faces":{"east":{"uv":[3.002,11.502,3.0605,11.6855],"tintindex":0,"rotation":0,"texture":"#0"},"south":{"uv":[3.127,11.502,3.1855,11.6855],"tintindex":0,"rotation":0,"texture":"#0"},"north":{"uv":[2.877,11.502,2.9355,11.6855],"tintindex":0,"rotation":0,"texture":"#0"},"west":{"uv":[11.502,3.6895,11.5605,3.873],"tintindex":0,"rotation":0,"texture":"#0"},"up":{"uv":[11.6855,4.748,11.627,4.6895],"tintindex":0,"rotation":0,"texture":"#0"},"down":{"uv":[11.6855,4.9395,11.627,4.998],"tintindex":0,"rotation":0,"texture":"#0"}}},{"from":[1.5516891,-1.0721817,5.222346],"to":[5.551689,3.9278183,12.272346],"faces":{"east":{"uv":[9.1895,8.9395,9.623,9.248],"tintindex":0,"rotation":0,"texture":"#0"},"south":{"uv":[10.1895,1.4395,10.4355,1.748],"tintindex":0,"rotation":0,"texture":"#0"},"north":{"uv":[10.1895,0.252,10.4355,0.5605],"tintindex":0,"rotation":0,"texture":"#0"},"west":{"uv":[1.877,9.252,2.3105,9.5605],"tintindex":0,"rotation":0,"texture":"#0"},"up":{"uv":[9.6855,6.0605,9.4395,5.627],"tintindex":0,"rotation":0,"texture":"#0"},"down":{"uv":[7.873,9.4395,7.627,9.873],"tintindex":0,"rotation":0,"texture":"#0"}},"rotation":{"origin":[16.714228,5.649376,-10.21246],"angle":-22.5,"axis":"z"}},{"from":[5.6821213,0.13140488,1.0280995],"to":[6.6821213,3.1314049,2.0280995],"faces":{"east":{"uv":[3.002,11.502,3.0605,11.6855],"tintindex":0,"rotation":0,"texture":"#0"},"south":{"uv":[3.127,11.502,3.1855,11.6855],"tintindex":0,"rotation":0,"texture":"#0"},"north":{"uv":[2.877,11.502,2.9355,11.6855],"tintindex":0,"rotation":0,"texture":"#0"},"west":{"uv":[11.502,3.6895,11.5605,3.873],"tintindex":0,"rotation":0,"texture":"#0"},"up":{"uv":[11.6855,4.748,11.627,4.6895],"tintindex":0,"rotation":0,"texture":"#0"},"down":{"uv":[11.6855,4.9395,11.627,4.998],"tintindex":0,"rotation":0,"texture":"#0"}},"rotation":{"origin":[16.714228,5.649376,-10.21246],"angle":-22.5,"axis":"x"}},{"from":[-1.5618935,2.786251,6.2473454],"to":[0.43810654,4.786251,8.247345],"faces":{"east":{"uv":[11.002,11.252,11.123,11.373],"tintindex":0,"rotation":0,"texture":"#0"},"south":{"uv":[11.252,11.0645,11.373,11.1855],"tintindex":0,"rotation":0,"texture":"#0"},"north":{"uv":[11.252,10.877,11.373,10.998],"tintindex":0,"rotation":0,"texture":"#0"},"west":{"uv":[11.1895,11.252,11.3105,11.373],"tintindex":0,"rotation":0,"texture":"#0"},"up":{"uv":[11.4355,0.123,11.3145,0.002],"tintindex":0,"rotation":0,"texture":"#0"},"down":{"uv":[0.9355,11.3145,0.8145,11.4355],"tintindex":0,"rotation":0,"texture":"#0"}}},{"from":[-0.45981407,7.53936,9.747345],"to":[0.5401859,10.53936,10.747345],"faces":{"east":{"uv":[6.248,11.502,6.1895,11.6855],"tintindex":0,"rotation":0,"texture":"#0"},"south":{"uv":[6.123,11.502,6.0645,11.6855],"tintindex":0,"rotation":0,"texture":"#0"},"north":{"uv":[11.5605,6.252,11.502,6.4355],"tintindex":0,"rotation":0,"texture":"#0"},"west":{"uv":[6.373,11.502,6.3145,11.6855],"tintindex":0,"rotation":0,"texture":"#0"},"up":{"uv":[11.6855,5.502,11.627,5.5605],"tintindex":0,"rotation":0,"texture":"#0"},"down":{"uv":[5.623,11.6855,5.5645,11.627],"tintindex":0,"rotation":0,"texture":"#0"}},"rotation":{"origin":[16.714228,5.649376,-10.21246],"angle":22.5,"axis":"z"}},{"from":[2.3900404,7.520855,5.2473454],"to":[4.3900404,10.520855,12.247345],"faces":{"east":{"uv":[10.002,6.5645,10.4355,6.748],"tintindex":0,"rotation":0,"texture":"#0"},"south":{"uv":[2.252,11.1895,2.373,11.373],"tintindex":0,"rotation":0,"texture":"#0"},"north":{"uv":[2.0645,11.1895,2.1855,11.373],"tintindex":0,"rotation":0,"texture":"#0"},"west":{"uv":[10.002,6.8145,10.4355,6.998],"tintindex":0,"rotation":0,"texture":"#0"},"up":{"uv":[2.998,10.998,2.877,10.5645],"tintindex":0,"rotation":0,"texture":"#0"},"down":{"uv":[3.8105,10.5645,3.6895,10.998],"tintindex":0,"rotation":0,"texture":"#0"}},"rotation":{"origin":[16.714228,5.649376,-10.21246],"angle":22.5,"axis":"z"}},{"from":[5.1821213,9.296898,1.4457574],"to":[7.1821213,11.296898,4.4457574],"faces":{"east":{"uv":[0.127,11.1895,0.3105,11.3105],"tintindex":0,"rotation":0,"texture":"#0"},"south":{"uv":[9.0645,7.5645,9.1855,7.6855],"tintindex":0,"rotation":0,"texture":"#0"},"north":{"uv":[6.5645,8.877,6.6855,8.998],"tintindex":0,"rotation":0,"texture":"#0"},"west":{"uv":[11.1895,0.252,11.373,0.373],"tintindex":0,"rotation":0,"texture":"#0"},"up":{"uv":[2.498,9.4355,2.377,9.252],"tintindex":0,"rotation":0,"texture":"#0"},"down":{"uv":[10.248,11.127,10.127,11.3105],"tintindex":0,"rotation":0,"texture":"#0"}},"rotation":{"origin":[16.714228,5.649376,-10.21246],"angle":22.5,"axis":"x"}},{"from":[5.1821213,17.274319,-3.3578186],"to":[7.1821213,19.274319,-0.3578186],"faces":{"east":{"uv":[0.127,11.1895,0.3105,11.3105],"tintindex":0,"rotation":0,"texture":"#0"},"south":{"uv":[9.0645,7.5645,9.1855,7.6855],"tintindex":0,"rotation":0,"texture":"#0"},