{"textures":{"0":"modelengine:entity/orc_king"},"elements":[{"from":[15.004367,2.459587,7.5],"to":[16.004368,4.459587,8.5],"faces":{"east":{"uv":[8.752,3.127,8.8105,3.248],"tintindex":0,"rotation":0,"texture":"#0"},"south":{"uv":[2.5645,8.877,2.623,8.998],"tintindex":0,"rotation":0,"texture":"#0"},"north":{"uv":[0.877,8.752,0.9355,8.873],"tintindex":0,"rotation":0,"texture":"#0"},"west":{"uv":[8.9395,7.127,8.998,7.248],"tintindex":0,"rotation":0,"texture":"#0"},"up":{"uv":[0.5605,10.8105,0.502,10.752],"tintindex":0,"rotation":0,"texture":"#0"},"down":{"uv":[11.0605,8.377,11.002,8.4355],"tintindex":0,"rotation":0,"texture":"#0"}},"rotation":{"origin":[16.37769,24.34671,-8.459805],"angle":-22.5,"axis":"z"}},{"from":[7.422312,6.116268,7.5],"to":[8.422312,8.116268,8.5],"faces":{"east":{"uv":[3.002,9.0645,3.0605,9.1855],"tintindex":0,"rotation":0,"texture":"#0"},"south":{"uv":[4.752,9.1895,4.8105,9.3105],"tintindex":0,"rotation":0,"texture":"#0"},"north":{"uv":[1.877,9.0645,1.9355,9.1855],"tintindex":0,"rotation":0,"texture":"#0"},"west":{"uv":[9.9395,0.9395,9.998,1.0605],"tintindex":0,"rotation":0,"texture":"#0"},"up":{"uv":[11.0605,10.1855,11.002,10.127],"tintindex":0,"rotation":0,"texture":"#0"},"down":{"uv":[11.1855,10.877,11.127,10.9355],"tintindex":0,"rotation":0,"texture":"#0"}}}],"display":{"gui":{"rotation":[30,225,0]}}}