{"textures":{"0":"modelengine:entity/orc_king"},"elements":[{"from":[-1.7567234,1.541667,-0.79457855],"to":[-0.7567234,2.541667,1.205421],"faces":{"east":{"uv":[11.748,2.0645,11.627,2.123],"tintindex":0,"rotation":0,"texture":"#0"},"south":{"uv":[11.6855,7.627,11.627,7.6855],"tintindex":0,"rotation":0,"texture":"#0"},"north":{"uv":[7.6855,11.627,7.627,11.6855],"tintindex":0,"rotation":0,"texture":"#0"},"west":{"uv":[2.1855,11.627,2.0645,11.6855],"tintindex":0,"rotation":0,"texture":"#0"},"up":{"uv":[11.627,2.3105,11.6855,2.1895],"tintindex":0,"rotation":0,"texture":"#0"},"down":{"uv":[2.252,11.627,2.3105,11.748],"tintindex":0,"rotation":0,"texture":"#0"}},"rotation":{"origin":[5.4743676,33.02211,-11.424744],"angle":22.5,"axis":"y"}},{"from":[4.4743676,1.041667,8.535061],"to":[11.474367,4.041667,11.535061],"faces":{"east":{"uv":[8.3105,10.877,8.127,11.0605],"tintindex":0,"rotation":0,"texture":"#0"},"south":{"uv":[10.3105,6.3145,9.877,6.498],"tintindex":0,"rotation":0,"texture":"#0"},"north":{"uv":[2.123,9.877,1.6895,10.0605],"tintindex":0,"rotation":0,"texture":"#0"},"west":{"uv":[7.9355,10.877,7.752,11.0605],"tintindex":0,"rotation":0,"texture":"#0"},"up":{"uv":[0.377,10.123,0.8105,9.9395],"tintindex":0,"rotation":0,"texture":"#0"},"down":{"uv":[9.9395,0.6895,10.373,0.873],"tintindex":0,"rotation":0,"texture":"#0"}}},{"from":[2.9743676,4.041667,3.0350614],"to":[12.974367,6.041666,9.035061],"faces":{"east":{"uv":[11.1855,2.1895,10.8145,2.3105],"tintindex":0,"rotation":0,"texture":"#0"},"south":{"uv":[10.8105,2.002,10.1895,2.123],"tintindex":0,"rotation":0,"texture":"#0"},"north":{"uv":[10.8105,1.8145,10.1895,1.9355],"tintindex":0,"rotation":0,"texture":"#0"},"west":{"uv":[11.123,9.4395,10.752,9.5605],"tintindex":0,"rotation":0,"texture":"#0"},"up":{"uv":[1.502,7.3105,2.123,6.9395],"tintindex":0,"rotation":0,"texture":"#0"},"down":{"uv":[7.002,6.377,7.623,6.748],"tintindex":0,"rotation":0,"texture":"#0"}}},{"from":[6.9743676,1.041667,2.0350614],"to":[8.974367,3.041667,4.0350614],"faces":{"east":{"uv":[11.5605,4.252,11.4395,4.373],"tintindex":0,"rotation":0,"texture":"#0"},"south":{"uv":[4.0605,11.4395,3.9395,11.5605],"tintindex":0,"rotation":0,"texture":"#0"},"north":{"uv":[11.5605,3.502,11.4395,3.623],"tintindex":0,"rotation":0,"texture":"#0"},"west":{"uv":[3.873,11.4395,3.752,11.5605],"tintindex":0,"rotation":0,"texture":"#0"},"up":{"uv":[11.4395,4.5605,11.5605,4.4395],"tintindex":0,"rotation":0,"texture":"#0"},"down":{"uv":[11.4395,4.627,11.5605,4.748],"tintindex":0,"rotation":0,"texture":"#0"}}},{"from":[7.4743676,1.541667,0.03506136],"to":[8.474367,2.541667,2.0350614],"faces":{"east":{"uv":[11.748,0.3145,11.627,0.373],"tintindex":0,"rotation":0,"texture":"#0"},"south":{"uv":[11.6855,7.377,11.627,7.4355],"tintindex":0,"rotation":0,"texture":"#0"},"north":{"uv":[7.4355,11.627,7.377,11.6855],"tintindex":0,"rotation":0,"texture":"#0"},"west":{"uv":[0.373,11.627,0.252,11.6855],"tintindex":0,"rotation":0,"texture":"#0"},"up":{"uv":[0.4395,11.748,0.498,11.627],"tintindex":0,"rotation":0,"texture":"#0"},"down":{"uv":[0.5645,11.627,0.623,11.748],"tintindex":0,"rotation":0,"texture":"#0"}}},{"from":[4.9743676,-0.958333,5.0350614],"to":[10.974367,8.041666,11.035061],"faces":{"east":{"uv":[4.498,7.752,4.127,8.3105],"tintindex":0,"rotation":0,"texture":"#0"},"south":{"uv":[1.248,7.627,0.877,8.1855],"tintindex":0,"rotation":0,"texture":"#0"},"north":{"uv":[7.9355,0.627,7.5645,1.1855],"tintindex":0,"rotation":0,"texture":"#0"},"west":{"uv":[7.9355,1.252,7.5645,1.8105],"tintindex":0,"rotation":0,"texture":"#0"},"up":{"uv":[8.1895,9.373,8.5605,9.002],"tintindex":0,"rotation":0,"texture":"#0"},"down":{"uv":[1.4395,9.0645,1.8105,9.4355],"tintindex":0,"rotation":0,"texture":"#0"}}},{"from":[15.955458,1.041667,-0.79457855],"to":[17.955458,3.041667,1.205421],"faces":{"east":{"uv":[6.9355,11.4395,6.8145,11.5605],"tintindex":0,"rotation":0,"texture":"#0"},"south":{"uv":[11.5605,6.0645,11.4395,6.1855],"tintindex":0,"rotation":0,"texture":"#0"},"north":{"uv":[11.5605,5.377,11.4395,5.498],"tintindex":0,"rotation":0,"texture":"#0"},"west":{"uv":[5.748,11.4395,5.627,11.5605],"tintindex":0,"rotation":0,"texture":"#0"},"up":{"uv":[11.4395,6.998,11.5605,6.877],"tintindex":0,"rotation":0,"texture":"#0"},"down":{"uv":[11.4395,7.0645,11.5605,7.1855],"tintindex":0,"rotation":0,"texture":"#0"}},"rotation":{"origin":[5.4743676,33.02211,-11.424744],"angle":-22.5,"axis":"y"}},{"from":[16.455458,1.541667,-2.7945805],"to":[17.455458,2.541667,-0.79457855],"faces":{"east":{"uv":[11.748,1.0645,11.627,1.123],"tintindex":0,"rotation":0,"texture":"#0"},"south":{"uv":[11.6855,7.502,11.627,7.5605],"tintindex":0,"rotation":0,"texture":"#0"},"north":{"uv":[7.5605,11.627,7.502,11.6855],"tintindex":0,"rotation":0,"texture":"#0"},"west":{"uv":[11.748,0.9395,11.627,0.998],"tintindex":0,"rotation":0,"texture":"#0"},"up":{"uv":[11.627,1.3105,11.6855,1.1895],"tintindex":0,"rotation":0,"texture":"#0"},"down":{"uv":[1.252,11.627,1.3105,11.748],"tintindex":0,"rotation":0,"texture":"#0"}},"rotation":{"origin":[5.4743676,33.02211,-11.424744],"angle":-22.5,"axis":"y"}},{"from":[-2.2567234,1.041667,1.205421],"to":[-0.2567234,3.041667,3.205421],"faces":{"east":{"uv":[7.873,11.4395,7.752,11.5605],"tintindex":0,"rotation":0,"texture":"#0"},"south":{"uv":[11.5605,7.627,11.4395,7.748],"tintindex":0,"rotation":0,"texture":"#0"},"north":{"uv":[11.5605,7.252,11.4395,7.373],"tintindex":0,"rotation":0,"texture":"#0"},"west":{"uv":[11.5605,7.4395,11.4395,7.5605],"tintindex":0,"rotation":0,"texture":"#0"},"up":{"uv":[11.4395,7.9355,11.5605,7.8145],"tintindex":0,"rotation":0,"texture":"#0"},"down":{"uv":[11.4395,8.002,11.5605,8.123],"tintindex":0,"rotation":0,"texture":"#0"}},"rotation":{"origin":[5.4743676,33.02211,-11.424744],"angle":22.5,"axis":"y"}},{"from":[3.9743676,-0.958333,4.0350614],"to":[11.974367,4.041667,9.035061],"faces":{"east":{"uv":[1.248,9.752,0.9395,10.0605],"tintindex":0,"rotation":0,"texture":"#0"},"south":{"uv":[1.373,8.9395,0.877,9.248],"tintindex":0,"rotation":0,"texture":"#0"},"north":{"uv":[9.4355,0.002,8.9395,0.3105],"tintindex":0,"rotation":0,"texture":"#0"},"west":{"uv":[0.3105,9.752,0.002,10.0605],"tintindex":0,"rotation":0,"texture":"#0"},"up":{"uv":[8.9395,1.9355,9.4355,1.627],"tintindex":0,"rotation":0,"texture":"#0"},"down":{"uv":[8.9395,2.002,9.4355,2.3105],"tintindex":0,"rotation":0,"texture":"#0"}}}],"display":{"gui":{"rotation":[30,225,0]}}}