{"textures":{"0":"modelengine:entity/orc_king"},"elements":[{"from":[8.817879,9.296898,1.4457574],"to":[10.817879,11.296898,4.4457574],"faces":{"east":{"uv":[11.373,0.252,11.1895,0.373],"tintindex":0,"rotation":0,"texture":"#0"},"south":{"uv":[9.1855,7.5645,9.0645,7.6855],"tintindex":0,"rotation":0,"texture":"#0"},"north":{"uv":[6.6855,8.877,6.5645,8.998],"tintindex":0,"rotation":0,"texture":"#0"},"west":{"uv":[0.3105,11.1895,0.127,11.3105],"tintindex":0,"rotation":0,"texture":"#0"},"up":{"uv":[2.377,9.4355,2.498,9.252],"tintindex":0,"rotation":0,"texture":"#0"},"down":{"uv":[10.127,11.127,10.248,11.3105],"tintindex":0,"rotation":0,"texture":"#0"}},"rotation":{"origin":[-0.7142277,5.649376,-10.21246],"angle":22.5,"axis":"x"}},{"from":[15.459814,7.53936,6.7473454],"to":[16.459814,10.53936,7.7473454],"faces":{"east":{"uv":[6.373,11.502,6.3145,11.6855],"tintindex":0,"rotation":0,"texture":"#0"},"south":{"uv":[11.5605,6.252,11.502,6.4355],"tintindex":0,"rotation":0,"texture":"#0"},"north":{"uv":[6.123,11.502,6.0645,11.6855],"tintindex":0,"rotation":0,"texture":"#0"},"west":{"uv":[6.248,11.502,6.1895,11.6855],"tintindex":0,"rotation":0,"texture":"#0"},"up":{"uv":[11.627,5.5605,11.6855,5.502],"tintindex":0,"rotation":0,"texture":"#0"},"down":{"uv":[5.5645,11.627,5.623,11.6855],"tintindex":0,"rotation":0,"texture":"#0"}},"rotation":{"origin":[-0.7142277,5.649376,-10.21246],"angle":-22.5,"axis":"z"}},{"from":[13.5618925,4.786251,5.2473454],"to":[17.561893,7.786251,12.247345],"faces":{"east":{"uv":[10.4355,4.377,10.002,4.5605],"tintindex":0,"rotation":0,"texture":"#0"},"south":{"uv":[10.9355,4.002,10.6895,4.1855],"tintindex":0,"rotation":0,"texture":"#0"},"north":{"uv":[9.0605,10.627,8.8145,10.8105],"tintindex":0,"rotation":0,"texture":"#0"},"west":{"uv":[2.623,10.002,2.1895,10.1855],"tintindex":0,"rotation":0,"texture":"#0"},"up":{"uv":[7.9395,9.873,8.1855,9.4395],"tintindex":0,"rotation":0,"texture":"#0"},"down":{"uv":[8.252,9.4395,8.498,9.873],"tintindex":0,"rotation":0,"texture":"#0"}}},{"from":[10.448311,-1.0721817,5.222346],"to":[14.448311,3.9278183,12.272346],"faces":{"east":{"uv":[2.3105,9.252,1.877,9.5605],"tintindex":0,"rotation":0,"texture":"#0"},"south":{"uv":[10.4355,1.4395,10.1895,1.748],"tintindex":0,"rotation":0,"texture":"#0"},"north":{"uv":[10.4355,0.252,10.1895,0.5605],"tintindex":0,"rotation":0,"texture":"#0"},"west":{"uv":[9.623,8.9395,9.1895,9.248],"tintindex":0,"rotation":0,"texture":"#0"},"up":{"uv":[9.4395,6.0605,9.6855,5.627],"tintindex":0,"rotation":0,"texture":"#0"},"down":{"uv":[7.627,9.4395,7.873,9.873],"tintindex":0,"rotation":0,"texture":"#0"}},"rotation":{"origin":[-0.7142277,5.649376,-10.21246],"angle":22.5,"axis":"z"}},{"from":[7.1857724,2.4189339,4.2473454],"to":[12.235772,8.418934,13.247345],"faces":{"east":{"uv":[8.248,6.377,7.6895,6.748],"tintindex":0,"rotation":0,"texture":"#0"},"south":{"uv":[9.498,9.3145,9.1895,9.6855],"tintindex":0,"rotation":0,"texture":"#0"},"north":{"uv":[1.3105,9.3145,1.002,9.6855],"tintindex":0,"rotation":0,"texture":"#0"},"west":{"uv":[7.9355,2.5645,7.377,2.9355],"tintindex":0,"rotation":0,"texture":"#0"},"up":{"uv":[3.0645,8.498,3.373,7.9395],"tintindex":0,"rotation":0,"texture":"#0"},"down":{"uv":[1.8145,8.002,2.123,8.5605],"tintindex":0,"rotation":0,"texture":"#0"}}},{"from":[15.561893,2.786251,9.247345],"to":[17.561893,4.786251,11.247345],"faces":{"east":{"uv":[11.1895,11.252,11.3105,11.373],"tintindex":0,"rotation":0,"texture":"#0"},"south":{"uv":[11.252,10.877,11.373,10.998],"tintindex":0,"rotation":0,"texture":"#0"},"north":{"uv":[11.252,11.0645,11.373,11.1855],"tintindex":0,"rotation":0,"texture":"#0"},"west":{"uv":[11.002,11.252,11.123,11.373],"tintindex":0,"rotation":0,"texture":"#0"},"up":{"uv":[11.3145,0.002,11.4355,0.123],"tintindex":0,"rotation":0,"texture":"#0"},"down":{"uv":[0.8145,11.4355,0.9355,11.3145],"tintindex":0,"rotation":0,"texture":"#0"}}},{"from":[9.317879,16.792343,4.507692],"to":[10.317879,19.792343,5.507692],"faces":{"east":{"uv":[11.5605,3.6895,11.502,3.873],"tintindex":0,"rotation":0,"texture":"#0"},"south":{"uv":[3.1855,11.502,3.127,11.6855],"tintindex":0,"rotation":0,"texture":"#0"},"north":{"uv":[2.9355,11.502,2.877,11.6855],"tintindex":0,"rotation":0,"texture":"#0"},"west":{"uv":[3.0605,11.502,3.002,11.6855],"tintindex":0,"rotation":0,"texture":"#0"},"up":{"uv":[11.627,4.748,11.6855,4.6895],"tintindex":0,"rotation":0,"texture":"#0"},"down":{"uv":[11.627,4.9395,11.6855,4.998],"tintindex":0,"rotation":0,"texture":"#0"}},"rotation":{"origin":[-0.7142277,5.649376,-10.21246],"angle":22.5,"axis":"x"}},{"from":[15.459814,7.53936,9.747345],"to":[16.459814,10.53936,10.747345],"faces":{"east":{"uv":[6.3145,11.502,6.373,11.6855],"tintindex":0,"rotation":0,"texture":"#0"},"south":{"uv":[6.0645,11.502,6.123,11.6855],"tintindex":0,"rotation":0,"texture":"#0"},"north":{"uv":[11.502,6.252,11.5605,6.4355],"tintindex":0,"rotation":0,"texture":"#0"},"west":{"uv":[6.1895,11.502,6.248,11.6855],"tintindex":0,"rotation":0,"texture":"#0"},"up":{"uv":[11.627,5.502,11.6855,5.5605],"tintindex":0,"rotation":0,"texture":"#0"},"down":{"uv":[5.5645,11.6855,5.623,11.627],"tintindex":0,"rotation":0,"texture":"#0"}},"rotation":{"origin":[-0.7142277,5.649376,-10.21246],"angle":-22.5,"axis":"z"}},{"from":[11.60996,7.520855,5.2473454],"to":[13.60996,10.520855,12.247345],"faces":{"east":{"uv":[10.4355,6.8145,10.002,6.998],"tintindex":0,"rotation":0,"texture":"#0"},"south":{"uv":[2.373,11.1895,2.252,11.373],"tintindex":0,"rotation":0,"texture":"#0"},"north":{"uv":[2.1855,11.1895,2.0645,11.373],"tintindex":0,"rotation":0,"texture":"#0"},"west":{"uv":[10.4355,6.5645,10.002,6.748],"tintindex":0,"rotation":0,"texture":"#0"},"up":{"uv":[2.877,10.998,2.998,10.5645],"tintindex":0,"rotation":0,"texture":"#0"},"down":{"uv":[3.6895,10.5645,3.8105,10.998],"tintindex":0,"rotation":0,"texture":"#0"}},"rotation":{"origin":[-0.7142277,5.649376,-10.21246],"angle":-22.5,"axis":"z"}},{"from":[8.817879,0.31177902,7.6765666],"to":[10.817879,3.311779,9.676567],"faces":{"east":{"uv":[11.1895,0.373,11.373,0.252],"tintindex":0,"rotation":90,"texture":"#0"},"south":{"uv":[2.377,9.4355,2.498,9.252],"tintindex":0,"rotation":0,"texture":"#0"},"north":{"uv":[10.127,11.127,10.248,11.3105],"tintindex":0,"rotation":180,"texture":"#0"},"west":{"uv":[0.127,11.3105,0.3105,11.1895],"tintindex":0,"rotation":270,"texture":"#0"},"up":{"uv":[6.6855,8.877,6.5645,8.998],"tintindex":0,"rotation":180,"texture":"#0"},"down":{"uv":[9.1855,7.5645,9.0645,7.6855],"tintindex":0,"rotation":0,"texture":"#0"}},"rotation":{"origin":[-0.7142277,5.649376,-10.21246],"angle":-22.5,"axis":"x"}},{"from":[8.817879,17.274319,-3.3578186],"to":[10.817879,19.274319,-0.3578186],"faces":{"east":{"uv":[11.373,0.252,11.1895,0.373],"tintindex":0,"rotation":0,"texture":"#0"},"south":{"uv":[9.1855,7.5645,9.0645,7.6855],"tintindex":0,"rotation":0,"texture":"#0"},"north":{"uv":[6.6855,8.877,6.5645,8.998],"tintindex":0,"rotation":0,"texture":"#0"},"west":{"uv":[0.3105,11.1895,0.127,11.3105],"tintindex":0,"rotation":0,"texture":"#0"},"up":{"uv":[2.377,9.4355,2.498,9.252],"tintindex":0,"rotation":0,"texture":"#0"},"down":{"uv":[10.127,11.127,10.248,11.3105],"tintindex":0,"rotation":0,"texture":"#0"}},"rotation":{"origin":[-0.7142277,5.649376,-10.21246],"angle":45.0,"axis":"x"}},{"from":[9.317879,9.168934,3.272345],"to":[10.317879,12.168934,4.272345],"faces":{"east":{"uv":[11.5605,3.6895,11.502,3.873],"tintindex":0,"rotation":0,"texture":"#0"},"south":{"uv":[3.1855,11.502,3.127,11.6855],"tintindex":0,"rotation":0,"texture":"#0"},"north":{"uv":[2.9355,11.502,2.877,11.6855],"tintindex":0,"rotation":0,"texture":"#0"},"west":{"uv":[3.0605,11.502,3.002,11.6855],"tintindex":0,"rotation":0,"texture":"#0"},"up":{"uv":[11.627,4.748,11.6855,4.6895],"tintindex":0,"rotation":0,"texture":"#0"},"down":{"uv":[11.627,4.9395,11.6855,4.998],"tintindex":0,"rotation":0,"texture":"#0"}}},{"from":[15.561893,2.786251,6.2473454],"to":[17.561893,4.786251,8.247345],