{"textures":{"0":"modelengine:entity/orc_king"},"elements":[{"from":[-0.1258812,-5.4111805,7.2678547],"to":[2.8741188,-3.4111805,9.267855],"faces":{"east":{"uv":[9.248,11.377,9.127,11.498],"tintindex":0,"rotation":0,"texture":"#0"},"south":{"uv":[11.373,3.5645,11.1895,3.6855],"tintindex":0,"rotation":0,"texture":"#0"},"north":{"uv":[11.373,3.377,11.1895,3.498],"tintindex":0,"rotation":0,"texture":"#0"},"west":{"uv":[11.498,8.5645,11.377,8.6855],"tintindex":0,"rotation":0,"texture":"#0"},"up":{"uv":[11.1895,4.373,11.373,4.252],"tintindex":0,"rotation":0,"texture":"#0"},"down":{"uv":[11.1895,4.4395,11.373,4.5605],"tintindex":0,"rotation":0,"texture":"#0"}},"rotation":{"origin":[-2.877326,15.472507,-10.69195],"angle":45.0,"axis":"z"}},{"from":[8.072674,15.639542,12.122039],"to":[10.072674,17.639542,14.122038],"faces":{"east":{"uv":[5.1855,11.377,5.0645,11.498],"tintindex":0,"rotation":0,"texture":"#0"},"south":{"uv":[4.998,11.377,4.877,11.498],"tintindex":0,"rotation":0,"texture":"#0"},"north":{"uv":[4.8105,11.377,4.6895,11.498],"tintindex":0,"rotation":0,"texture":"#0"},"west":{"uv":[11.498,4.8145,11.377,4.9355],"tintindex":0,"rotation":0,"texture":"#0"},"up":{"uv":[5.252,11.498,5.373,11.377],"tintindex":0,"rotation":0,"texture":"#0"},"down":{"uv":[5.4395,11.377,5.5605,11.498],"tintindex":0,"rotation":0,"texture":"#0"}},"rotation":{"origin":[-2.877326,15.472507,-10.69195],"angle":22.5,"axis":"x"}},{"from":[4.572674,2.2420654,4.7678547],"to":[7.572674,6.2420654,11.767855],"faces":{"east":{"uv":[3.8105,9.4395,3.377,9.6855],"tintindex":0,"rotation":0,"texture":"#0"},"south":{"uv":[10.748,10.127,10.5645,10.373],"tintindex":0,"rotation":0,"texture":"#0"},"north":{"uv":[10.248,10.5645,10.0645,10.8105],"tintindex":0,"rotation":0,"texture":"#0"},"west":{"uv":[9.873,0.8145,9.4395,1.0605],"tintindex":0,"rotation":0,"texture":"#0"},"up":{"uv":[1.877,3.623,2.0605,3.1895],"tintindex":0,"rotation":0,"texture":"#0"},"down":{"uv":[3.877,7.877,4.0605,8.3105],"tintindex":0,"rotation":0,"texture":"#0"}}},{"from":[16.767815,13.062813,7.7678547],"to":[17.767815,16.062813,8.767855],"faces":{"east":{"uv":[9.0605,11.502,9.002,11.6855],"tintindex":0,"rotation":0,"texture":"#0"},"south":{"uv":[11.5605,8.752,11.502,8.9355],"tintindex":0,"rotation":0,"texture":"#0"},"north":{"uv":[7.1855,11.502,7.127,11.6855],"tintindex":0,"rotation":0,"texture":"#0"},"west":{"uv":[7.998,11.502,7.9395,11.6855],"tintindex":0,"rotation":0,"texture":"#0"},"up":{"uv":[11.627,5.8105,11.6855,5.752],"tintindex":0,"rotation":0,"texture":"#0"},"down":{"uv":[11.627,5.877,11.6855,5.9355],"tintindex":0,"rotation":0,"texture":"#0"}},"rotation":{"origin":[-2.877326,15.472507,-10.69195],"angle":-22.5,"axis":"z"}},{"from":[8.072674,1.1437016,-0.3955469],"to":[10.072674,3.1437016,1.6044531],"faces":{"east":{"uv":[11.4355,3.9395,11.3145,4.0605],"tintindex":0,"rotation":0,"texture":"#0"},"south":{"uv":[3.1855,11.3145,3.0645,11.4355],"tintindex":0,"rotation":0,"texture":"#0"},"north":{"uv":[2.998,11.3145,2.877,11.4355],"tintindex":0,"rotation":0,"texture":"#0"},"west":{"uv":[11.4355,2.9395,11.3145,3.0605],"tintindex":0,"rotation":0,"texture":"#0"},"up":{"uv":[11.3145,8.498,11.4355,8.377],"tintindex":0,"rotation":0,"texture":"#0"},"down":{"uv":[11.3145,8.877,11.4355,8.998],"tintindex":0,"rotation":0,"texture":"#0"}},"rotation":{"origin":[-2.877326,15.472507,-10.69195],"angle":-22.5,"axis":"x"}},{"from":[12.51748,12.494717,7.345279],"to":[14.51748,14.494717,9.34528],"faces":{"east":{"uv":[11.498,1.877,11.377,1.998],"tintindex":0,"rotation":0,"texture":"#0"},"south":{"uv":[11.498,1.6895,11.377,1.8105],"tintindex":0,"rotation":0,"texture":"#0"},"north":{"uv":[0.248,11.377,0.127,11.498],"tintindex":0,"rotation":0,"texture":"#0"},"west":{"uv":[11.498,0.5645,11.377,0.6855],"tintindex":0,"rotation":0,"texture":"#0"},"up":{"uv":[11.377,3.248,11.498,3.127],"tintindex":0,"rotation":0,"texture":"#0"},"down":{"uv":[3.5645,11.377,3.6855,11.498],"tintindex":0,"rotation":0,"texture":"#0"}},"rotation":{"origin":[-2.877326,15.472507,-10.69195],"angle":-22.5,"axis":"z"}},{"from":[5.072674,-0.7579346,5.2678547],"to":[11.072674,8.242065,11.267855],"faces":{"east":{"uv":[7.373,7.502,7.002,8.0605],"tintindex":0,"rotation":0,"texture":"#0"},"south":{"uv":[7.873,0.002,7.502,0.5605],"tintindex":0,"rotation":0,"texture":"#0"},"north":{"uv":[7.8105,6.8145,7.4395,7.373],"tintindex":0,"rotation":0,"texture":"#0"},"west":{"uv":[7.8105,7.4395,7.4395,7.998],"tintindex":0,"rotation":0,"texture":"#0"},"up":{"uv":[9.002,6.0605,9.373,5.6895],"tintindex":0,"rotation":0,"texture":"#0"},"down":{"uv":[7.752,9.002,8.123,9.373],"tintindex":0,"rotation":0,"texture":"#0"}}},{"from":[12.072674,2.2420654,6.2678547],"to":[14.072675,5.2420654,10.267855],"faces":{"east":{"uv":[10.9355,6.8145,10.6895,6.998],"tintindex":0,"rotation":0,"texture":"#0"},"south":{"uv":[11.3105,3.127,11.1895,3.3105],"tintindex":0,"rotation":0,"texture":"#0"},"north":{"uv":[2.5605,11.1895,2.4395,11.373],"tintindex":0,"rotation":0,"texture":"#0"},"west":{"uv":[10.9355,6.5645,10.6895,6.748],"tintindex":0,"rotation":0,"texture":"#0"},"up":{"uv":[1.3145,7.873,1.4355,7.627],"tintindex":0,"rotation":0,"texture":"#0"},"down":{"uv":[6.8145,7.8145,6.9355,8.0605],"tintindex":0,"rotation":0,"texture":"#0"}}},{"from":[7.072674,0.24206543,3.2678547],"to":[13.072674,2.2420654,13.267855],"faces":{"east":{"uv":[10.6855,9.4395,10.0645,9.5605],"tintindex":0,"rotation":0,"texture":"#0"},"south":{"uv":[7.6855,10.5645,7.3145,10.6855],"tintindex":0,"rotation":0,"texture":"#0"},"north":{"uv":[7.248,10.5645,6.877,10.6855],"tintindex":0,"rotation":0,"texture":"#0"},"west":{"uv":[6.5605,0.9395,5.9395,1.0605],"tintindex":0,"rotation":0,"texture":"#0"},"up":{"uv":[6.877,5.748,7.248,5.127],"tintindex":0,"rotation":0,"texture":"#0"},"down":{"uv":[1.0645,6.9395,1.4355,7.5605],"tintindex":0,"rotation":0,"texture":"#0"}}},{"from":[7.072674,2.2420654,4.2678547],"to":[12.072674,7.2420654,12.267855],"faces":{"east":{"uv":[9.373,3.502,8.877,3.8105],"tintindex":0,"rotation":0,"texture":"#0"},"south":{"uv":[9.998,8.9395,9.6895,9.248],"tintindex":0,"rotation":0,"texture":"#0"},"north":{"uv":[6.0605,9.6895,5.752,9.998],"tintindex":0,"rotation":0,"texture":"#0"},"west":{"uv":[9.373,3.127,8.877,3.4355],"tintindex":0,"rotation":0,"texture":"#0"},"up":{"uv":[1.8145,6.873,2.123,6.377],"tintindex":0,"rotation":0,"texture":"#0"},"down":{"uv":[5.877,8.6895,6.1855,9.1855],"tintindex":0,"rotation":0,"texture":"#0"}}}],"display":{"gui":{"rotation":[30,225,0]}}}