{"textures":{"0":"modelengine:entity/orc_king"},"elements":[{"from":[-5.413966,7.3209953,0.9494281],"to":[-1.4139662,10.320995,3.949428],"faces":{"east":{"uv":[11.002,8.127,11.1855,8.3105],"tintindex":0,"rotation":0,"texture":"#0"},"south":{"uv":[7.1895,10.752,7.4355,10.9355],"tintindex":0,"rotation":0,"texture":"#0"},"north":{"uv":[6.877,10.752,7.123,10.9355],"tintindex":0,"rotation":0,"texture":"#0"},"west":{"uv":[11.002,9.1895,11.1855,9.373],"tintindex":0,"rotation":0,"texture":"#0"},"up":{"uv":[10.998,8.873,10.752,8.6895],"tintindex":0,"rotation":0,"texture":"#0"},"down":{"uv":[1.8105,10.8145,1.5645,10.998],"tintindex":0,"rotation":0,"texture":"#0"}},"rotation":{"origin":[8.0,21.301437,-4.9645367],"angle":45.0,"axis":"y"}},{"from":[17.413965,7.3209953,0.9494281],"to":[21.413965,10.320995,3.949428],"faces":{"east":{"uv":[11.002,6.9395,11.1855,7.123],"tintindex":0,"rotation":0,"texture":"#0"},"south":{"uv":[5.6895,10.752,5.9355,10.9355],"tintindex":0,"rotation":0,"texture":"#0"},"north":{"uv":[10.752,4.8145,10.998,4.998],"tintindex":0,"rotation":0,"texture":"#0"},"west":{"uv":[7.127,11.002,7.3105,11.1855],"tintindex":0,"rotation":0,"texture":"#0"},"up":{"uv":[6.248,10.9355,6.002,10.752],"tintindex":0,"rotation":0,"texture":"#0"},"down":{"uv":[6.5605,10.752,6.3145,10.9355],"tintindex":0,"rotation":0,"texture":"#0"}},"rotation":{"origin":[8.0,21.301437,-4.9645367],"angle":-45.0,"axis":"y"}},{"from":[6.5,12.249546,9.63049],"to":[9.5,14.249546,12.63049],"faces":{"east":{"uv":[8.002,2.8145,8.1855,2.9355],"tintindex":0,"rotation":0,"texture":"#0"},"south":{"uv":[9.5645,1.4395,9.748,1.5605],"tintindex":0,"rotation":0,"texture":"#0"},"north":{"uv":[6.752,6.377,6.9355,6.498],"tintindex":0,"rotation":0,"texture":"#0"},"west":{"uv":[10.8145,2.627,10.998,2.748],"tintindex":0,"rotation":0,"texture":"#0"},"up":{"uv":[10.1855,11.0605,10.002,10.877],"tintindex":0,"rotation":0,"texture":"#0"},"down":{"uv":[11.0605,10.252,10.877,10.4355],"tintindex":0,"rotation":0,"texture":"#0"}},"rotation":{"origin":[8.0,21.301437,-4.9645367],"angle":22.5,"axis":"x"}},{"from":[17.913965,5.3209953,0.9494281],"to":[20.913965,7.3209953,3.949428],"faces":{"east":{"uv":[11.1895,5.502,11.373,5.623],"tintindex":0,"rotation":0,"texture":"#0"},"south":{"uv":[11.1895,9.4395,11.373,9.5605],"tintindex":0,"rotation":0,"texture":"#0"},"north":{"uv":[11.1895,4.627,11.373,4.748],"tintindex":0,"rotation":0,"texture":"#0"},"west":{"uv":[11.252,2.1895,11.4355,2.3105],"tintindex":0,"rotation":0,"texture":"#0"},"up":{"uv":[11.1855,6.873,11.002,6.6895],"tintindex":0,"rotation":0,"texture":"#0"},"down":{"uv":[7.0605,11.002,6.877,11.1855],"tintindex":0,"rotation":0,"texture":"#0"}},"rotation":{"origin":[8.0,21.301437,-4.9645367],"angle":-45.0,"axis":"y"}},{"from":[-4.913966,5.3209953,0.9494281],"to":[-1.9139662,7.3209953,3.949428],"faces":{"east":{"uv":[11.252,5.002,11.4355,5.123],"tintindex":0,"rotation":0,"texture":"#0"},"south":{"uv":[11.252,5.1895,11.4355,5.3105],"tintindex":0,"rotation":0,"texture":"#0"},"north":{"uv":[11.252,3.752,11.4355,3.873],"tintindex":0,"rotation":0,"texture":"#0"},"west":{"uv":[5.6895,11.252,5.873,11.373],"tintindex":0,"rotation":0,"texture":"#0"},"up":{"uv":[11.1855,7.8105,11.002,7.627],"tintindex":0,"rotation":0,"texture":"#0"},"down":{"uv":[11.1855,7.877,11.002,8.0605],"tintindex":0,"rotation":0,"texture":"#0"}},"rotation":{"origin":[8.0,21.301437,-4.9645367],"angle":45.0,"axis":"y"}},{"from":[5.9999995,14.249546,9.63049],"to":[10.0,17.249546,12.63049],"faces":{"east":{"uv":[8.752,10.877,8.9355,11.0605],"tintindex":0,"rotation":0,"texture":"#0"},"south":{"uv":[8.627,1.627,8.873,1.8105],"tintindex":0,"rotation":0,"texture":"#0"},"north":{"uv":[1.002,8.252,1.248,8.4355],"tintindex":0,"rotation":0,"texture":"#0"},"west":{"uv":[9.752,10.877,9.9355,11.0605],"tintindex":0,"rotation":0,"texture":"#0"},"up":{"uv":[8.9355,5.873,8.6895,5.6895],"tintindex":0,"rotation":0,"texture":"#0"},"down":{"uv":[10.8105,10.4395,10.5645,10.623],"tintindex":0,"rotation":0,"texture":"#0"}},"rotation":{"origin":[8.0,21.301437,-4.9645367],"angle":22.5,"axis":"x"}}],"display":{"gui":{"rotation":[30,225,0]}}}