{"textures":{"0":"modelengine:entity/orc_king"},"elements":[{"from":[7.0,6.617876,0.7072501],"to":[9.0,12.617876,2.7072496],"faces":{"east":{"uv":[1.877,10.8145,1.998,11.1855],"tintindex":0,"rotation":0,"texture":"#0"},"south":{"uv":[10.8145,9.8145,10.9355,10.1855],"tintindex":0,"rotation":0,"texture":"#0"},"north":{"uv":[1.127,10.8145,1.248,11.1855],"tintindex":0,"rotation":0,"texture":"#0"},"west":{"uv":[10.3145,10.8145,10.4355,11.1855],"tintindex":0,"rotation":0,"texture":"#0"},"up":{"uv":[11.5605,9.9355,11.4395,9.8145],"tintindex":0,"rotation":0,"texture":"#0"},"down":{"uv":[10.0605,11.4395,9.9395,11.5605],"tintindex":0,"rotation":0,"texture":"#0"}},"rotation":{"origin":[8.0,26.529171,15.069354],"angle":-22.5,"axis":"x"}}],"display":{"gui":{"rotation":[30,225,0]}}}