{"textures":{"0":"modelengine:entity/orc_king"},"elements":[{"from":[17.413965,9.501999,-5.096076],"to":[21.413965,12.501999,-2.096076],"faces":{"east":{"uv":[11.002,6.9395,11.1855,7.123],"tintindex":0,"rotation":0,"texture":"#0"},"south":{"uv":[5.6895,10.752,5.9355,10.9355],"tintindex":0,"rotation":0,"texture":"#0"},"north":{"uv":[10.752,4.8145,10.998,4.998],"tintindex":0,"rotation":0,"texture":"#0"},"west":{"uv":[7.127,11.002,7.3105,11.1855],"tintindex":0,"rotation":0,"texture":"#0"},"up":{"uv":[6.248,10.9355,6.002,10.752],"tintindex":0,"rotation":0,"texture":"#0"},"down":{"uv":[6.5605,10.752,6.3145,10.9355],"tintindex":0,"rotation":0,"texture":"#0"}},"rotation":{"origin":[8.0,23.48244,-11.01004],"angle":-45.0,"axis":"y"}},{"from":[1.0,7.501999,3.4497633],"to":[4.0,11.501999,12.449763],"faces":{"east":{"uv":[5.252,9.0645,5.8105,9.3105],"tintindex":0,"rotation":0,"texture":"#0"},"south":{"uv":[10.5645,9.8145,10.748,10.0605],"tintindex":0,"rotation":0,"texture":"#0"},"north":{"uv":[9.8145,10.5645,9.998,10.8105],"tintindex":0,"rotation":0,"texture":"#0"},"west":{"uv":[6.5645,9.0645,7.123,9.3105],"tintindex":0,"rotation":0,"texture":"#0"},"up":{"uv":[6.4355,10.123,6.252,9.5645],"tintindex":0,"rotation":0,"texture":"#0"},"down":{"uv":[4.4355,9.627,4.252,10.1855],"tintindex":0,"rotation":0,"texture":"#0"}}},{"from":[6.5,14.43055,3.5849867],"to":[9.5,16.43055,6.584986],"faces":{"east":{"uv":[8.002,2.8145,8.1855,2.9355],"tintindex":0,"rotation":0,"texture":"#0"},"south":{"uv":[9.5645,1.4395,9.748,1.5605],"tintindex":0,"rotation":0,"texture":"#0"},"north":{"uv":[6.752,6.377,6.9355,6.498],"tintindex":0,"rotation":0,"texture":"#0"},"west":{"uv":[10.8145,2.627,10.998,2.748],"tintindex":0,"rotation":0,"texture":"#0"},"up":{"uv":[10.1855,11.0605,10.002,10.877],"tintindex":0,"rotation":0,"texture":"#0"},"down":{"uv":[11.0605,10.252,10.877,10.4355],"tintindex":0,"rotation":0,"texture":"#0"}},"rotation":{"origin":[8.0,23.48244,-11.01004],"angle":22.5,"axis":"x"}},{"from":[4.0,7.501999,3.4497633],"to":[12.0,13.501999,12.449763],"faces":{"east":{"uv":[7.752,4.9395,8.3105,5.3105],"tintindex":0,"rotation":0,"texture":"#0"},"south":{"uv":[8.3145,3.752,8.8105,4.123],"tintindex":0,"rotation":0,"texture":"#0"},"north":{"uv":[8.3145,3.3145,8.8105,3.6855],"tintindex":0,"rotation":0,"texture":"#0"},"west":{"uv":[7.8145,1.877,8.373,2.248],"tintindex":0,"rotation":0,"texture":"#0"},"up":{"uv":[3.0605,6.623,2.5645,6.0645],"tintindex":0,"rotation":0,"texture":"#0"},"down":{"uv":[0.498,6.127,0.002,6.6855],"tintindex":0,"rotation":0,"texture":"#0"}}},{"from":[-5.413965,9.501999,-5.096076],"to":[-1.4139652,12.501999,-2.096076],"faces":{"east":{"uv":[11.002,8.127,11.1855,8.3105],"tintindex":0,"rotation":0,"texture":"#0"},"south":{"uv":[7.1895,10.752,7.4355,10.9355],"tintindex":0,"rotation":0,"texture":"#0"},"north":{"uv":[6.877,10.752,7.123,10.9355],"tintindex":0,"rotation":0,"texture":"#0"},"west":{"uv":[11.002,9.1895,11.1855,9.373],"tintindex":0,"rotation":0,"texture":"#0"},"up":{"uv":[10.998,8.873,10.752,8.6895],"tintindex":0,"rotation":0,"texture":"#0"},"down":{"uv":[1.8105,10.8145,1.5645,10.998],"tintindex":0,"rotation":0,"texture":"#0"}},"rotation":{"origin":[8.0,23.48244,-11.01004],"angle":45.0,"axis":"y"}},{"from":[1.5,9.501999,3.9497633],"to":[14.5,17.501999,10.949763],"faces":{"east":{"uv":[5.502,7.252,5.9355,7.748],"tintindex":0,"rotation":0,"texture":"#0"},"south":{"uv":[5.5645,2.6895,6.373,3.1855],"tintindex":0,"rotation":0,"texture":"#0"},"north":{"uv":[2.752,5.502,3.5605,5.998],"tintindex":0,"rotation":0,"texture":"#0"},"west":{"uv":[6.002,7.252,6.4355,7.748],"tintindex":0,"rotation":0,"texture":"#0"},"up":{"uv":[4.4355,6.0605,3.627,5.627],"tintindex":0,"rotation":0,"texture":"#0"},"down":{"uv":[6.4355,4.0645,5.627,4.498],"tintindex":0,"rotation":0,"texture":"#0"}}},{"from":[6.0,16.43055,3.5849867],"to":[10.0,19.43055,6.584986],"faces":{"east":{"uv":[8.752,10.877,8.9355,11.0605],"tintindex":0,"rotation":0,"texture":"#0"},"south":{"uv":[8.627,1.627,8.873,1.8105],"tintindex":0,"rotation":0,"texture":"#0"},"north":{"uv":[1.002,8.252,1.248,8.4355],"tintindex":0,"rotation":0,"texture":"#0"},"west":{"uv":[9.752,10.877,9.9355,11.0605],"tintindex":0,"rotation":0,"texture":"#0"},"up":{"uv":[8.9355,5.873,8.6895,5.6895],"tintindex":0,"rotation":0,"texture":"#0"},"down":{"uv":[10.8105,10.4395,10.5645,10.623],"tintindex":0,"rotation":0,"texture":"#0"}},"rotation":{"origin":[8.0,23.48244,-11.01004],"angle":22.5,"axis":"x"}},{"from":[12.0,7.501999,3.4497633],"to":[15.0,11.501999,12.449763],"faces":{"east":{"uv":[5.877,3.752,6.4355,3.998],"tintindex":0,"rotation":0,"texture":"#0"},"south":{"uv":[10.5645,8.9395,10.748,9.1855],"tintindex":0,"rotation":0,"texture":"#0"},"north":{"uv":[7.752,10.5645,7.9355,10.8105],"tintindex":0,"rotation":0,"texture":"#0"},"west":{"uv":[8.877,3.877,9.4355,4.123],"tintindex":0,"rotation":0,"texture":"#0"},"up":{"uv":[3.623,7.8105,3.4395,7.252],"tintindex":0,"rotation":0,"texture":"#0"},"down":{"uv":[2.123,7.377,1.9395,7.9355],"tintindex":0,"rotation":0,"texture":"#0"}}},{"from":[17.913965,7.501999,-5.096076],"to":[20.913965,9.501999,-2.096076],"faces":{"east":{"uv":[11.1895,5.502,11.373,5.623],"tintindex":0,"rotation":0,"texture":"#0"},"south":{"uv":[11.1895,9.4395,11.373,9.5605],"tintindex":0,"rotation":0,"texture":"#0"},"north":{"uv":[11.1895,4.627,11.373,4.748],"tintindex":0,"rotation":0,"texture":"#0"},"west":{"uv":[11.252,2.1895,11.4355,2.3105],"tintindex":0,"rotation":0,"texture":"#0"},"up":{"uv":[11.1855,6.873,11.002,6.6895],"tintindex":0,"rotation":0,"texture":"#0"},"down":{"uv":[7.0605,11.002,6.877,11.1855],"tintindex":0,"rotation":0,"texture":"#0"}},"rotation":{"origin":[8.0,23.48244,-11.01004],"angle":-45.0,"axis":"y"}},{"from":[-4.913965,7.501999,-5.096076],"to":[-1.9139652,9.501999,-2.096076],"faces":{"east":{"uv":[11.252,5.002,11.4355,5.123],"tintindex":0,"rotation":0,"texture":"#0"},"south":{"uv":[11.252,5.1895,11.4355,5.3105],"tintindex":0,"rotation":0,"texture":"#0"},"north":{"uv":[11.252,3.752,11.4355,3.873],"tintindex":0,"rotation":0,"texture":"#0"},"west":{"uv":[5.6895,11.252,5.873,11.373],"tintindex":0,"rotation":0,"texture":"#0"},"up":{"uv":[11.1855,7.8105,11.002,7.627],"tintindex":0,"rotation":0,"texture":"#0"},"down":{"uv":[11.1855,7.877,11.002,8.0605],"tintindex":0,"rotation":0,"texture":"#0"}},"rotation":{"origin":[8.0,23.48244,-11.01004],"angle":45.0,"axis":"y"}}],"display":{"gui":{"rotation":[30,225,0]}}}