{"textures":{"0":"modelengine:entity/orc_king"},"elements":[{"from":[0.43142128,12.098476,10.964746],"to":[3.4314213,13.098476,11.964746],"faces":{"east":{"uv":[0.502,11.4395,0.623,11.5605],"tintindex":0,"rotation":0,"texture":"#0"},"south":{"uv":[10.6895,8.502,11.0605,8.623],"tintindex":0,"rotation":0,"texture":"#0"},"north":{"uv":[10.5645,9.252,10.9355,9.373],"tintindex":0,"rotation":0,"texture":"#0"},"west":{"uv":[1.252,11.4395,1.373,11.5605],"tintindex":0,"rotation":0,"texture":"#0"},"up":{"uv":[11.123,0.373,10.752,0.252],"tintindex":0,"rotation":0,"texture":"#0"},"down":{"uv":[11.123,3.4395,10.752,3.5605],"tintindex":0,"rotation":0,"texture":"#0"}},"rotation":{"origin":[8.0,10.843571,-1.4293699],"angle":-22.5,"axis":"z"}},{"from":[7.25,6.20903,8.555322],"to":[8.75,7.70903,11.555322],"faces":{"east":{"uv":[10.3145,8.6895,10.6855,8.873],"tintindex":0,"rotation":0,"texture":"#0"},"south":{"uv":[6.1895,11.002,6.373,11.1855],"tintindex":0,"rotation":0,"texture":"#0"},"north":{"uv":[5.9395,11.002,6.123,11.1855],"tintindex":0,"rotation":0,"texture":"#0"},"west":{"uv":[10.4395,0.627,10.8105,0.8105],"tintindex":0,"rotation":0,"texture":"#0"},"up":{"uv":[0.4355,10.873,0.252,10.502],"tintindex":0,"rotation":0,"texture":"#0"},"down":{"uv":[1.498,10.502,1.3145,10.873],"tintindex":0,"rotation":0,"texture":"#0"}},"rotation":{"origin":[8.0,10.843571,-1.4293699],"angle":-22.5,"axis":"x"}},{"from":[5.040762,12.84528,10.714746],"to":[6.540762,15.84528,12.214746],"faces":{"east":{"uv":[1.5645,10.377,1.748,10.748],"tintindex":0,"rotation":0,"texture":"#0"},"south":{"uv":[1.8145,10.377,1.998,10.748],"tintindex":0,"rotation":0,"texture":"#0"},"north":{"uv":[10.3145,9.9395,10.498,10.3105],"tintindex":0,"rotation":0,"texture":"#0"},"west":{"uv":[3.1895,10.377,3.373,10.748],"tintindex":0,"rotation":0,"texture":"#0"},"up":{"uv":[11.123,5.6855,10.9395,5.502],"tintindex":0,"rotation":0,"texture":"#0"},"down":{"uv":[9.498,10.9395,9.3145,11.123],"tintindex":0,"rotation":0,"texture":"#0"}},"rotation":{"origin":[8.0,10.843571,-1.4293699],"angle":22.5,"axis":"z"}},{"from":[4.49375,8.85335,7.0505323],"to":[11.50625,10.35335,11.050532],"faces":{"east":{"uv":[9.752,8.6895,10.248,8.873],"tintindex":0,"rotation":0,"texture":"#0"},"south":{"uv":[8.502,0.4395,9.373,0.623],"tintindex":0,"rotation":0,"texture":"#0"},"north":{"uv":[5.3145,8.4395,6.1855,8.623],"tintindex":0,"rotation":0,"texture":"#0"},"west":{"uv":[9.8145,7.5645,10.3105,7.748],"tintindex":0,"rotation":0,"texture":"#0"},"up":{"uv":[5.748,1.9355,4.877,1.4395],"tintindex":0,"rotation":0,"texture":"#0"},"down":{"uv":[5.873,0.5645,5.002,1.0605],"tintindex":0,"rotation":0,"texture":"#0"}}},{"from":[7.25625,16.748018,9.52931],"to":[8.74375,20.248018,11.029309],"faces":{"east":{"uv":[1.3145,10.002,1.498,10.4355],"tintindex":0,"rotation":0,"texture":"#0"},"south":{"uv":[2.6895,10.002,2.873,10.4355],"tintindex":0,"rotation":0,"texture":"#0"},"north":{"uv":[8.127,9.9395,8.3105,10.373],"tintindex":0,"rotation":0,"texture":"#0"},"west":{"uv":[10.002,7.0645,10.1855,7.498],"tintindex":0,"rotation":0,"texture":"#0"},"up":{"uv":[6.623,11.1855,6.4395,11.002],"tintindex":0,"rotation":0,"texture":"#0"},"down":{"uv":[11.1855,6.4395,11.002,6.623],"tintindex":0,"rotation":0,"texture":"#0"}},"rotation":{"origin":[8.0,10.843571,-1.4293699],"angle":22.5,"axis":"x"}},{"from":[7.75,21.6493,8.648628],"to":[8.25,24.6493,9.148628],"faces":{"east":{"uv":[1.127,11.252,1.1855,11.623],"tintindex":0,"rotation":0,"texture":"#0"},"south":{"uv":[1.8145,11.252,1.873,11.623],"tintindex":0,"rotation":0,"texture":"#0"},"north":{"uv":[10.627,11.1895,10.6855,11.5605],"tintindex":0,"rotation":0,"texture":"#0"},"west":{"uv":[1.9395,11.252,1.998,11.623],"tintindex":0,"rotation":0,"texture":"#0"},"up":{"uv":[11.6855,6.9355,11.627,6.877],"tintindex":0,"rotation":0,"texture":"#0"},"down":{"uv":[11.6855,7.002,11.627,7.0605],"tintindex":0,"rotation":0,"texture":"#0"}},"rotation":{"origin":[8.0,10.843571,-1.4293699],"angle":22.5,"axis":"x"}},{"from":[4.0,7.8533497,5.5505323],"to":[12.0,11.85335,10.050532],"faces":{"east":{"uv":[5.9395,0.377,6.498,0.873],"tintindex":0,"rotation":0,"texture":"#0"},"south":{"uv":[4.877,0.002,5.873,0.498],"tintindex":0,"rotation":0,"texture":"#0"},"north":{"uv":[4.8145,3.502,5.8105,3.998],"tintindex":0,"rotation":0,"texture":"#0"},"west":{"uv":[5.502,6.002,6.0605,6.498],"tintindex":0,"rotation":0,"texture":"#0"},"up":{"uv":[4.8105,1.998,3.8145,1.4395],"tintindex":0,"rotation":0,"texture":"#0"},"down":{"uv":[1.6855,4.1895,0.6895,4.748],"tintindex":0,"rotation":0,"texture":"#0"}}},{"from":[13.857895,22.945946,4.388949],"to":[14.357895,25.945946,4.888949],"faces":{"east":{"uv":[9.3145,11.1895,9.373,11.5605],"tintindex":0,"rotation":0,"texture":"#0"},"south":{"uv":[9.4395,11.1895,9.498,11.5605],"tintindex":0,"rotation":0,"texture":"#0"},"north":{"uv":[4.5645,11.1895,4.623,11.5605],"tintindex":0,"rotation":0,"texture":"#0"},"west":{"uv":[10.502,11.1895,10.5605,11.5605],"tintindex":0,"rotation":0,"texture":"#0"},"up":{"uv":[6.748,11.6855,6.6895,11.627],"tintindex":0,"rotation":0,"texture":"#0"},"down":{"uv":[6.873,11.627,6.8145,11.6855],"tintindex":0,"rotation":0,"texture":"#0"}},"rotation":{"origin":[8.0,10.843571,-1.4293699],"angle":45.0,"axis":"x"}},{"from":[1.6421051,22.945946,4.388949],"to":[2.142105,25.945946,4.888949],"faces":{"east":{"uv":[4.8145,4.0645,4.873,4.4355],"tintindex":0,"rotation":0,"texture":"#0"},"south":{"uv":[7.4395,1.4395,7.498,1.8105],"tintindex":0,"rotation":0,"texture":"#0"},"north":{"uv":[1.752,4.1895,1.8105,4.5605],"tintindex":0,"rotation":0,"texture":"#0"},"west":{"uv":[8.877,11.127,8.9355,11.498],"tintindex":0,"rotation":0,"texture":"#0"},"up":{"uv":[11.6855,6.5605,11.627,6.502],"tintindex":0,"rotation":0,"texture":"#0"},"down":{"uv":[11.6855,6.627,11.627,6.6855],"tintindex":0,"rotation":0,"texture":"#0"}},"rotation":{"origin":[8.0,10.843571,-1.4293699],"angle":45.0,"axis":"x"}},{"from":[4.5,6.3533497,11.050532],"to":[11.5,8.85335,11.050532],"faces":{"south":{"uv":[6.502,3.752,7.373,4.0605],"tintindex":0,"rotation":0,"texture":"#0"},"north":{"uv":[7.373,3.752,6.502,4.0605],"tintindex":0,"rotation":0,"texture":"#0"}}},{"from":[3.5,10.35335,7.0505323],"to":[12.5,12.85335,11.050532],"faces":{"east":{"uv":[8.9395,2.377,9.4355,2.6855],"tintindex":0,"rotation":0,"texture":"#0"},"south":{"uv":[5.627,4.9395,6.748,5.248],"tintindex":0,"rotation":0,"texture":"#0"},"north":{"uv":[5.627,4.5645,6.748,4.873],"tintindex":0,"rotation":0,"texture":"#0"},"west":{"uv":[8.9395,6.752,9.4355,7.0605],"tintindex":0,"rotation":0,"texture":"#0"},"up":{"uv":[4.873,5.0605,3.752,4.5645],"tintindex":0,"rotation":0,"texture":"#0"},"down":{"uv":[2.873,4.6895,1.752,5.1855],"tintindex":0,"rotation":0,"texture":"#0"}}},{"from":[4.5,17.998333,6.211562],"to":[6.0,20.998333,7.711562],"faces":{"east":{"uv":[9.5645,10.252,9.748,10.623],"tintindex":0,"rotation":0,"texture":"#0"},"south":{"uv":[5.6895,10.3145,5.873,10.6855],"tintindex":0,"rotation":0,"texture":"#0"},"north":{"uv":[8.5645,10.252,8.748,10.623],"tintindex":0,"rotation":0,"texture":"#0"},"west":{"uv":[5.9395,10.3145,6.123,10.6855],"tintindex":0,"rotation":0,"texture":"#0"},"up":{"uv":[2.248,11.123,2.0645,10.9395],"tintindex":0,"rotation":0,"texture":"#0"},"down":{"uv":[2.498,10.9395,2.3145,11.123],"tintindex":0,"rotation":0,"texture":"#0"}},"rotation":{"origin":[8.0,10.843571,-1.4293699],"angle":45.0,"axis":"x"}},{"from":[10.0,17.998333,6.211562],"to":[11.5,20.998333,7.711562],"faces":{"east":{"uv":[8.127,10.4395,8.3105,10.8105],"tintindex":0,"rotation":0,"texture":"#0"},"south":{"uv":[10.4395,8.1895,10.623,8.5605],"tintindex":0,"rotation":0,"texture":"#0"},"north":{"uv":[10.4395,7.752,10.623,8.123],"tintindex":0,"rotation":0,"texture":"#0"},"west":{"uv":[10.502,0.002,10.6855,0.373],"tintindex":0,"rotation":0,"texture":"#0"},"up":{"uv":[11.1855,5.248,11.002,5.0645],"tintindex":0,"rotation":0,"texture":"#0"},"down":{"uv":[5.873,11.002,5.6895,11.1855],"tintindex":0,"rotation":0,"texture":"#0"}},