{"textures":{"0":"modelengine:entity/nocsy_skeleton_brute_skin"},"elements":[{"from":[6.824576,-2.071329,7.365536],"to":[9.375424,1.771328,8.734464],"faces":{"east":{"uv":[2.25,13.625,2.375,14.125],"tintindex":0,"rotation":0,"texture":"#0"},"south":{"uv":[1.375,12.375,1.75,12.875],"tintindex":0,"rotation":0,"texture":"#0"},"north":{"uv":[1.0,12.375,1.375,12.875],"tintindex":0,"rotation":0,"texture":"#0"},"west":{"uv":[2.375,13.625,2.5,14.125],"tintindex":0,"rotation":0,"texture":"#0"},"up":{"uv":[14.125,13.875,13.75,13.75],"tintindex":0,"rotation":0,"texture":"#0"},"down":{"uv":[0.375,13.875,0.0,14.0],"tintindex":0,"rotation":0,"texture":"#0"}}},{"from":[7.024576,1.728672,7.2655363],"to":[9.175424,6.071327,8.834464],"faces":{"east":{"uv":[2.5,13.0,2.75,13.5],"tintindex":0,"rotation":0,"texture":"#0"},"south":{"uv":[2.75,13.0,3.0,13.5],"tintindex":0,"rotation":0,"texture":"#0"},"north":{"uv":[2.0,13.0,2.25,13.5],"tintindex":0,"rotation":0,"texture":"#0"},"west":{"uv":[7.0,13.0,7.25,13.5],"tintindex":0,"rotation":0,"texture":"#0"},"up":{"uv":[0.75,13.875,0.5,13.625],"tintindex":0,"rotation":0,"texture":"#0"},"down":{"uv":[1.0,13.625,0.75,13.875],"tintindex":0,"rotation":0,"texture":"#0"}}},{"from":[7.224576,6.0286713,7.365536],"to":[8.975424,8.371326,8.934464],"faces":{"east":{"uv":[12.375,13.5,12.625,13.75],"tintindex":0,"rotation":0,"texture":"#0"},"south":{"uv":[12.625,13.5,12.875,13.75],"tintindex":0,"rotation":0,"texture":"#0"},"north":{"uv":[11.0,13.5,11.25,13.75],"tintindex":0,"rotation":0,"texture":"#0"},"west":{"uv":[12.875,13.5,13.125,13.75],"tintindex":0,"rotation":0,"texture":"#0"},"up":{"uv":[13.375,13.75,13.125,13.5],"tintindex":0,"rotation":0,"texture":"#0"},"down":{"uv":[13.625,13.5,13.375,13.75],"tintindex":0,"rotation":0,"texture":"#0"}}},{"from":[7.224576,-2.6713295,7.465536],"to":[8.975424,-2.0286732,8.534464],"faces":{"east":{"uv":[12.875,14.25,13.0,14.375],"tintindex":0,"rotation":0,"texture":"#0"},"south":{"uv":[14.125,6.5,14.375,6.625],"tintindex":0,"rotation":0,"texture":"#0"},"north":{"uv":[6.375,14.125,6.625,14.25],"tintindex":0,"rotation":0,"texture":"#0"},"west":{"uv":[14.25,12.875,14.375,13.0],"tintindex":0,"rotation":0,"texture":"#0"},"up":{"uv":[14.375,6.75,14.125,6.625],"tintindex":0,"rotation":0,"texture":"#0"},"down":{"uv":[14.375,6.75,14.125,6.875],"tintindex":0,"rotation":0,"texture":"#0"}}}],"display":{"gui":{"rotation":[30,225,0]}}}