{"textures":{"0":"modelengine:entity/nocsy_skeleton_brute_skin"},"elements":[{"from":[6.459353,3.9918797,3.3038895],"to":[8.382235,5.496743,6.4808235],"faces":{"east":{"uv":[13.625,9.375,14.0,9.5],"tintindex":0,"rotation":0,"texture":"#0"},"south":{"uv":[11.0,6.375,11.25,6.5],"tintindex":0,"rotation":0,"texture":"#0"},"north":{"uv":[8.125,10.25,8.375,10.375],"tintindex":0,"rotation":0,"texture":"#0"},"west":{"uv":[13.625,9.5,14.0,9.625],"tintindex":0,"rotation":0,"texture":"#0"},"up":{"uv":[10.25,13.375,10.0,13.0],"tintindex":0,"rotation":0,"texture":"#0"},"down":{"uv":[13.25,10.125,13.0,10.5],"tintindex":0,"rotation":0,"texture":"#0"}},"rotation":{"origin":[8.274812,7.6392994,8.136315],"angle":22.5,"axis":"y"}},{"from":[5.628314,4.2816305,5.032978],"to":[10.268311,5.7864943,10.090992],"faces":{"east":{"uv":[13.375,9.875,14.0,10.0],"tintindex":0,"rotation":0,"texture":"#0"},"south":{"uv":[10.0,13.375,10.625,13.5],"tintindex":0,"rotation":0,"texture":"#0"},"north":{"uv":[13.375,9.75,14.0,9.875],"tintindex":0,"rotation":0,"texture":"#0"},"west":{"uv":[13.375,10.0,14.0,10.125],"tintindex":0,"rotation":0,"texture":"#0"},"up":{"uv":[5.375,11.0,4.75,10.375],"tintindex":0,"rotation":0,"texture":"#0"},"down":{"uv":[11.0,5.875,10.375,6.5],"tintindex":0,"rotation":0,"texture":"#0"}}},{"from":[7.025573,3.9918797,3.2969606],"to":[8.948454,5.496743,6.4738946],"faces":{"east":{"uv":[10.0,13.625,10.375,13.75],"tintindex":0,"rotation":0,"texture":"#0"},"south":{"uv":[14.0,7.875,14.25,8.0],"tintindex":0,"rotation":0,"texture":"#0"},"north":{"uv":[14.0,7.75,14.25,7.875],"tintindex":0,"rotation":0,"texture":"#0"},"west":{"uv":[10.375,13.625,10.75,13.75],"tintindex":0,"rotation":0,"texture":"#0"},"up":{"uv":[10.5,13.375,10.25,13.0],"tintindex":0,"rotation":0,"texture":"#0"},"down":{"uv":[10.75,13.0,10.5,13.375],"tintindex":0,"rotation":0,"texture":"#0"}}},{"from":[9.892866,3.9918797,0.59671426],"to":[10.9797125,4.869717,4.6096835],"faces":{"east":{"uv":[13.5,6.25,14.0,6.375],"tintindex":0,"rotation":0,"texture":"#0"},"south":{"uv":[14.25,8.625,14.375,8.75],"tintindex":0,"rotation":0,"texture":"#0"},"north":{"uv":[8.625,14.25,8.75,14.375],"tintindex":0,"rotation":0,"texture":"#0"},"west":{"uv":[13.5,6.375,14.0,6.5],"tintindex":0,"rotation":0,"texture":"#0"},"up":{"uv":[4.875,14.0,4.75,13.5],"tintindex":0,"rotation":0,"texture":"#0"},"down":{"uv":[5.0,13.5,4.875,14.0],"tintindex":0,"rotation":0,"texture":"#0"}},"rotation":{"origin":[8.0,6.2,3.3000002],"angle":-22.5,"axis":"y"}},{"from":[6.285145,5.0224056,6.3048143],"to":[9.290184,8.619845,9.176654],"faces":{"east":{"uv":[11.375,12.0,11.75,12.5],"tintindex":0,"rotation":0,"texture":"#0"},"south":{"uv":[11.5,3.0,12.0,3.5],"tintindex":0,"rotation":0,"texture":"#0"},"north":{"uv":[6.5,3.75,7.0,4.25],"tintindex":0,"rotation":0,"texture":"#0"},"west":{"uv":[5.875,12.125,6.25,12.625],"tintindex":0,"rotation":0,"texture":"#0"},"up":{"uv":[12.625,12.375,12.125,12.0],"tintindex":0,"rotation":0,"texture":"#0"},"down":{"uv":[0.5,12.25,0.0,12.625],"tintindex":0,"rotation":0,"texture":"#0"}}},{"from":[5.8582244,3.6755052,5.889914],"to":[10.0384,4.929558,9.861081],"faces":{"east":{"uv":[12.0,7.875,12.5,8.0],"tintindex":0,"rotation":0,"texture":"#0"},"south":{"uv":[13.5,2.25,14.0,2.375],"tintindex":0,"rotation":0,"texture":"#0"},"north":{"uv":[5.75,8.75,6.25,8.875],"tintindex":0,"rotation":0,"texture":"#0"},"west":{"uv":[13.5,2.375,14.0,2.5],"tintindex":0,"rotation":0,"texture":"#0"},"up":{"uv":[12.0,4.375,11.5,3.875],"tintindex":0,"rotation":0,"texture":"#0"},"down":{"uv":[12.0,7.125,11.5,7.625],"tintindex":0,"rotation":0,"texture":"#0"}}},{"from":[9.474849,3.782871,1.4327495],"to":[11.39773,5.078726,2.5195954],"faces":{"east":{"uv":[8.5,14.25,8.625,14.375],"tintindex":0,"rotation":0,"texture":"#0"},"south":{"uv":[8.75,14.0,9.0,14.125],"tintindex":0,"rotation":0,"texture":"#0"},"north":{"uv":[14.0,8.625,14.25,8.75],"tintindex":0,"rotation":0,"texture":"#0"},"west":{"uv":[14.25,8.5,14.375,8.625],"tintindex":0,"rotation":0,"texture":"#0"},"up":{"uv":[14.25,8.875,14.0,8.75],"tintindex":0,"rotation":0,"texture":"#0"},"down":{"uv":[9.25,14.0,9.0,14.125],"tintindex":0,"rotation":0,"texture":"#0"}},"rotation":{"origin":[8.0,6.2,3.3000002],"angle":-22.5,"axis":"y"}},{"from":[7.025573,3.782871,1.4158814],"to":[8.948454,5.078726,2.5027273],"faces":{"east":{"uv":[14.25,8.125,14.375,8.25],"tintindex":0,"rotation":0,"texture":"#0"},"south":{"uv":[14.0,8.125,14.25,8.25],"tintindex":0,"rotation":0,"texture":"#0"},"north":{"uv":[14.0,8.0,14.25,8.125],"tintindex":0,"rotation":0,"texture":"#0"},"west":{"uv":[14.25,8.25,14.375,8.375],"tintindex":0,"rotation":0,"texture":"#0"},"up":{"uv":[8.5,14.125,8.25,14.0],"tintindex":0,"rotation":0,"texture":"#0"},"down":{"uv":[14.25,8.375,14.0,8.5],"tintindex":0,"rotation":0,"texture":"#0"}}},{"from":[9.474849,3.9918797,3.3138287],"to":[11.39773,5.496743,6.4907627],"faces":{"east":{"uv":[13.625,11.125,14.0,11.25],"tintindex":0,"rotation":0,"texture":"#0"},"south":{"uv":[14.0,8.5,14.25,8.625],"tintindex":0,"rotation":0,"texture":"#0"},"north":{"uv":[8.5,14.0,8.75,14.125],"tintindex":0,"rotation":0,"texture":"#0"},"west":{"uv":[11.375,13.625,11.75,13.75],"tintindex":0,"rotation":0,"texture":"#0"},"up":{"uv":[11.0,13.375,10.75,13.0],"tintindex":0,"rotation":0,"texture":"#0"},"down":{"uv":[11.25,13.0,11.0,13.375],"tintindex":0,"rotation":0,"texture":"#0"}},"rotation":{"origin":[8.0,6.2,3.3000002],"angle":-22.5,"axis":"y"}},{"from":[7.44359,3.9918797,0.57984614],"to":[8.5304365,4.869717,4.5928154],"faces":{"east":{"uv":[13.5,3.5,14.0,3.625],"tintindex":0,"rotation":0,"texture":"#0"},"south":{"uv":[14.25,8.375,14.375,8.5],"tintindex":0,"rotation":0,"texture":"#0"},"north":{"uv":[8.375,14.25,8.5,14.375],"tintindex":0,"rotation":0,"texture":"#0"},"west":{"uv":[13.5,3.625,14.0,3.75],"tintindex":0,"rotation":0,"texture":"#0"},"up":{"uv":[4.625,14.0,4.5,13.5],"tintindex":0,"rotation":0,"texture":"#0"},"down":{"uv":[4.75,13.5,4.625,14.0],"tintindex":0,"rotation":0,"texture":"#0"}}},{"from":[6.459353,3.782871,1.4228098],"to":[8.382235,5.078726,2.5096557],"faces":{"east":{"uv":[13.25,2.625,13.375,2.75],"tintindex":0,"rotation":0,"texture":"#0"},"south":{"uv":[3.5,12.125,3.75,12.25],"tintindex":0,"rotation":0,"texture":"#0"},"north":{"uv":[1.0,11.625,1.25,11.75],"tintindex":0,"rotation":0,"texture":"#0"},"west":{"uv":[13.25,3.75,13.375,3.875],"tintindex":0,"rotation":0,"texture":"#0"},"up":{"uv":[5.125,14.125,4.875,14.0],"tintindex":0,"rotation":0,"texture":"#0"},"down":{"uv":[5.625,14.0,5.375,14.125],"tintindex":0,"rotation":0,"texture":"#0"}},"rotation":{"origin":[8.274812,7.6392994,8.136315],"angle":22.5,"axis":"y"}},{"from":[6.877371,3.9918797,0.58677506],"to":[7.964217,4.869717,4.599744],"faces":{"east":{"uv":[2.5,13.5,3.0,13.625],"tintindex":0,"rotation":0,"texture":"#0"},"south":{"uv":[7.375,14.25,7.5,14.375],"tintindex":0,"rotation":0,"texture":"#0"},"north":{"uv":[13.25,7.0,13.375,7.125],"tintindex":0,"rotation":0,"texture":"#0"},"west":{"uv":[13.5,2.5,14.0,2.625],"tintindex":0,"rotation":0,"texture":"#0"},"up":{"uv":[6.625,13.25,6.5,12.75],"tintindex":0,"rotation":0,"texture":"#0"},"down":{"uv":[7.0,13.375,6.875,13.875],"tintindex":0,"rotation":0,"texture":"#0"}},"rotation":{"origin":[8.274812,7.6392994,8.136315],"angle":22.5,"axis":"y"}},{"from":[6.046332,5.304201,5.870886],"to":[9.850292,6.809065,9.04782],"faces":{"east":{"uv":[13.625,9.125,14.0,9.25],"tintindex":0,"rotation":0,"texture":"#0"},"south":{"uv":[4.125,7.375,4.625,7.5],"tintindex":0,"rotation":0,"texture":"#0"},"north":{"uv":[5.375,4.875,5.875,5.0],"tintindex":0,"rotation":0,"texture":"#0"},"west":{"uv":[13.625,9.25,14.0,9.375],"tintindex":0,"rotation":0,"texture":"#0"},"up":{"uv":[4.0,12.625,3.5,12.25],"tintindex":0,"rotation":0,"texture":"#0"},"down":{"uv":[4.5,12.25,4.0,12.625],"tintindex":0,"rotation":0,"texture":"#0"}},"rotation":{"origin":[8.274812,7.6392994,8.136315],"angle":-22.5,"axis":"x"}}],"display":{"gui":{"rotation":[30,225,0]}}}