{"textures":{"0":"modelengine:entity/nocsy_skeleton_brute_skin"},"elements":[{"from":[4.857238,-5.8654394,5.3009043],"to":[6.4325194,-2.3210585,7.5325527],"faces":{"east":{"uv":[8.875,12.875,9.125,13.375],"tintindex":0,"rotation":0,"texture":"#0"},"south":{"uv":[12.875,11.25,13.125,11.75],"tintindex":0,"rotation":0,"texture":"#0"},"north":{"uv":[12.875,7.125,13.125,7.625],"tintindex":0,"rotation":0,"texture":"#0"},"west":{"uv":[12.125,12.875,12.375,13.375],"tintindex":0,"rotation":0,"texture":"#0"},"up":{"uv":[9.125,13.75,8.875,13.5],"tintindex":0,"rotation":0,"texture":"#0"},"down":{"uv":[13.75,8.875,13.5,9.125],"tintindex":0,"rotation":0,"texture":"#0"}},"rotation":{"origin":[6.0824566,-4.0932484,6.416729],"angle":-22.5,"axis":"z"}},{"from":[7.701495,-5.8654394,5.5196934],"to":[10.370721,-1.4459021,10.37681],"faces":{"east":{"uv":[11.0,9.875,11.625,10.375],"tintindex":0,"rotation":0,"texture":"#0"},"south":{"uv":[6.25,12.25,6.625,12.75],"tintindex":0,"rotation":0,"texture":"#0"},"north":{"uv":[12.25,6.0,12.625,6.5],"tintindex":0,"rotation":0,"texture":"#0"},"west":{"uv":[10.75,11.0,11.375,11.5],"tintindex":0,"rotation":0,"texture":"#0"},"up":{"uv":[1.75,12.375,1.375,11.75],"tintindex":0,"rotation":0,"texture":"#0"},"down":{"uv":[12.125,11.25,11.75,11.875],"tintindex":0,"rotation":0,"texture":"#0"}}},{"from":[8.3578615,-8.053329,5.4102993],"to":[10.58951,-4.5089474,6.657397],"faces":{"east":{"uv":[8.25,13.5,8.375,14.0],"tintindex":0,"rotation":0,"texture":"#0"},"south":{"uv":[6.75,12.875,7.0,13.375],"tintindex":0,"rotation":0,"texture":"#0"},"north":{"uv":[12.875,6.0,13.125,6.5],"tintindex":0,"rotation":0,"texture":"#0"},"west":{"uv":[8.375,13.5,8.5,14.0],"tintindex":0,"rotation":0,"texture":"#0"},"up":{"uv":[14.25,12.0,14.0,11.875],"tintindex":0,"rotation":0,"texture":"#0"},"down":{"uv":[12.375,14.0,12.125,14.125],"tintindex":0,"rotation":0,"texture":"#0"}}},{"from":[8.945654,-9.640999,7.455976],"to":[10.695965,-7.577953,8.495224],"faces":{"east":{"uv":[2.0,13.75,2.125,14.125],"tintindex":0,"rotation":0,"texture":"#0"},"south":{"uv":[1.5,13.375,1.75,13.75],"tintindex":0,"rotation":0,"texture":"#0"},"north":{"uv":[1.25,13.375,1.5,13.75],"tintindex":0,"rotation":0,"texture":"#0"},"west":{"uv":[2.125,13.75,2.25,14.125],"tintindex":0,"rotation":0,"texture":"#0"},"up":{"uv":[13.375,14.125,13.125,14.0],"tintindex":0,"rotation":0,"texture":"#0"},"down":{"uv":[14.125,13.125,14.0,13.25],"tintindex":0,"rotation":0,"texture":"#0"}},"rotation":{"origin":[8.681314,-9.01503,7.9300194],"angle":45.0,"axis":"z"}},{"from":[6.501495,-1.4654405,6.1196938],"to":[10.070721,-0.045902483,9.9768095],"faces":{"east":{"uv":[13.5,8.5,14.0,8.625],"tintindex":0,"rotation":0,"texture":"#0"},"south":{"uv":[13.5,8.625,14.0,8.75],"tintindex":0,"rotation":0,"texture":"#0"},"north":{"uv":[13.5,6.875,14.0,7.0],"tintindex":0,"rotation":0,"texture":"#0"},"west":{"uv":[13.5,8.75,14.0,8.875],"tintindex":0,"rotation":0,"texture":"#0"},"up":{"uv":[12.125,11.0,11.625,10.5],"tintindex":0,"rotation":0,"texture":"#0"},"down":{"uv":[0.5,11.75,0.0,12.25],"tintindex":0,"rotation":0,"texture":"#0"}}},{"from":[4.4415393,-8.03145,5.5415726],"to":[5.5354843,-4.9684043,7.291885],"faces":{"east":{"uv":[13.375,1.875,13.625,2.25],"tintindex":0,"rotation":0,"texture":"#0"},"south":{"uv":[2.625,13.75,2.75,14.125],"tintindex":0,"rotation":0,"texture":"#0"},"north":{"uv":[2.5,13.75,2.625,14.125],"tintindex":0,"rotation":0,"texture":"#0"},"west":{"uv":[13.375,2.625,13.625,3.0],"tintindex":0,"rotation":0,"texture":"#0"},"up":{"uv":[14.125,13.5,14.0,13.25],"tintindex":0,"rotation":0,"texture":"#0"},"down":{"uv":[13.5,14.0,13.375,14.25],"tintindex":0,"rotation":0,"texture":"#0"}}},{"from":[7.0018144,-1.7606313,6.648286],"to":[8.290186,8.015717,9.037361],"faces":{"east":{"uv":[9.75,11.0,10.0,12.25],"tintindex":0,"rotation":0,"texture":"#0"},"south":{"uv":[4.0,12.625,4.125,13.875],"tintindex":0,"rotation":0,"texture":"#0"},"north":{"uv":[3.875,12.625,4.0,13.875],"tintindex":0,"rotation":0,"texture":"#0"},"west":{"uv":[10.0,11.0,10.25,12.25],"tintindex":0,"rotation":0,"texture":"#0"},"up":{"uv":[14.125,11.5,14.0,11.25],"tintindex":0,"rotation":0,"texture":"#0"},"down":{"uv":[11.625,14.0,11.5,14.25],"tintindex":0,"rotation":0,"texture":"#0"}}},{"from":[4.003961,-8.906606,5.7603617],"to":[4.6603284,-7.812661,7.073096],"faces":{"east":{"uv":[13.625,14.0,13.875,14.125],"tintindex":0,"rotation":0,"texture":"#0"},"south":{"uv":[9.0,14.25,9.125,14.375],"tintindex":0,"rotation":0,"texture":"#0"},"north":{"uv":[8.875,14.25,9.0,14.375],"tintindex":0,"rotation":0,"texture":"#0"},"west":{"uv":[13.875,14.0,14.125,14.125],"tintindex":0,"rotation":0,"texture":"#0"},"up":{"uv":[0.125,14.375,0.0,14.125],"tintindex":0,"rotation":0,"texture":"#0"},"down":{"uv":[14.25,0.0,14.125,0.25],"tintindex":0,"rotation":0,"texture":"#0"}},"rotation":{"origin":[4.9885116,-6.4999275,6.416729],"angle":22.5,"axis":"z"}},{"from":[8.3578615,-8.053329,9.020317],"to":[10.58951,-4.5089474,10.431507],"faces":{"east":{"uv":[9.25,13.5,9.375,14.0],"tintindex":0,"rotation":0,"texture":"#0"},"south":{"uv":[1.75,13.0,2.0,13.5],"tintindex":0,"rotation":0,"texture":"#0"},"north":{"uv":[12.875,12.875,13.125,13.375],"tintindex":0,"rotation":0,"texture":"#0"},"west":{"uv":[9.375,13.5,9.5,14.0],"tintindex":0,"rotation":0,"texture":"#0"},"up":{"uv":[14.375,0.375,14.125,0.25],"tintindex":0,"rotation":0,"texture":"#0"},"down":{"uv":[0.625,14.125,0.375,14.25],"tintindex":0,"rotation":0,"texture":"#0"}}},{"from":[5.644879,-3.5462754,5.6509676],"to":[10.239448,-1.5771759,10.245536],"faces":{"east":{"uv":[12.625,1.0,13.25,1.25],"tintindex":0,"rotation":0,"texture":"#0"},"south":{"uv":[12.625,2.25,13.25,2.5],"tintindex":0,"rotation":0,"texture":"#0"},"north":{"uv":[12.625,0.75,13.25,1.0],"tintindex":0,"rotation":0,"texture":"#0"},"west":{"uv":[12.625,2.5,13.25,2.75],"tintindex":0,"rotation":0,"texture":"#0"},"up":{"uv":[11.0,10.5,10.375,9.875],"tintindex":0,"rotation":0,"texture":"#0"},"down":{"uv":[0.625,10.5,0.0,11.125],"tintindex":0,"rotation":0,"texture":"#0"}}},{"from":[8.771814,-1.7606313,6.648286],"to":[9.824186,8.015717,9.037361],"faces":{"east":{"uv":[10.25,11.0,10.5,12.25],"tintindex":0,"rotation":0,"texture":"#0"},"south":{"uv":[4.25,12.625,4.375,13.875],"tintindex":0,"rotation":0,"texture":"#0"},"north":{"uv":[4.125,12.625,4.25,13.875],"tintindex":0,"rotation":0,"texture":"#0"},"west":{"uv":[10.5,11.0,10.75,12.25],"tintindex":0,"rotation":0,"texture":"#0"},"up":{"uv":[14.125,11.75,14.0,11.5],"tintindex":0,"rotation":0,"texture":"#0"},"down":{"uv":[11.875,14.0,11.75,14.25],"tintindex":0,"rotation":0,"texture":"#0"}}},{"from":[8.945654,-9.640999,9.206289],"to":[10.695965,-7.577953,10.245536],"faces":{"east":{"uv":[1.25,13.75,1.375,14.125],"tintindex":0,"rotation":0,"texture":"#0"},"south":{"uv":[13.25,8.5,13.5,8.875],"tintindex":0,"rotation":0,"texture":"#0"},"north":{"uv":[13.25,6.625,13.5,7.0],"tintindex":0,"rotation":0,"texture":"#0"},"west":{"uv":[1.375,13.75,1.5,14.125],"tintindex":0,"rotation":0,"texture":"#0"},"up":{"uv":[12.875,14.125,12.625,14.0],"tintindex":0,"rotation":0,"texture":"#0"},"down":{"uv":[14.0,12.625,13.875,12.75],"tintindex":0,"rotation":0,"texture":"#0"}},"rotation":{"origin":[8.681314,-9.01503,7.9300194],"angle":45.0,"axis":"z"}},{"from":[7.2831297,-9.26167,7.674765],"to":[9.395864,-8.154991,8.276435],"faces":{"east":{"uv":[1.5,13.75,1.625,14.125],"tintindex":0,"rotation":0,"texture":"#0"},"south":{"uv":[13.25,9.25,13.5,9.625],"tintindex":0,"rotation":0,"texture":"#0"},"north":{"uv":[13.25,8.875,13.5,9.25],"tintindex":0,"rotation":0,"texture":"#0"},"west":{"uv":[1.625,13.75,1.75,14.125],"tintindex":0,"rotation":0,"texture":"#0"},"up":{"uv":[14.25,12.875,14.0,12.75],"tintindex":0,"rotation":0,"texture":"#0"},"down":{"uv":[13.125,14.0,12.875,14.125],"tintindex":0,"rotation":0,"texture":"#0"}},"rotation":{"origin":[8.681314,-9.01503,7.9300194],"angle":22.5,"axis":"z"}},{"from":[8.3578615,-8.053329,7.270005],