{"textures":{"0":"modelengine:entity/nocsy_skeleton_brute_skin"},"elements":[{"from":[6.8331337,6.1645193,6.502311],"to":[10.458174,9.381959,9.994152],"faces":{"east":{"uv":[10.375,12.625,10.75,13.0],"tintindex":0,"rotation":0,"texture":"#0"},"south":{"uv":[12.125,10.5,12.625,10.875],"tintindex":0,"rotation":0,"texture":"#0"},"north":{"uv":[12.125,10.125,12.625,10.5],"tintindex":0,"rotation":0,"texture":"#0"},"west":{"uv":[12.625,10.375,13.0,10.75],"tintindex":0,"rotation":0,"texture":"#0"},"up":{"uv":[12.625,11.625,12.125,11.25],"tintindex":0,"rotation":0,"texture":"#0"},"down":{"uv":[12.625,11.625,12.125,12.0],"tintindex":0,"rotation":0,"texture":"#0"}}},{"from":[8.233133,-6.135481,6.602311],"to":[9.558174,8.08196,8.0941515],"faces":{"east":{"uv":[11.25,11.5,11.375,13.25],"tintindex":0,"rotation":0,"texture":"#0"},"south":{"uv":[5.0,11.625,5.125,13.375],"tintindex":0,"rotation":0,"texture":"#0"},"north":{"uv":[6.625,11.5,6.75,13.25],"tintindex":0,"rotation":0,"texture":"#0"},"west":{"uv":[9.125,11.625,9.25,13.375],"tintindex":0,"rotation":0,"texture":"#0"},"up":{"uv":[7.375,13.0,7.25,12.875],"tintindex":0,"rotation":0,"texture":"#0"},"down":{"uv":[9.375,12.875,9.25,13.0],"tintindex":0,"rotation":0,"texture":"#0"}}},{"from":[8.243134,-6.1254807,9.112311],"to":[9.548174,8.0719595,9.984152],"faces":{"east":{"uv":[7.25,11.125,7.375,12.875],"tintindex":0,"rotation":0,"texture":"#0"},"south":{"uv":[9.625,11.25,9.75,13.0],"tintindex":0,"rotation":0,"texture":"#0"},"north":{"uv":[0.5,11.125,0.625,12.875],"tintindex":0,"rotation":0,"texture":"#0"},"west":{"uv":[3.375,11.5,3.5,13.25],"tintindex":0,"rotation":0,"texture":"#0"},"up":{"uv":[5.5,12.25,5.375,12.125],"tintindex":0,"rotation":0,"texture":"#0"},"down":{"uv":[12.625,9.25,12.5,9.375],"tintindex":0,"rotation":0,"texture":"#0"}}}],"display":{"gui":{"rotation":[30,225,0]}}}