{"textures":{"0":"modelengine:entity/nocsy_skeleton_brute2_skin","1":"modelengine:entity/nocsy_skeleton_brute_jaw"},"elements":[{"from":[5.697816,5.1898937,0.48396945],"to":[11.302184,6.926794,2.0883372],"faces":{"east":{"uv":[1.5,7.8125,1.625,7.9375],"tintindex":0,"rotation":0,"texture":"#0"},"south":{"uv":[7.0625,6.5625,7.4375,6.6875],"tintindex":0,"rotation":0,"texture":"#0"},"north":{"uv":[7.0625,6.4375,7.4375,6.5625],"tintindex":0,"rotation":0,"texture":"#0"},"west":{"uv":[1.625,7.8125,1.75,7.9375],"tintindex":0,"rotation":0,"texture":"#0"},"up":{"uv":[7.4375,6.8125,7.0625,6.6875],"tintindex":0,"rotation":0,"texture":"#0"},"down":{"uv":[7.4375,6.8125,7.0625,6.9375],"tintindex":0,"rotation":0,"texture":"#0"}},"rotation":{"origin":[8.0,6.558346,4.2861533],"angle":-45.0,"axis":"y"}},{"from":[5.5,3.4798927,0.97396946],"to":[10.5,4.4798927,7.9739695],"faces":{"east":{"uv":[4.3125,1.75,4.75,1.8125],"tintindex":0,"rotation":0,"texture":"#0"},"south":{"uv":[7.75,2.0625,8.0625,2.125],"tintindex":0,"rotation":0,"texture":"#0"},"north":{"uv":[7.75,2.0,8.0625,2.0625],"tintindex":0,"rotation":0,"texture":"#0"},"west":{"uv":[4.625,4.3125,5.0625,4.375],"tintindex":0,"rotation":0,"texture":"#0"},"up":{"uv":[6.125,2.875,5.8125,2.4375],"tintindex":0,"rotation":0,"texture":"#0"},"down":{"uv":[2.9375,5.9375,2.625,6.375],"tintindex":0,"rotation":0,"texture":"#0"}}},{"from":[4.697816,5.1898937,0.48396945],"to":[10.302184,6.926794,2.0883372],"faces":{"east":{"uv":[5.3125,6.75,5.4375,6.875],"tintindex":0,"rotation":0,"texture":"#0"},"south":{"uv":[7.0625,2.5,7.4375,2.625],"tintindex":0,"rotation":0,"texture":"#0"},"north":{"uv":[7.0625,2.375,7.4375,2.5],"tintindex":0,"rotation":0,"texture":"#0"},"west":{"uv":[7.4375,7.125,7.5625,7.25],"tintindex":0,"rotation":0,"texture":"#0"},"up":{"uv":[3.125,7.1875,2.75,7.0625],"tintindex":0,"rotation":0,"texture":"#0"},"down":{"uv":[3.5,7.0625,3.125,7.1875],"tintindex":0,"rotation":0,"texture":"#0"}},"rotation":{"origin":[8.0,6.558346,4.2861533],"angle":45.0,"axis":"y"}},{"from":[5.197816,4.1898937,-0.01603054],"to":[10.802184,5.926794,8.588337],"faces":{"east":{"uv":[0.0,9.0,4.0,11.0],"tintindex":0,"rotation":0,"texture":"#1"},"south":{"uv":[7.0625,2.25,7.4375,2.375],"tintindex":0,"rotation":0,"texture":"#1"},"north":{"uv":[0.0,3.0,7.0,5.0],"tintindex":0,"rotation":0,"texture":"#1"},"west":{"uv":[4.0,9.0,0.0,11.0],"tintindex":0,"rotation":0,"texture":"#1"},"up":{"uv":[9.0,3.0,8.0,2.0],"tintindex":0,"rotation":0,"texture":"#1"},"down":{"uv":[0.0,9.0,5.0,10.0],"tintindex":0,"rotation":0,"texture":"#1"}}},{"from":[5.1878157,5.1798935,-0.02603054],"to":[10.812184,6.9367943,1.5983372],"faces":{"east":{"uv":[1.0,6.0,3.0,8.0],"tintindex":0,"rotation":0,"texture":"#1"},"south":{"uv":[7.0625,4.0625,7.4375,4.1875],"tintindex":0,"rotation":0,"texture":"#1"},"north":{"uv":[0.0,0.0,7.0,2.0],"tintindex":0,"rotation":0,"texture":"#1"},"west":{"uv":[3.0,6.0,1.0,8.0],"tintindex":0,"rotation":0,"texture":"#1"},"up":{"uv":[8.0,14.0,1.0,12.0],"tintindex":0,"rotation":0,"texture":"#1"},"down":{"uv":[6.5625,7.0625,6.1875,7.1875],"tintindex":0,"rotation":0,"texture":"#1"}}},{"from":[4.7078156,4.1998935,0.49396947],"to":[8.292184,5.9167943,9.078337],"faces":{"east":{"uv":[6.6875,4.4375,7.25,4.5625],"tintindex":0,"rotation":0,"texture":"#0"},"south":{"uv":[5.5625,7.4375,5.8125,7.5625],"tintindex":0,"rotation":0,"texture":"#0"},"north":{"uv":[7.4375,5.0,7.6875,5.125],"tintindex":0,"rotation":0,"texture":"#0"},"west":{"uv":[6.6875,5.5,7.25,5.625],"tintindex":0,"rotation":0,"texture":"#0"},"up":{"uv":[5.8125,0.875,5.5625,0.3125],"tintindex":0,"rotation":0,"texture":"#0"},"down":{"uv":[1.875,5.75,1.625,6.3125],"tintindex":0,"rotation":0,"texture":"#0"}},"rotation":{"origin":[8.0,5.558346,4.2861533],"angle":45.0,"axis":"y"}},{"from":[7.707816,4.1998935,0.49396947],"to":[11.292184,5.9167943,9.078337],"faces":{"east":{"uv":[6.6875,5.625,7.25,5.75],"tintindex":0,"rotation":0,"texture":"#0"},"south":{"uv":[6.1875,7.4375,6.4375,7.5625],"tintindex":0,"rotation":0,"texture":"#0"},"north":{"uv":[5.8125,7.4375,6.0625,7.5625],"tintindex":0,"rotation":0,"texture":"#0"},"west":{"uv":[6.6875,5.75,7.25,5.875],"tintindex":0,"rotation":0,"texture":"#0"},"up":{"uv":[4.3125,6.3125,4.0625,5.75],"tintindex":0,"rotation":0,"texture":"#0"},"down":{"uv":[4.5625,5.75,4.3125,6.3125],"tintindex":0,"rotation":0,"texture":"#0"}},"rotation":{"origin":[8.0,5.558346,4.2861533],"angle":-45.0,"axis":"y"}}],"display":{"gui":{"rotation":[30,225,0]}}}