{"textures":{"0":"modelengine:entity/nocsy_skeleton_brute2_skin"},"elements":[{"from":[6.2069597,-3.442772,7.2262974],"to":[9.115896,5.987789,9.583938],"faces":{"east":{"uv":[4.3125,6.625,4.4375,7.1875],"tintindex":0,"rotation":0,"texture":"#0"},"south":{"uv":[1.1875,5.9375,1.375,6.5],"tintindex":0,"rotation":0,"texture":"#0"},"north":{"uv":[5.125,5.875,5.3125,6.4375],"tintindex":0,"rotation":0,"texture":"#0"},"west":{"uv":[4.4375,6.625,4.5625,7.1875],"tintindex":0,"rotation":0,"texture":"#0"},"up":{"uv":[7.8125,1.75,7.625,1.625],"tintindex":0,"rotation":0,"texture":"#0"},"down":{"uv":[7.8125,2.625,7.625,2.75],"tintindex":0,"rotation":0,"texture":"#0"}}},{"from":[6.2069597,3.637226,6.0462976],"to":[10.295896,8.347786,10.763938],"faces":{"east":{"uv":[6.1875,4.875,6.5,5.1875],"tintindex":0,"rotation":0,"texture":"#0"},"south":{"uv":[5.4375,6.5625,5.6875,6.875],"tintindex":0,"rotation":0,"texture":"#0"},"north":{"uv":[3.75,6.5625,4.0,6.875],"tintindex":0,"rotation":0,"texture":"#0"},"west":{"uv":[6.25,0.0,6.5625,0.3125],"tintindex":0,"rotation":0,"texture":"#0"},"up":{"uv":[5.9375,6.875,5.6875,6.5625],"tintindex":0,"rotation":0,"texture":"#0"},"down":{"uv":[6.1875,6.5625,5.9375,6.875],"tintindex":0,"rotation":0,"texture":"#0"}},"rotation":{"origin":[8.251428,5.992508,8.405117],"angle":-22.5,"axis":"z"}}],"display":{"gui":{"rotation":[30,225,0]}}}