{"textures":{"0":"modelengine:entity/nocsy_skeleton_brute2_skin"},"elements":[{"from":[5.9615993,3.6755052,5.889914],"to":[10.141775,4.929558,9.861081],"faces":{"east":{"uv":[2.4375,7.8125,2.6875,7.875],"tintindex":0,"rotation":0,"texture":"#0"},"south":{"uv":[7.8125,2.625,8.0625,2.6875],"tintindex":0,"rotation":0,"texture":"#0"},"north":{"uv":[2.0,7.8125,2.25,7.875],"tintindex":0,"rotation":0,"texture":"#0"},"west":{"uv":[2.6875,7.8125,2.9375,7.875],"tintindex":0,"rotation":0,"texture":"#0"},"up":{"uv":[7.0,4.8125,6.75,4.5625],"tintindex":0,"rotation":0,"texture":"#0"},"down":{"uv":[7.0,4.8125,6.75,5.0625],"tintindex":0,"rotation":0,"texture":"#0"}}},{"from":[6.1497073,5.304201,5.870886],"to":[9.953668,6.8090653,9.04782],"faces":{"east":{"uv":[2.9375,7.875,3.125,7.9375],"tintindex":0,"rotation":0,"texture":"#0"},"south":{"uv":[7.8125,1.6875,8.0625,1.75],"tintindex":0,"rotation":0,"texture":"#0"},"north":{"uv":[7.8125,1.625,8.0625,1.6875],"tintindex":0,"rotation":0,"texture":"#0"},"west":{"uv":[7.875,3.0625,8.0625,3.125],"tintindex":0,"rotation":0,"texture":"#0"},"up":{"uv":[7.4375,4.75,7.1875,4.5625],"tintindex":0,"rotation":0,"texture":"#0"},"down":{"uv":[7.4375,5.0,7.1875,5.1875],"tintindex":0,"rotation":0,"texture":"#0"}},"rotation":{"origin":[7.725188,7.6392994,8.136314],"angle":-22.5,"axis":"x"}},{"from":[5.0202875,3.9918797,0.59671426],"to":[6.107134,4.869717,4.6096835],"faces":{"east":{"uv":[3.75,7.8125,4.0,7.875],"tintindex":0,"rotation":0,"texture":"#0"},"south":{"uv":[1.6875,8.1875,1.75,8.25],"tintindex":0,"rotation":0,"texture":"#0"},"north":{"uv":[8.1875,1.625,8.25,1.6875],"tintindex":0,"rotation":0,"texture":"#0"},"west":{"uv":[7.8125,3.875,8.0625,3.9375],"tintindex":0,"rotation":0,"texture":"#0"},"up":{"uv":[4.1875,8.0625,4.125,7.8125],"tintindex":0,"rotation":0,"texture":"#0"},"down":{"uv":[4.25,7.8125,4.1875,8.0625],"tintindex":0,"rotation":0,"texture":"#0"}},"rotation":{"origin":[8.0,6.2,3.3000002],"angle":22.5,"axis":"y"}},{"from":[5.7316895,4.2816305,5.032978],"to":[10.371685,5.7864943,10.090992],"faces":{"east":{"uv":[7.75,2.1875,8.0625,2.25],"tintindex":0,"rotation":0,"texture":"#0"},"south":{"uv":[7.75,2.25,8.0625,2.3125],"tintindex":0,"rotation":0,"texture":"#0"},"north":{"uv":[7.75,2.125,8.0625,2.1875],"tintindex":0,"rotation":0,"texture":"#0"},"west":{"uv":[7.75,2.3125,8.0625,2.375],"tintindex":0,"rotation":0,"texture":"#0"},"up":{"uv":[6.4375,2.875,6.125,2.5625],"tintindex":0,"rotation":0,"texture":"#0"},"down":{"uv":[6.5,4.5625,6.1875,4.875],"tintindex":0,"rotation":0,"texture":"#0"}}},{"from":[7.6177654,3.782871,1.4228098],"to":[9.540647,5.078726,2.5096557],"faces":{"east":{"uv":[1.3125,8.1875,1.375,8.25],"tintindex":0,"rotation":0,"texture":"#0"},"south":{"uv":[8.0625,2.1875,8.1875,2.25],"tintindex":0,"rotation":0,"texture":"#0"},"north":{"uv":[2.1875,8.0625,2.3125,8.125],"tintindex":0,"rotation":0,"texture":"#0"},"west":{"uv":[1.375,8.1875,1.4375,8.25],"tintindex":0,"rotation":0,"texture":"#0"},"up":{"uv":[8.1875,2.3125,8.0625,2.25],"tintindex":0,"rotation":0,"texture":"#0"},"down":{"uv":[2.4375,8.0625,2.3125,8.125],"tintindex":0,"rotation":0,"texture":"#0"}},"rotation":{"origin":[7.725188,7.6392994,8.136314],"angle":-22.5,"axis":"y"}},{"from":[7.6177654,3.9918797,3.3038895],"to":[9.540647,5.496743,6.4808235],"faces":{"east":{"uv":[3.125,7.875,3.3125,7.9375],"tintindex":0,"rotation":0,"texture":"#0"},"south":{"uv":[8.0625,2.125,8.1875,2.1875],"tintindex":0,"rotation":0,"texture":"#0"},"north":{"uv":[8.0625,2.0625,8.1875,2.125],"tintindex":0,"rotation":0,"texture":"#0"},"west":{"uv":[7.875,3.125,8.0625,3.1875],"tintindex":0,"rotation":0,"texture":"#0"},"up":{"uv":[7.75,1.25,7.625,1.0625],"tintindex":0,"rotation":0,"texture":"#0"},"down":{"uv":[7.75,1.25,7.625,1.4375],"tintindex":0,"rotation":0,"texture":"#0"}},"rotation":{"origin":[7.725188,7.6392994,8.136314],"angle":-22.5,"axis":"y"}},{"from":[6.7098155,5.0224056,6.3048143],"to":[9.714855,8.619845,9.176654],"faces":{"east":{"uv":[6.5625,7.0625,6.75,7.3125],"tintindex":0,"rotation":0,"texture":"#0"},"south":{"uv":[6.75,3.8125,7.0,4.0625],"tintindex":0,"rotation":0,"texture":"#0"},"north":{"uv":[6.75,3.5625,7.0,3.8125],"tintindex":0,"rotation":0,"texture":"#0"},"west":{"uv":[3.1875,7.1875,3.375,7.4375],"tintindex":0,"rotation":0,"texture":"#0"},"up":{"uv":[7.4375,3.875,7.1875,3.6875],"tintindex":0,"rotation":0,"texture":"#0"},"down":{"uv":[4.5625,7.1875,4.3125,7.375],"tintindex":0,"rotation":0,"texture":"#0"}}},{"from":[7.4695635,3.9918797,0.57984614],"to":[8.55641,4.869717,4.5928154],"faces":{"east":{"uv":[7.8125,2.9375,8.0625,3.0],"tintindex":0,"rotation":0,"texture":"#0"},"south":{"uv":[1.5625,8.1875,1.625,8.25],"tintindex":0,"rotation":0,"texture":"#0"},"north":{"uv":[8.1875,1.5,8.25,1.5625],"tintindex":0,"rotation":0,"texture":"#0"},"west":{"uv":[7.8125,3.0,8.0625,3.0625],"tintindex":0,"rotation":0,"texture":"#0"},"up":{"uv":[2.375,8.0625,2.3125,7.8125],"tintindex":0,"rotation":0,"texture":"#0"},"down":{"uv":[3.5625,7.8125,3.5,8.0625],"tintindex":0,"rotation":0,"texture":"#0"}}},{"from":[8.035783,3.9918797,0.58677506],"to":[9.122629,4.869717,4.599744],"faces":{"east":{"uv":[7.8125,2.6875,8.0625,2.75],"tintindex":0,"rotation":0,"texture":"#0"},"south":{"uv":[1.4375,8.1875,1.5,8.25],"tintindex":0,"rotation":0,"texture":"#0"},"north":{"uv":[8.1875,1.375,8.25,1.4375],"tintindex":0,"rotation":0,"texture":"#0"},"west":{"uv":[2.9375,7.8125,3.1875,7.875],"tintindex":0,"rotation":0,"texture":"#0"},"up":{"uv":[1.8125,8.0625,1.75,7.8125],"tintindex":0,"rotation":0,"texture":"#0"},"down":{"uv":[2.3125,7.8125,2.25,8.0625],"tintindex":0,"rotation":0,"texture":"#0"}},"rotation":{"origin":[7.725188,7.6392994,8.136314],"angle":-22.5,"axis":"y"}},{"from":[7.0515456,3.782871,1.4158814],"to":[8.974427,5.078726,2.5027268],"faces":{"east":{"uv":[8.1875,1.4375,8.25,1.5],"tintindex":0,"rotation":0,"texture":"#0"},"south":{"uv":[8.0625,2.4375,8.1875,2.5],"tintindex":0,"rotation":0,"texture":"#0"},"north":{"uv":[2.4375,8.0625,2.5625,8.125],"tintindex":0,"rotation":0,"texture":"#0"},"west":{"uv":[1.5,8.1875,1.5625,8.25],"tintindex":0,"rotation":0,"texture":"#0"},"up":{"uv":[8.1875,2.5625,8.0625,2.5],"tintindex":0,"rotation":0,"texture":"#0"},"down":{"uv":[2.6875,8.0625,2.5625,8.125],"tintindex":0,"rotation":0,"texture":"#0"}}},{"from":[4.60227,3.9918797,3.3138287],"to":[6.5251513,5.496743,6.4907627],"faces":{"east":{"uv":[7.875,3.8125,8.0625,3.875],"tintindex":0,"rotation":0,"texture":"#0"},"south":{"uv":[8.0625,2.625,8.1875,2.6875],"tintindex":0,"rotation":0,"texture":"#0"},"north":{"uv":[8.0625,2.5625,8.1875,2.625],"tintindex":0,"rotation":0,"texture":"#0"},"west":{"uv":[3.9375,7.875,4.125,7.9375],"tintindex":0,"rotation":0,"texture":"#0"},"up":{"uv":[7.75,2.4375,7.625,2.25],"tintindex":0,"rotation":0,"texture":"#0"},"down":{"uv":[7.75,2.4375,7.625,2.625],"tintindex":0,"rotation":0,"texture":"#0"}},"rotation":{"origin":[8.0,6.2,3.3000002],"angle":22.5,"axis":"y"}},{"from":[7.0515456,3.9918797,3.29696],"to":[8.974427,5.496743,6.473894],"faces":{"east":{"uv":[3.75,7.875,3.9375,7.9375],"tintindex":0,"rotation":0,"texture":"#0"},"south":{"uv":[8.0625,2.375,8.1875,2.4375],"tintindex":0,"rotation":0,"texture":"#0"},"north":{"uv":[8.0625,2.3125,8.1875,2.375],"tintindex":0,"rotation":0,"texture":"#0"},"west":{"uv":[7.875,3.75,8.0625,3.8125],"tintindex":0,"rotation":0,"texture":"#0"},"up":{"uv":[7.75,2.0625,7.625,1.875],"tintindex":0,"rotation":0,"texture":"#0"},"down":{"uv":[7.75,2.0625,7.625,2.25],"tintindex":0,"rotation":0,"texture":"#0"}}},{"from":[4.60227,3.782871,1.4327495],"to":[6.5251513,5.078726,2.519595],"faces":{"east":{"uv":[8.1875,1.5625,8.25,1.625],"tintindex":0,"rotation":0,"texture":"#0"},"south":{"uv":[8.0625,2.6875,8.1875,2.75],"tintindex":0,"rotation":0,"texture":"#0"},"north":{"uv":[2.6875,8.0625,2.8125,8.125],"tintindex":0,"rotation":0,"texture":"#0"},"west":{"uv":[1.625,8.1875,1.6875,8.25],"tintindex":0,"rotation":0,"texture":"#0"},"up":{"uv":[8.1875,2.8125,8.0625,2.75],