{"textures":{"0":"modelengine:entity/nocsy_skeleton_brute2_skin"},"elements":[{"from":[8.724576,-2.071329,7.365536],"to":[11.275424,1.771328,8.734464],"faces":{"east":{"uv":[6.3125,7.8125,6.375,8.0625],"tintindex":0,"rotation":0,"texture":"#0"},"south":{"uv":[1.8125,7.25,2.0,7.5],"tintindex":0,"rotation":0,"texture":"#0"},"north":{"uv":[1.3125,7.25,1.5,7.5],"tintindex":0,"rotation":0,"texture":"#0"},"west":{"uv":[6.4375,7.8125,6.5,8.0625],"tintindex":0,"rotation":0,"texture":"#0"},"up":{"uv":[8.125,5.9375,7.9375,5.875],"tintindex":0,"rotation":0,"texture":"#0"},"down":{"uv":[8.125,5.9375,7.9375,6.0],"tintindex":0,"rotation":0,"texture":"#0"}}},{"from":[8.924576,1.728672,7.2655363],"to":[11.075424,6.071327,8.834464],"faces":{"east":{"uv":[4.9375,7.5,5.0625,7.75],"tintindex":0,"rotation":0,"texture":"#0"},"south":{"uv":[7.5,7.4375,7.625,7.6875],"tintindex":0,"rotation":0,"texture":"#0"},"north":{"uv":[3.875,7.5,4.0,7.75],"tintindex":0,"rotation":0,"texture":"#0"},"west":{"uv":[7.5625,4.25,7.6875,4.5],"tintindex":0,"rotation":0,"texture":"#0"},"up":{"uv":[7.75,7.9375,7.625,7.8125],"tintindex":0,"rotation":0,"texture":"#0"},"down":{"uv":[7.9375,7.625,7.8125,7.75],"tintindex":0,"rotation":0,"texture":"#0"}}},{"from":[9.124576,6.0286713,7.365536],"to":[10.875423,8.371326,8.934464],"faces":{"east":{"uv":[7.8125,6.9375,7.9375,7.0625],"tintindex":0,"rotation":0,"texture":"#0"},"south":{"uv":[7.8125,7.125,7.9375,7.25],"tintindex":0,"rotation":0,"texture":"#0"},"north":{"uv":[7.8125,6.6875,7.9375,6.8125],"tintindex":0,"rotation":0,"texture":"#0"},"west":{"uv":[7.8125,7.25,7.9375,7.375],"tintindex":0,"rotation":0,"texture":"#0"},"up":{"uv":[7.9375,7.5,7.8125,7.375],"tintindex":0,"rotation":0,"texture":"#0"},"down":{"uv":[7.9375,7.5,7.8125,7.625],"tintindex":0,"rotation":0,"texture":"#0"}}},{"from":[9.124576,-2.6713295,7.465536],"to":[10.875423,-2.0286732,8.534464],"faces":{"east":{"uv":[8.1875,3.6875,8.25,3.75],"tintindex":0,"rotation":0,"texture":"#0"},"south":{"uv":[8.125,1.125,8.25,1.1875],"tintindex":0,"rotation":0,"texture":"#0"},"north":{"uv":[1.125,8.125,1.25,8.1875],"tintindex":0,"rotation":0,"texture":"#0"},"west":{"uv":[3.75,8.1875,3.8125,8.25],"tintindex":0,"rotation":0,"texture":"#0"},"up":{"uv":[8.25,1.25,8.125,1.1875],"tintindex":0,"rotation":0,"texture":"#0"},"down":{"uv":[8.25,1.25,8.125,1.3125],"tintindex":0,"rotation":0,"texture":"#0"}}}],"display":{"gui":{"rotation":[30,225,0]}}}