{"textures":{"0":"modelengine:entity/nocsy_skeleton_brute2_skin"},"elements":[{"from":[6.459353,3.9918797,3.303889],"to":[8.382235,5.496743,6.480823],"faces":{"east":{"uv":[2.9375,5.9375,3.125,6.0],"tintindex":0,"rotation":0,"texture":"#0"},"south":{"uv":[6.875,6.4375,7.0,6.5],"tintindex":0,"rotation":0,"texture":"#0"},"north":{"uv":[0.1875,6.3125,0.3125,6.375],"tintindex":0,"rotation":0,"texture":"#0"},"west":{"uv":[5.4375,6.25,5.625,6.3125],"tintindex":0,"rotation":0,"texture":"#0"},"up":{"uv":[1.8125,3.875,1.6875,3.6875],"tintindex":0,"rotation":0,"texture":"#0"},"down":{"uv":[6.3125,5.1875,6.1875,5.375],"tintindex":0,"rotation":0,"texture":"#0"}},"rotation":{"origin":[8.274812,7.6392994,8.136314],"angle":22.5,"axis":"y"}},{"from":[5.628314,4.2816305,5.032978],"to":[10.268311,5.7864943,10.090991],"faces":{"east":{"uv":[7.75,1.375,8.0625,1.4375],"tintindex":0,"rotation":0,"texture":"#0"},"south":{"uv":[7.75,1.9375,8.0625,2.0],"tintindex":0,"rotation":0,"texture":"#0"},"north":{"uv":[5.125,2.4375,5.4375,2.5],"tintindex":0,"rotation":0,"texture":"#0"},"west":{"uv":[2.0,7.75,2.3125,7.8125],"tintindex":0,"rotation":0,"texture":"#0"},"up":{"uv":[6.3125,5.6875,6.0,5.375],"tintindex":0,"rotation":0,"texture":"#0"},"down":{"uv":[6.3125,5.6875,6.0,6.0],"tintindex":0,"rotation":0,"texture":"#0"}}},{"from":[7.025573,3.9918797,3.29696],"to":[8.948454,5.496743,6.473894],"faces":{"east":{"uv":[6.5625,6.5,6.75,6.5625],"tintindex":0,"rotation":0,"texture":"#0"},"south":{"uv":[7.5625,0.25,7.6875,0.3125],"tintindex":0,"rotation":0,"texture":"#0"},"north":{"uv":[7.5,1.3125,7.625,1.375],"tintindex":0,"rotation":0,"texture":"#0"},"west":{"uv":[0.625,6.6875,0.8125,6.75],"tintindex":0,"rotation":0,"texture":"#0"},"up":{"uv":[4.4375,7.75,4.3125,7.5625],"tintindex":0,"rotation":0,"texture":"#0"},"down":{"uv":[7.6875,5.125,7.5625,5.3125],"tintindex":0,"rotation":0,"texture":"#0"}}},{"from":[9.892866,3.9918797,0.59671426],"to":[10.979712,4.8697166,4.609683],"faces":{"east":{"uv":[6.125,7.75,6.375,7.8125],"tintindex":0,"rotation":0,"texture":"#0"},"south":{"uv":[4.4375,7.5625,4.5,7.625],"tintindex":0,"rotation":0,"texture":"#0"},"north":{"uv":[7.4375,3.0625,7.5,3.125],"tintindex":0,"rotation":0,"texture":"#0"},"west":{"uv":[7.75,6.25,8.0,6.3125],"tintindex":0,"rotation":0,"texture":"#0"},"up":{"uv":[4.75,8.0,4.6875,7.75],"tintindex":0,"rotation":0,"texture":"#0"},"down":{"uv":[4.8125,7.75,4.75,8.0],"tintindex":0,"rotation":0,"texture":"#0"}},"rotation":{"origin":[8.0,6.2,3.3000002],"angle":-22.5,"axis":"y"}},{"from":[6.285145,5.0224056,6.3048143],"to":[9.290184,8.619845,9.176654],"faces":{"east":{"uv":[7.0,3.6875,7.1875,3.9375],"tintindex":0,"rotation":0,"texture":"#0"},"south":{"uv":[6.75,1.625,7.0,1.875],"tintindex":0,"rotation":0,"texture":"#0"},"north":{"uv":[0.625,6.75,0.875,7.0],"tintindex":0,"rotation":0,"texture":"#0"},"west":{"uv":[7.0,4.5625,7.1875,4.8125],"tintindex":0,"rotation":0,"texture":"#0"},"up":{"uv":[5.0,3.5625,4.75,3.375],"tintindex":0,"rotation":0,"texture":"#0"},"down":{"uv":[1.625,6.125,1.375,6.3125],"tintindex":0,"rotation":0,"texture":"#0"}}},{"from":[5.8582244,3.6755052,5.889914],"to":[10.038401,4.929558,9.861081],"faces":{"east":{"uv":[2.375,6.625,2.625,6.6875],"tintindex":0,"rotation":0,"texture":"#0"},"south":{"uv":[3.75,7.75,4.0,7.8125],"tintindex":0,"rotation":0,"texture":"#0"},"north":{"uv":[6.5,3.3125,6.75,3.375],"tintindex":0,"rotation":0,"texture":"#0"},"west":{"uv":[7.75,4.625,8.0,4.6875],"tintindex":0,"rotation":0,"texture":"#0"},"up":{"uv":[7.0,3.125,6.75,2.875],"tintindex":0,"rotation":0,"texture":"#0"},"down":{"uv":[7.0,3.3125,6.75,3.5625],"tintindex":0,"rotation":0,"texture":"#0"}}},{"from":[9.474849,3.782871,1.4327495],"to":[11.39773,5.078726,2.519595],"faces":{"east":{"uv":[7.375,0.4375,7.4375,0.5],"tintindex":0,"rotation":0,"texture":"#0"},"south":{"uv":[1.875,8.0625,2.0,8.125],"tintindex":0,"rotation":0,"texture":"#0"},"north":{"uv":[8.0625,1.75,8.1875,1.8125],"tintindex":0,"rotation":0,"texture":"#0"},"west":{"uv":[4.5,7.375,4.5625,7.4375],"tintindex":0,"rotation":0,"texture":"#0"},"up":{"uv":[8.1875,2.0,8.0625,1.9375],"tintindex":0,"rotation":0,"texture":"#0"},"down":{"uv":[8.1875,2.0,8.0625,2.0625],"tintindex":0,"rotation":0,"texture":"#0"}},"rotation":{"origin":[8.0,6.2,3.3000002],"angle":-22.5,"axis":"y"}},{"from":[7.025573,3.782871,1.4158814],"to":[8.948454,5.078726,2.5027268],"faces":{"east":{"uv":[6.75,4.0625,6.8125,4.125],"tintindex":0,"rotation":0,"texture":"#0"},"south":{"uv":[8.0625,1.5,8.1875,1.5625],"tintindex":0,"rotation":0,"texture":"#0"},"north":{"uv":[8.0625,1.375,8.1875,1.4375],"tintindex":0,"rotation":0,"texture":"#0"},"west":{"uv":[6.4375,6.8125,6.5,6.875],"tintindex":0,"rotation":0,"texture":"#0"},"up":{"uv":[8.1875,1.625,8.0625,1.5625],"tintindex":0,"rotation":0,"texture":"#0"},"down":{"uv":[8.1875,1.625,8.0625,1.6875],"tintindex":0,"rotation":0,"texture":"#0"}}},{"from":[9.474849,3.9918797,3.3138287],"to":[11.39773,5.496743,6.4907627],"faces":{"east":{"uv":[7.0,5.0,7.1875,5.0625],"tintindex":0,"rotation":0,"texture":"#0"},"south":{"uv":[1.75,8.0625,1.875,8.125],"tintindex":0,"rotation":0,"texture":"#0"},"north":{"uv":[8.0625,1.6875,8.1875,1.75],"tintindex":0,"rotation":0,"texture":"#0"},"west":{"uv":[7.875,0.375,8.0625,0.4375],"tintindex":0,"rotation":0,"texture":"#0"},"up":{"uv":[5.6875,7.75,5.5625,7.5625],"tintindex":0,"rotation":0,"texture":"#0"},"down":{"uv":[5.8125,7.5625,5.6875,7.75],"tintindex":0,"rotation":0,"texture":"#0"}},"rotation":{"origin":[8.0,6.2,3.3000002],"angle":-22.5,"axis":"y"}},{"from":[7.44359,3.9918797,0.57984567],"to":[8.5304365,4.8697166,4.592815],"faces":{"east":{"uv":[5.5625,7.75,5.8125,7.8125],"tintindex":0,"rotation":0,"texture":"#0"},"south":{"uv":[7.0,7.1875,7.0625,7.25],"tintindex":0,"rotation":0,"texture":"#0"},"north":{"uv":[7.0625,0.8125,7.125,0.875],"tintindex":0,"rotation":0,"texture":"#0"},"west":{"uv":[5.8125,7.75,6.0625,7.8125],"tintindex":0,"rotation":0,"texture":"#0"},"up":{"uv":[6.0625,3.875,6.0,3.625],"tintindex":0,"rotation":0,"texture":"#0"},"down":{"uv":[6.5,2.875,6.4375,3.125],"tintindex":0,"rotation":0,"texture":"#0"}}},{"from":[6.459353,3.782871,1.4228098],"to":[8.382235,5.078726,2.5096557],"faces":{"east":{"uv":[1.1875,4.3125,1.25,4.375],"tintindex":0,"rotation":0,"texture":"#0"},"south":{"uv":[3.0625,7.375,3.1875,7.4375],"tintindex":0,"rotation":0,"texture":"#0"},"north":{"uv":[2.4375,7.125,2.5625,7.1875],"tintindex":0,"rotation":0,"texture":"#0"},"west":{"uv":[5.0625,4.3125,5.125,4.375],"tintindex":0,"rotation":0,"texture":"#0"},"up":{"uv":[7.5625,4.3125,7.4375,4.25],"tintindex":0,"rotation":0,"texture":"#0"},"down":{"uv":[7.5625,5.125,7.4375,5.1875],"tintindex":0,"rotation":0,"texture":"#0"}},"rotation":{"origin":[8.274812,7.6392994,8.136314],"angle":22.5,"axis":"y"}},{"from":[6.877371,3.9918797,0.58677506],"to":[7.9642167,4.8697166,4.599744],"faces":{"east":{"uv":[7.75,4.8125,8.0,4.875],"tintindex":0,"rotation":0,"texture":"#0"},"south":{"uv":[0.5,6.625,0.5625,6.6875],"tintindex":0,"rotation":0,"texture":"#0"},"north":{"uv":[5.3125,5.4375,5.375,5.5],"tintindex":0,"rotation":0,"texture":"#0"},"west":{"uv":[7.75,4.875,8.0,4.9375],"tintindex":0,"rotation":0,"texture":"#0"},"up":{"uv":[5.0,5.4375,4.9375,5.1875],"tintindex":0,"rotation":0,"texture":"#0"},"down":{"uv":[4.125,5.5,4.0625,5.75],"tintindex":0,"rotation":0,"texture":"#0"}},"rotation":{"origin":[8.274812,7.6392994,8.136314],"angle":22.5,"axis":"y"}},{"from":[6.046332,5.304201,5.870886],"to":[9.850292,6.8090653,9.04782],"faces":{"east":{"uv":[1.8125,4.75,2.0,4.8125],"tintindex":0,"rotation":0,"texture":"#0"},"south":{"uv":[6.3125,6.25,6.5625,6.3125],"tintindex":0,"rotation":0,"texture":"#0"},"north":{"uv":[5.8125,4.5625,6.0625,4.625],"tintindex":0,"rotation":0,"texture":"#0"},"west":{"uv":[1.0,4.8125,1.1875,4.875],"tintindex":0,"rotation":0,"texture":"#0"},"up":{"uv":[7.25,5.0,7.0,4.8125],"tintindex":0,"rotation":0,"texture":"#0"},"down":{"uv":[7.25,5.3125,7.0,5.5],"tintindex":0,"rotation":0,