{"textures":{"0":"modelengine:entity/nocsy_skeleton_brute2_skin"},"elements":[{"from":[7.1204796,6.0292797,5.55408],"to":[10.74552,9.246719,9.04592],"faces":{"east":{"uv":[7.4375,0.4375,7.625,0.625],"tintindex":0,"rotation":0,"texture":"#0"},"south":{"uv":[7.125,0.3125,7.375,0.5],"tintindex":0,"rotation":0,"texture":"#0"},"north":{"uv":[7.0625,6.9375,7.3125,7.125],"tintindex":0,"rotation":0,"texture":"#0"},"west":{"uv":[7.4375,0.625,7.625,0.8125],"tintindex":0,"rotation":0,"texture":"#0"},"up":{"uv":[7.375,1.0,7.125,0.8125],"tintindex":0,"rotation":0,"texture":"#0"},"down":{"uv":[1.125,7.125,0.875,7.3125],"tintindex":0,"rotation":0,"texture":"#0"}}},{"from":[8.520479,-6.2707205,5.6540794],"to":[9.84552,7.94672,7.1459203],"faces":{"east":{"uv":[6.125,6.875,6.1875,7.75],"tintindex":0,"rotation":0,"texture":"#0"},"south":{"uv":[0.3125,6.9375,0.375,7.8125],"tintindex":0,"rotation":0,"texture":"#0"},"north":{"uv":[4.8125,6.875,4.875,7.75],"tintindex":0,"rotation":0,"texture":"#0"},"west":{"uv":[1.625,6.9375,1.6875,7.8125],"tintindex":0,"rotation":0,"texture":"#0"},"up":{"uv":[1.0625,8.25,1.0,8.1875],"tintindex":0,"rotation":0,"texture":"#0"},"down":{"uv":[8.25,1.0,8.1875,1.0625],"tintindex":0,"rotation":0,"texture":"#0"}}},{"from":[8.530479,-6.2607203,8.16408],"to":[9.83552,7.93672,9.03592],"faces":{"east":{"uv":[5.0625,6.625,5.125,7.5],"tintindex":0,"rotation":0,"texture":"#0"},"south":{"uv":[4.25,6.875,4.3125,7.75],"tintindex":0,"rotation":0,"texture":"#0"},"north":{"uv":[3.5,6.5625,3.5625,7.4375],"tintindex":0,"rotation":0,"texture":"#0"},"west":{"uv":[4.75,6.875,4.8125,7.75],"tintindex":0,"rotation":0,"texture":"#0"},"up":{"uv":[1.0,8.25,0.9375,8.1875],"tintindex":0,"rotation":0,"texture":"#0"},"down":{"uv":[8.25,0.9375,8.1875,1.0],"tintindex":0,"rotation":0,"texture":"#0"}}}],"display":{"gui":{"rotation":[30,225,0]}}}