{"textures":{"0":"modelengine:entity/jester"},"elements":[{"from":[5.8939342,12.552151,7.219471],"to":[9.893934,16.55215,11.219471],"faces":{"east":{"uv":[7.1375,3.1375,7.6125,3.6125],"tintindex":0,"rotation":0,"texture":"#0"},"south":{"uv":[3.2625,7.1375,3.7375,7.6125],"tintindex":0,"rotation":0,"texture":"#0"},"north":{"uv":[7.1375,2.6375,7.6125,3.1125],"tintindex":0,"rotation":0,"texture":"#0"},"west":{"uv":[7.1375,3.6375,7.6125,4.1125],"tintindex":0,"rotation":0,"texture":"#0"},"up":{"uv":[7.6125,4.6125,7.1375,4.1375],"tintindex":0,"rotation":0,"texture":"#0"},"down":{"uv":[4.9875,7.1375,4.5125,7.6125],"tintindex":0,"rotation":0,"texture":"#0"}},"rotation":{"origin":[10.393934,15.052151,10.219471],"angle":45.0,"axis":"x"}},{"from":[5.3939342,10.371834,5.527997],"to":[10.393934,14.371834,10.527997],"faces":{"east":{"uv":[6.5125,4.5125,7.1125,4.9875],"tintindex":0,"rotation":0,"texture":"#0"},"south":{"uv":[0.6375,6.6375,1.2375,7.1125],"tintindex":0,"rotation":0,"texture":"#0"},"north":{"uv":[4.0125,6.5125,4.6125,6.9875],"tintindex":0,"rotation":0,"texture":"#0"},"west":{"uv":[6.6375,1.0125,7.2375,1.4875],"tintindex":0,"rotation":0,"texture":"#0"},"up":{"uv":[6.4875,2.8625,5.8875,2.2625],"tintindex":0,"rotation":0,"texture":"#0"},"down":{"uv":[6.4875,2.8875,5.8875,3.4875],"tintindex":0,"rotation":0,"texture":"#0"}},"rotation":{"origin":[9.893934,12.871834,8.527997],"angle":22.5,"axis":"x"}},{"from":[6.3939342,17.648602,10.269841],"to":[9.393934,19.648602,13.269841],"faces":{"east":{"uv":[4.5125,7.6375,4.8625,7.8625],"tintindex":0,"rotation":0,"texture":"#0"},"south":{"uv":[7.6375,5.5125,7.9875,5.7375],"tintindex":0,"rotation":0,"texture":"#0"},"north":{"uv":[7.6375,4.2625,7.9875,4.4875],"tintindex":0,"rotation":0,"texture":"#0"},"west":{"uv":[7.6375,5.7625,7.9875,5.9875],"tintindex":0,"rotation":0,"texture":"#0"},"up":{"uv":[7.9875,2.6125,7.6375,2.2625],"tintindex":0,"rotation":0,"texture":"#0"},"down":{"uv":[7.9875,2.6375,7.6375,2.9875],"tintindex":0,"rotation":0,"texture":"#0"}},"rotation":{"origin":[10.893934,16.148602,13.269841],"angle":-22.5,"axis":"x"}},{"from":[4.8939342,7.710186,4.7996497],"to":[10.893934,11.710186,10.79965],"faces":{"east":{"uv":[6.5125,0.5125,7.2375,0.9875],"tintindex":0,"rotation":0,"texture":"#0"},"south":{"uv":[6.5125,1.6375,7.2375,2.1125],"tintindex":0,"rotation":0,"texture":"#0"},"north":{"uv":[6.3875,4.0125,7.1125,4.4875],"tintindex":0,"rotation":0,"texture":"#0"},"west":{"uv":[2.1375,6.5125,2.8625,6.9875],"tintindex":0,"rotation":0,"texture":"#0"},"up":{"uv":[5.7375,4.4875,5.0125,3.7625],"tintindex":0,"rotation":0,"texture":"#0"},"down":{"uv":[4.6125,5.0125,3.8875,5.7375],"tintindex":0,"rotation":0,"texture":"#0"}}},{"from":[6.3939342,17.898602,12.519841],"to":[9.393934,20.898602,15.519841],"faces":{"east":{"uv":[7.6375,0.3875,7.9875,0.7375],"tintindex":0,"rotation":0,"texture":"#0"},"south":{"uv":[7.6375,0.7625,7.9875,1.1125],"tintindex":0,"rotation":0,"texture":"#0"},"north":{"uv":[0.3875,7.6375,0.7375,7.9875],"tintindex":0,"rotation":0,"texture":"#0"},"west":{"uv":[7.6375,1.1375,7.9875,1.4875],"tintindex":0,"rotation":0,"texture":"#0"},"up":{"uv":[7.9875,1.8625,7.6375,1.5125],"tintindex":0,"rotation":0,"texture":"#0"},"down":{"uv":[7.9875,1.8875,7.6375,2.2375],"tintindex":0,"rotation":0,"texture":"#0"}},"rotation":{"origin":[7.8939342,19.148602,14.769841],"angle":-45.0,"axis":"y"}}],"display":{"gui":{"rotation":[30,225,0]}}}