{"textures":{"0":"modelengine:entity/jester"},"elements":[{"from":[5.1060658,7.710186,4.7996497],"to":[11.106066,11.710186,10.79965],"faces":{"east":{"uv":[6.3875,0.0125,7.1125,0.4875],"tintindex":0,"rotation":0,"texture":"#0"},"south":{"uv":[1.3875,6.3875,2.1125,6.8625],"tintindex":0,"rotation":0,"texture":"#0"},"north":{"uv":[6.2625,5.0125,6.9875,5.4875],"tintindex":0,"rotation":0,"texture":"#0"},"west":{"uv":[6.3875,3.5125,7.1125,3.9875],"tintindex":0,"rotation":0,"texture":"#0"},"up":{"uv":[3.1125,5.7375,2.3875,5.0125],"tintindex":0,"rotation":0,"texture":"#0"},"down":{"uv":[3.8625,5.0125,3.1375,5.7375],"tintindex":0,"rotation":0,"texture":"#0"}}},{"from":[6.6060658,17.898602,12.519841],"to":[9.606066,20.898602,15.519841],"faces":{"east":{"uv":[6.5125,3.1375,6.8625,3.4875],"tintindex":0,"rotation":0,"texture":"#0"},"south":{"uv":[7.1375,4.6375,7.4875,4.9875],"tintindex":0,"rotation":0,"texture":"#0"},"north":{"uv":[5.7625,4.1375,6.1125,4.4875],"tintindex":0,"rotation":0,"texture":"#0"},"west":{"uv":[7.2625,1.7625,7.6125,2.1125],"tintindex":0,"rotation":0,"texture":"#0"},"up":{"uv":[7.8625,5.4875,7.5125,5.1375],"tintindex":0,"rotation":0,"texture":"#0"},"down":{"uv":[7.8625,7.1375,7.5125,7.4875],"tintindex":0,"rotation":0,"texture":"#0"}},"rotation":{"origin":[8.106066,19.148602,14.769841],"angle":45.0,"axis":"y"}},{"from":[6.6060658,17.648602,10.269841],"to":[9.606066,19.648602,13.269841],"faces":{"east":{"uv":[7.6375,3.5125,7.9875,3.7375],"tintindex":0,"rotation":0,"texture":"#0"},"south":{"uv":[7.6375,3.7625,7.9875,3.9875],"tintindex":0,"rotation":0,"texture":"#0"},"north":{"uv":[7.6375,3.2625,7.9875,3.4875],"tintindex":0,"rotation":0,"texture":"#0"},"west":{"uv":[7.6375,4.0125,7.9875,4.2375],"tintindex":0,"rotation":0,"texture":"#0"},"up":{"uv":[7.6125,7.8625,7.2625,7.5125],"tintindex":0,"rotation":0,"texture":"#0"},"down":{"uv":[7.9875,0.0125,7.6375,0.3625],"tintindex":0,"rotation":0,"texture":"#0"}},"rotation":{"origin":[5.1060658,16.148602,13.269841],"angle":-22.5,"axis":"x"}},{"from":[5.6060658,10.371834,5.527997],"to":[10.606066,14.371834,10.527997],"faces":{"east":{"uv":[6.5125,2.1375,7.1125,2.6125],"tintindex":0,"rotation":0,"texture":"#0"},"south":{"uv":[6.5125,2.6375,7.1125,3.1125],"tintindex":0,"rotation":0,"texture":"#0"},"north":{"uv":[0.0125,6.5125,0.6125,6.9875],"tintindex":0,"rotation":0,"texture":"#0"},"west":{"uv":[2.8875,6.5125,3.4875,6.9875],"tintindex":0,"rotation":0,"texture":"#0"},"up":{"uv":[0.6125,6.4875,0.0125,5.8875],"tintindex":0,"rotation":0,"texture":"#0"},"down":{"uv":[6.4875,0.5125,5.8875,1.1125],"tintindex":0,"rotation":0,"texture":"#0"}},"rotation":{"origin":[6.1060658,12.871834,8.527997],"angle":22.5,"axis":"x"}},{"from":[6.1060658,12.552151,7.219471],"to":[10.106066,16.55215,11.219471],"faces":{"east":{"uv":[7.0125,6.5125,7.4875,6.9875],"tintindex":0,"rotation":0,"texture":"#0"},"south":{"uv":[7.0125,7.0125,7.4875,7.4875],"tintindex":0,"rotation":0,"texture":"#0"},"north":{"uv":[5.1375,7.0125,5.6125,7.4875],"tintindex":0,"rotation":0,"texture":"#0"},"west":{"uv":[7.1375,0.0125,7.6125,0.4875],"tintindex":0,"rotation":0,"texture":"#0"},"up":{"uv":[0.9875,7.6125,0.5125,7.1375],"tintindex":0,"rotation":0,"texture":"#0"},"down":{"uv":[7.6125,2.1375,7.1375,2.6125],"tintindex":0,"rotation":0,"texture":"#0"}},"rotation":{"origin":[5.6060658,15.052151,10.219471],"angle":45.0,"axis":"x"}}],"display":{"gui":{"rotation":[30,225,0]}}}