{"textures":{"0":"modelengine:entity/jester"},"elements":[{"from":[6.55,2.0,8.0],"to":[9.55,8.0,12.0],"faces":{"east":{"uv":[5.1125,6.3875,4.6375,7.1125],"tintindex":0,"rotation":0,"texture":"#0"},"south":{"uv":[6.4875,6.6375,6.1375,7.3625],"tintindex":0,"rotation":0,"texture":"#0"},"north":{"uv":[6.1125,6.6375,5.7625,7.3625],"tintindex":0,"rotation":0,"texture":"#0"},"west":{"uv":[3.9875,6.3875,3.5125,7.1125],"tintindex":0,"rotation":0,"texture":"#0"},"up":{"uv":[7.5125,7.1125,7.8625,6.6375],"tintindex":0,"rotation":0,"texture":"#0"},"down":{"uv":[6.8875,7.5125,7.2375,7.9875],"tintindex":0,"rotation":0,"texture":"#0"}}},{"from":[6.5,2.0,6.0],"to":[9.5,4.0,8.0],"faces":{"east":{"uv":[0.8625,5.8875,0.6375,6.1125],"tintindex":0,"rotation":0,"texture":"#0"},"south":{"uv":[1.1125,7.8875,0.7625,8.1125],"tintindex":0,"rotation":0,"texture":"#0"},"north":{"uv":[7.9875,7.7625,7.6375,7.9875],"tintindex":0,"rotation":0,"texture":"#0"},"west":{"uv":[1.9875,3.7625,1.7625,3.9875],"tintindex":0,"rotation":0,"texture":"#0"},"up":{"uv":[1.1375,8.1125,1.4875,7.8875],"tintindex":0,"rotation":0,"texture":"#0"},"down":{"uv":[3.2625,7.8875,3.6125,8.1125],"tintindex":0,"rotation":0,"texture":"#0"}}},{"from":[7.0,2.1213202,4.2928934],"to":[9.0,4.1213202,6.2928934],"faces":{"east":{"uv":[7.1125,3.1375,6.8875,3.3625],"tintindex":0,"rotation":0,"texture":"#0"},"south":{"uv":[5.9875,6.2625,5.7625,6.4875],"tintindex":0,"rotation":0,"texture":"#0"},"north":{"uv":[1.6125,6.1375,1.3875,6.3625],"tintindex":0,"rotation":0,"texture":"#0"},"west":{"uv":[6.3625,4.1375,6.1375,4.3625],"tintindex":0,"rotation":0,"texture":"#0"},"up":{"uv":[1.0125,7.3625,1.2375,7.1375],"tintindex":0,"rotation":0,"texture":"#0"},"down":{"uv":[3.7625,7.1375,3.9875,7.3625],"tintindex":0,"rotation":0,"texture":"#0"}},"rotation":{"origin":[7.5,4.1213202,5.2928934],"angle":-45.0,"axis":"x"}}],"display":{"gui":{"rotation":[30,225,0]}}}