{"textures":{"0":"modelengine:entity/jester"},"elements":[{"from":[7.0,2.1213202,4.2928934],"to":[9.0,4.1213202,6.2928934],"faces":{"east":{"uv":[6.1375,4.1375,6.3625,4.3625],"tintindex":0,"rotation":0,"texture":"#0"},"south":{"uv":[5.7625,6.2625,5.9875,6.4875],"tintindex":0,"rotation":0,"texture":"#0"},"north":{"uv":[1.3875,6.1375,1.6125,6.3625],"tintindex":0,"rotation":0,"texture":"#0"},"west":{"uv":[6.8875,3.1375,7.1125,3.3625],"tintindex":0,"rotation":0,"texture":"#0"},"up":{"uv":[1.2375,7.3625,1.0125,7.1375],"tintindex":0,"rotation":0,"texture":"#0"},"down":{"uv":[3.9875,7.1375,3.7625,7.3625],"tintindex":0,"rotation":0,"texture":"#0"}},"rotation":{"origin":[8.5,4.1213202,5.2928934],"angle":-45.0,"axis":"x"}},{"from":[6.5,2.0,6.0],"to":[9.5,4.0,8.0],"faces":{"east":{"uv":[1.7625,3.7625,1.9875,3.9875],"tintindex":0,"rotation":0,"texture":"#0"},"south":{"uv":[0.7625,7.8875,1.1125,8.1125],"tintindex":0,"rotation":0,"texture":"#0"},"north":{"uv":[7.6375,7.7625,7.9875,7.9875],"tintindex":0,"rotation":0,"texture":"#0"},"west":{"uv":[0.6375,5.8875,0.8625,6.1125],"tintindex":0,"rotation":0,"texture":"#0"},"up":{"uv":[1.4875,8.1125,1.1375,7.8875],"tintindex":0,"rotation":0,"texture":"#0"},"down":{"uv":[3.6125,7.8875,3.2625,8.1125],"tintindex":0,"rotation":0,"texture":"#0"}}},{"from":[6.45,2.0,8.0],"to":[9.45,8.0,12.0],"faces":{"east":{"uv":[3.5125,6.3875,3.9875,7.1125],"tintindex":0,"rotation":0,"texture":"#0"},"south":{"uv":[6.1375,6.6375,6.4875,7.3625],"tintindex":0,"rotation":0,"texture":"#0"},"north":{"uv":[5.7625,6.6375,6.1125,7.3625],"tintindex":0,"rotation":0,"texture":"#0"},"west":{"uv":[4.6375,6.3875,5.1125,7.1125],"tintindex":0,"rotation":0,"texture":"#0"},"up":{"uv":[7.8625,7.1125,7.5125,6.6375],"tintindex":0,"rotation":0,"texture":"#0"},"down":{"uv":[7.2375,7.5125,6.8875,7.9875],"tintindex":0,"rotation":0,"texture":"#0"}}}],"display":{"gui":{"rotation":[30,225,0]}}}