{"textures":{"1":"modelengine:entity/frostsaber"},"elements":[{"from":[7.33571,6.927535,5.124095],"to":[8.72052,8.05737,10.043605],"faces":{"east":{"uv":[9.375,3.25,10.625,3.5625],"tintindex":0,"rotation":0,"texture":"#1"},"south":{"uv":[4.5,11.25,4.875,11.5625],"tintindex":0,"rotation":0,"texture":"#1"},"north":{"uv":[3.625,11.25,4.0,11.5625],"tintindex":0,"rotation":0,"texture":"#1"},"west":{"uv":[9.5,0.0,10.75,0.3125],"tintindex":0,"rotation":0,"texture":"#1"},"up":{"uv":[0.875,10.125,0.5,8.875],"tintindex":0,"rotation":0,"texture":"#1"},"down":{"uv":[1.25,8.875,0.875,10.125],"tintindex":0,"rotation":0,"texture":"#1"}},"rotation":{"origin":[5.81085,4.50267,7.908795],"angle":45.0,"axis":"x"}},{"from":[7.4373703,4.417935,14.248535],"to":[8.618865,5.79943,17.338045],"faces":{"east":{"uv":[9.875,4.875,10.625,5.25],"tintindex":0,"rotation":0,"texture":"#1"},"south":{"uv":[6.125,11.25,6.4375,11.625],"tintindex":0,"rotation":0,"texture":"#1"},"north":{"uv":[11.25,5.875,11.5625,6.25],"tintindex":0,"rotation":0,"texture":"#1"},"west":{"uv":[9.875,5.25,10.625,5.625],"tintindex":0,"rotation":0,"texture":"#1"},"up":{"uv":[4.9375,10.75,4.625,10.0],"tintindex":0,"rotation":0,"texture":"#1"},"down":{"uv":[10.3125,5.625,10.0,6.375],"tintindex":0,"rotation":0,"texture":"#1"}},"rotation":{"origin":[8.403114,4.48368,16.99329],"angle":-22.5,"axis":"x"}},{"from":[7.482395,7.32595,17.42893],"to":[8.523835,8.6091,20.1386],"faces":{"east":{"uv":[6.875,10.125,7.5625,10.4375],"tintindex":0,"rotation":0,"texture":"#1"},"south":{"uv":[8.0,11.625,8.25,11.9375],"tintindex":0,"rotation":0,"texture":"#1"},"north":{"uv":[11.625,7.75,11.875,8.0625],"tintindex":0,"rotation":0,"texture":"#1"},"west":{"uv":[10.125,6.875,10.8125,7.1875],"tintindex":0,"rotation":0,"texture":"#1"},"up":{"uv":[5.5,11.1875,5.25,10.5],"tintindex":0,"rotation":0,"texture":"#1"},"down":{"uv":[0.625,10.625,0.375,11.3125],"tintindex":0,"rotation":0,"texture":"#1"}},"rotation":{"origin":[5.81085,5.714345,20.78363],"angle":-45.0,"axis":"x"}},{"from":[7.332395,3.825675,9.87284],"to":[8.723835,5.11214,13.76235],"faces":{"east":{"uv":[9.75,3.625,10.75,3.9375],"tintindex":0,"rotation":0,"texture":"#1"},"south":{"uv":[11.25,5.5,11.625,5.8125],"tintindex":0,"rotation":0,"texture":"#1"},"north":{"uv":[4.875,11.25,5.25,11.5625],"tintindex":0,"rotation":0,"texture":"#1"},"west":{"uv":[6.875,9.75,7.875,10.0625],"tintindex":0,"rotation":0,"texture":"#1"},"up":{"uv":[0.375,10.375,0.0,9.375],"tintindex":0,"rotation":0,"texture":"#1"},"down":{"uv":[8.25,9.375,7.875,10.375],"tintindex":0,"rotation":0,"texture":"#1"}},"rotation":{"origin":[5.81085,1.45294,12.78836],"angle":22.5,"axis":"x"}}],"display":{"gui":{"rotation":[30,225,0]}}}