{"textures":{"0":"modelengine:entity/ender_dragon"},"elements":[{"from":[13.083334,-5.083334,-0.33333397],"to":[19.416668,8.5,7.3333335],"faces":{"east":{"uv":[6.9296875,3.03125,6.75,3.3515625],"tintindex":0,"rotation":0,"texture":"#0"},"south":{"uv":[5.1015625,6.96875,4.953125,7.2890625],"tintindex":0,"rotation":0,"texture":"#0"},"north":{"uv":[5.1015625,6.96875,4.953125,7.2890625],"tintindex":0,"rotation":0,"texture":"#0"},"west":{"uv":[6.921875,1.46875,6.7421875,1.7890625],"tintindex":0,"rotation":0,"texture":"#0"},"up":{"uv":[4.9296875,0.625,5.078125,0.4453125],"tintindex":0,"rotation":0,"texture":"#0"},"down":{"uv":[6.9375,1.9921875,7.0859375,2.171875],"tintindex":0,"rotation":0,"texture":"#0"}},"rotation":{"origin":[18.333334,4.5416665,4.5],"angle":-22.5,"axis":"z"}},{"from":[13.083334,-2.416667,8.533334],"to":[19.416668,11.166667,15.200001],"faces":{"east":{"uv":[1.234375,3.453125,1.078125,3.7734375],"tintindex":0,"rotation":0,"texture":"#0"},"south":{"uv":[5.1015625,6.9609375,4.953125,7.28125],"tintindex":0,"rotation":0,"texture":"#0"},"north":{"uv":[5.1015625,6.9609375,4.953125,7.28125],"tintindex":0,"rotation":0,"texture":"#0"},"west":{"uv":[1.59375,1.8671875,1.4375,2.1875],"tintindex":0,"rotation":0,"texture":"#0"},"up":{"uv":[2.4375,4.296875,2.5859375,4.140625],"tintindex":0,"rotation":0,"texture":"#0"},"down":{"uv":[7.4453125,7.203125,7.59375,7.359375],"tintindex":0,"rotation":0,"texture":"#0"}},"rotation":{"origin":[18.333334,4.5416665,1.3666668],"angle":-22.5,"axis":"z"}},{"from":[-3.333334,6.6666665,-7.0],"to":[19.333334,13.666667,25.0],"faces":{"east":{"uv":[5.234375,0.234375,5.984375,0.3984375],"tintindex":0,"rotation":0,"texture":"#0"},"south":{"uv":[6.0859375,3.6171875,6.6171875,3.78125],"tintindex":0,"rotation":0,"texture":"#0"},"north":{"uv":[6.0234375,2.6171875,6.5546875,2.78125],"tintindex":0,"rotation":0,"texture":"#0"},"west":{"uv":[5.265625,2.3125,6.015625,2.4765625],"tintindex":0,"rotation":0,"texture":"#0"},"up":{"uv":[2.859375,1.890625,2.328125,1.140625],"tintindex":0,"rotation":0,"texture":"#0"},"down":{"uv":[0.53125,2.4375,0.0,3.1875],"tintindex":0,"rotation":0,"texture":"#0"}}},{"from":[6.826667,25.306713,3.9458714],"to":[9.173333,31.360046,8.332538],"faces":{"east":{"uv":[2.890625,8.03125,2.9375,8.078125],"tintindex":0,"rotation":0,"texture":"#0"},"south":{"uv":[5.6171875,8.015625,5.671875,8.0625],"tintindex":0,"rotation":0,"texture":"#0"},"north":{"uv":[8.015625,3.65625,8.0703125,3.703125],"tintindex":0,"rotation":0,"texture":"#0"},"west":{"uv":[2.9375,8.03125,2.984375,8.078125],"tintindex":0,"rotation":0,"texture":"#0"},"up":{"uv":[8.0703125,5.9453125,8.015625,5.8984375],"tintindex":0,"rotation":0,"texture":"#0"},"down":{"uv":[6.1328125,8.015625,6.078125,8.0625],"tintindex":0,"rotation":0,"texture":"#0"}}},{"from":[0.16666651,-4.0,8.866667],"to":[15.833334,3.0,14.866667],"faces":{"east":{"uv":[1.28125,7.46875,1.421875,7.6328125],"tintindex":0,"rotation":0,"texture":"#0"},"south":{"uv":[6.6796875,2.4375,7.046875,2.6015625],"tintindex":0,"rotation":0,"texture":"#0"},"north":{"uv":[6.671875,1.3046875,7.0390625,1.46875],"tintindex":0,"rotation":0,"texture":"#0"},"west":{"uv":[2.0546875,7.46875,2.1953125,7.6328125],"tintindex":0,"rotation":0,"texture":"#0"},"up":{"uv":[2.4375,4.28125,2.0703125,4.140625],"tintindex":0,"rotation":0,"texture":"#0"},"down":{"uv":[7.1171875,4.265625,6.75,4.40625],"tintindex":0,"rotation":0,"texture":"#0"}}},{"from":[0.16666651,-2.25,17.866667],"to":[15.833334,4.75,23.866667],"faces":{"east":{"uv":[6.9453125,7.46875,7.0859375,7.6328125],"tintindex":0,"rotation":0,"texture":"#0"},"south":{"uv":[6.71875,2.171875,7.0859375,2.3359375],"tintindex":0,"rotation":0,"texture":"#0"},"north":{"uv":[6.6875,3.7734375,7.0546875,3.9375],"tintindex":0,"rotation":0,"texture":"#0"},"west":{"uv":[7.4765625,6.0078125,7.6171875,6.171875],"tintindex":0,"rotation":0,"texture":"#0"},"up":{"uv":[7.2109375,3.640625,6.84375,3.5],"tintindex":0,"rotation":0,"texture":"#0"},"down":{"uv":[4.3984375,6.84375,4.03125,6.984375],"tintindex":0,"rotation":0,"texture":"#0"}}},{"from":[6.9733334,18.379843,0.17643023],"to":[9.026667,25.739843,3.8964305],"faces":{"east":{"uv":[0.4140625,7.734375,0.4609375,7.84375],"tintindex":0,"rotation":0,"texture":"#0"},"south":{"uv":[7.8984375,7.9609375,7.9453125,8.0703125],"tintindex":0,"rotation":0,"texture":"#0"},"north":{"uv":[2.3671875,7.390625,2.4140625,7.5],"tintindex":0,"rotation":0,"texture":"#0"},"west":{"uv":[1.8203125,7.9765625,1.8671875,8.0859375],"tintindex":0,"rotation":0,"texture":"#0"},"up":{"uv":[8.078125,1.5,8.03125,1.453125],"tintindex":0,"rotation":0,"texture":"#0"},"down":{"uv":[8.078125,1.5,8.03125,1.546875],"tintindex":0,"rotation":0,"texture":"#0"}},"rotation":{"origin":[8.146667,24.273178,0.6164303],"angle":45.0,"axis":"x"}},{"from":[-3.416667,-0.666667,17.533333],"to":[2.9166665,12.916667,24.2],"faces":{"east":{"uv":[6.8515625,4.96875,7.0078125,5.2890625],"tintindex":0,"rotation":0,"texture":"#0"},"south":{"uv":[4.953125,6.96875,5.1015625,7.2890625],"tintindex":0,"rotation":0,"texture":"#0"},"north":{"uv":[4.953125,6.96875,5.1015625,7.2890625],"tintindex":0,"rotation":0,"texture":"#0"},"west":{"uv":[3.4609375,6.875,3.6171875,7.1953125],"tintindex":0,"rotation":0,"texture":"#0"},"up":{"uv":[2.828125,7.609375,2.6796875,7.453125],"tintindex":0,"rotation":0,"texture":"#0"},"down":{"uv":[3.1640625,7.453125,3.015625,7.609375],"tintindex":0,"rotation":0,"texture":"#0"}},"rotation":{"origin":[-2.333334,6.2916665,10.366667],"angle":22.5,"axis":"z"}},{"from":[5.9466667,19.286667,2.3866663],"to":[10.053333,26.646667,8.946667],"faces":{"east":{"uv":[4.078125,7.8984375,4.15625,8.0078125],"tintindex":0,"rotation":0,"texture":"#0"},"south":{"uv":[3.6953125,7.859375,3.7890625,7.96875],"tintindex":0,"rotation":0,"texture":"#0"},"north":{"uv":[7.859375,3.6015625,7.953125,3.7109375],"tintindex":0,"rotation":0,"texture":"#0"},"west":{"uv":[4.15625,7.8984375,4.234375,8.0078125],"tintindex":0,"rotation":0,"texture":"#0"},"up":{"uv":[3.6015625,8.0,3.5078125,7.921875],"tintindex":0,"rotation":0,"texture":"#0"},"down":{"uv":[3.6953125,7.921875,3.6015625,8.0],"tintindex":0,"rotation":0,"texture":"#0"}},"rotation":{"origin":[8.0,23.726665,4.0],"angle":22.5,"axis":"x"}},{"from":[0.0,13.666667,-8.666668],"to":[16.0,20.666668,23.0],"faces":{"east":{"uv":[5.265625,2.4765625,6.0078125,2.640625],"tintindex":0,"rotation":0,"texture":"#0"},"south":{"uv":[6.625,5.8515625,7.0,6.015625],"tintindex":0,"rotation":0,"texture":"#0"},"north":{"uv":[6.6171875,2.8671875,6.9921875,3.03125],"tintindex":0,"rotation":0,"texture":"#0"},"west":{"uv":[5.28125,2.640625,6.0234375,2.8046875],"tintindex":0,"rotation":0,"texture":"#0"},"up":{"uv":[1.078125,4.1953125,0.703125,3.453125],"tintindex":0,"rotation":0,"texture":"#0"},"down":{"uv":[1.453125,3.7734375,1.078125,4.515625],"tintindex":0,"rotation":0,"texture":"#0"}}},{"from":[5.9466667,19.286667,18.586668],"to":[10.053333,26.646667,23.48],"faces":{"east":{"uv":[4.078125,7.8984375,4.15625,8.0078125],"tintindex":0,"rotation":0,"texture":"#0"},"south":{"uv":[3.6953125,7.859375,3.7890625,7.96875],"tintindex":0,"rotation":0,"texture":"#0"},"north":{"uv":[7.859375,3.6015625,7.953125,3.7109375],"tintindex":0,"rotation":0,"texture":"#0"},"west":{"uv":[4.15625,7.8984375,4.234375,8.0078125],"tintindex":0,"rotation":0,"texture":"#0"},"up":{"uv":[3.6015625,8.0,3.5078125,7.921875],"tintindex":0,"rotation":0,"texture":"#0"},"down":{"uv":[3.6953125,7.921875,3.6015625,8.0],"tintindex":0,"rotation":0,"texture":"#0"}},"rotation":{"origin":[8.0,23.726665,20.2],"angle":22.5,"axis":"x"}},{"from":[13.083334,-0.666667,17.533333],"to":[19.416668,12.916667,24.2],"faces":{"east":{"uv":[3.6171875,6.875,3.4609375,7.1953125],"tintindex":0,"rotation":0,"texture":"#0"},"south":{"uv":[5.1015625,6.96875,4.953125,7.2890625],"tintindex":0,"rotation":0,"texture":"#0"},"north":{"uv":[5.1015625,6.96875,4.953125,7.2890625],"tintindex":0,"rotation":0,"texture":"#0"},