{"textures":{"0":"modelengine:entity/ender_dragon"},"elements":[{"from":[4.75,0.3924532,-6.7724447],"to":[11.25,8.55912,5.3942223],"faces":{"east":{"uv":[4.1796875,4.1875,4.75,4.5703125],"tintindex":0,"rotation":0,"texture":"#0"},"south":{"uv":[3.59375,5.3515625,3.8984375,5.734375],"tintindex":0,"rotation":0,"texture":"#0"},"north":{"uv":[4.78125,5.3125,5.0859375,5.6953125],"tintindex":0,"rotation":0,"texture":"#0"},"west":{"uv":[2.0703125,4.296875,2.640625,4.6796875],"tintindex":0,"rotation":0,"texture":"#0"},"up":{"uv":[4.6171875,2.8828125,4.3125,2.3125],"tintindex":0,"rotation":0,"texture":"#0"},"down":{"uv":[4.6171875,2.8828125,4.3125,3.453125],"tintindex":0,"rotation":0,"texture":"#0"}}},{"from":[4.75,7.8924537,-6.4391117],"to":[11.25,15.55912,1.7275553],"faces":{"east":{"uv":[4.8828125,2.3125,5.265625,2.671875],"tintindex":0,"rotation":0,"texture":"#0"},"south":{"uv":[5.4921875,3.4296875,5.796875,3.7890625],"tintindex":0,"rotation":0,"texture":"#0"},"north":{"uv":[5.4921875,1.046875,5.796875,1.40625],"tintindex":0,"rotation":0,"texture":"#0"},"west":{"uv":[0.8359375,4.8984375,1.21875,5.2578125],"tintindex":0,"rotation":0,"texture":"#0"},"up":{"uv":[3.59375,5.6328125,3.2890625,5.25],"tintindex":0,"rotation":0,"texture":"#0"},"down":{"uv":[2.0,5.3046875,1.6953125,5.6875],"tintindex":0,"rotation":0,"texture":"#0"}}},{"from":[-0.16666698,4.6535234,-8.676743],"to":[5.6666665,9.653523,2.6565914],"faces":{"east":{"uv":[2.328125,1.890625,2.859375,2.125],"tintindex":0,"rotation":0,"texture":"#0"},"south":{"uv":[6.578125,4.53125,6.8515625,4.765625],"tintindex":0,"rotation":0,"texture":"#0"},"north":{"uv":[6.4765625,4.296875,6.75,4.53125],"tintindex":0,"rotation":0,"texture":"#0"},"west":{"uv":[0.0,3.1875,0.53125,3.421875],"tintindex":0,"rotation":0,"texture":"#0"},"up":{"uv":[0.8359375,5.25,0.5625,4.71875],"tintindex":0,"rotation":0,"texture":"#0"},"down":{"uv":[3.8046875,4.71875,3.53125,5.25],"tintindex":0,"rotation":0,"texture":"#0"}},"rotation":{"origin":[4.333333,5.986857,-4.5934086],"angle":22.5,"axis":"y"}},{"from":[3.75,3.1666665,-12.666668],"to":[12.25,9.0,-7.833334],"faces":{"east":{"uv":[6.6171875,3.5,6.84375,3.7734375],"tintindex":0,"rotation":0,"texture":"#0"},"south":{"uv":[4.078125,5.4921875,4.4765625,5.765625],"tintindex":0,"rotation":0,"texture":"#0"},"north":{"uv":[5.4921875,3.7890625,5.890625,4.0625],"tintindex":0,"rotation":0,"texture":"#0"},"west":{"uv":[6.625,5.578125,6.8515625,5.8515625],"tintindex":0,"rotation":0,"texture":"#0"},"up":{"uv":[6.40625,4.53125,6.0078125,4.3046875],"tintindex":0,"rotation":0,"texture":"#0"},"down":{"uv":[6.4140625,2.1875,6.015625,2.4140625],"tintindex":0,"rotation":0,"texture":"#0"}},"rotation":{"origin":[7.8333335,12.333334,-3.208334],"angle":-22.5,"axis":"x"}},{"from":[10.333334,4.6535234,-8.676743],"to":[16.166668,9.653523,2.6565914],"faces":{"east":{"uv":[5.234375,0.0,5.765625,0.234375],"tintindex":0,"rotation":0,"texture":"#0"},"south":{"uv":[6.578125,5.0,6.8515625,5.234375],"tintindex":0,"rotation":0,"texture":"#0"},"north":{"uv":[6.578125,4.765625,6.8515625,5.0],"tintindex":0,"rotation":0,"texture":"#0"},"west":{"uv":[0.5,5.2578125,1.03125,5.4921875],"tintindex":0,"rotation":0,"texture":"#0"},"up":{"uv":[2.9140625,5.3515625,2.640625,4.8203125],"tintindex":0,"rotation":0,"texture":"#0"},"down":{"uv":[4.078125,4.8203125,3.8046875,5.3515625],"tintindex":0,"rotation":0,"texture":"#0"}},"rotation":{"origin":[11.666667,5.986857,-4.5934086],"angle":-22.5,"axis":"y"}},{"from":[1.4166665,8.5,-11.0],"to":[14.583334,16.166668,-2.833334],"faces":{"east":{"uv":[1.453125,3.7734375,1.8359375,4.1328125],"tintindex":0,"rotation":0,"texture":"#0"},"south":{"uv":[4.1796875,3.828125,4.796875,4.1875],"tintindex":0,"rotation":0,"texture":"#0"},"north":{"uv":[4.15625,3.46875,4.7734375,3.828125],"tintindex":0,"rotation":0,"texture":"#0"},"west":{"uv":[4.828125,1.21875,5.2109375,1.578125],"tintindex":0,"rotation":0,"texture":"#0"},"up":{"uv":[0.6171875,4.34375,0.0,3.9609375],"tintindex":0,"rotation":0,"texture":"#0"},"down":{"uv":[2.0703125,4.140625,1.453125,4.5234375],"tintindex":0,"rotation":0,"texture":"#0"}},"rotation":{"origin":[8.0,12.333334,-3.208334],"angle":-22.5,"axis":"x"}},{"from":[7.4133334,17.195023,-1.3853979],"to":[8.586667,19.055023,-0.025398254],"faces":{"east":{"uv":[2.890625,8.03125,2.9375,8.078125],"tintindex":0,"rotation":0,"texture":"#0"},"south":{"uv":[5.6171875,8.015625,5.671875,8.0625],"tintindex":0,"rotation":0,"texture":"#0"},"north":{"uv":[8.015625,3.65625,8.0703125,3.703125],"tintindex":0,"rotation":0,"texture":"#0"},"west":{"uv":[2.9375,8.03125,2.984375,8.078125],"tintindex":0,"rotation":0,"texture":"#0"},"up":{"uv":[8.0703125,5.9453125,8.015625,5.8984375],"tintindex":0,"rotation":0,"texture":"#0"},"down":{"uv":[6.1328125,8.015625,6.078125,8.0625],"tintindex":0,"rotation":0,"texture":"#0"}}},{"from":[6.9733334,15.143333,-1.8733339],"to":[9.026667,17.656668,0.07333279],"faces":{"east":{"uv":[4.078125,7.8984375,4.15625,8.0078125],"tintindex":0,"rotation":0,"texture":"#0"},"south":{"uv":[3.6953125,7.859375,3.7890625,7.96875],"tintindex":0,"rotation":0,"texture":"#0"},"north":{"uv":[7.859375,3.6015625,7.953125,3.7109375],"tintindex":0,"rotation":0,"texture":"#0"},"west":{"uv":[4.15625,7.8984375,4.234375,8.0078125],"tintindex":0,"rotation":0,"texture":"#0"},"up":{"uv":[3.6015625,8.0,3.5078125,7.921875],"tintindex":0,"rotation":0,"texture":"#0"},"down":{"uv":[3.6953125,7.921875,3.6015625,8.0],"tintindex":0,"rotation":0,"texture":"#0"}},"rotation":{"origin":[8.0,17.363333,-1.0666676],"angle":22.5,"axis":"x"}},{"from":[7.4866667,14.773254,-2.9784508],"to":[8.513333,17.619923,-1.7851181],"faces":{"east":{"uv":[0.4140625,7.734375,0.4609375,7.84375],"tintindex":0,"rotation":0,"texture":"#0"},"south":{"uv":[7.8984375,7.9609375,7.9453125,8.0703125],"tintindex":0,"rotation":0,"texture":"#0"},"north":{"uv":[2.3671875,7.390625,2.4140625,7.5],"tintindex":0,"rotation":0,"texture":"#0"},"west":{"uv":[1.8203125,7.9765625,1.8671875,8.0859375],"tintindex":0,"rotation":0,"texture":"#0"},"up":{"uv":[8.078125,1.5,8.03125,1.453125],"tintindex":0,"rotation":0,"texture":"#0"},"down":{"uv":[8.078125,1.5,8.03125,1.546875],"tintindex":0,"rotation":0,"texture":"#0"}},"rotation":{"origin":[8.073334,16.88659,-2.7584515],"angle":45.0,"axis":"x"}}],"display":{"gui":{"rotation":[30,225,0]}}}