{"textures":{"0":"modelengine:entity/ender_dragon"},"elements":[{"from":[1.590909,-1.7796478,9.699056],"to":[14.257576,7.220352,22.03239],"faces":{"east":{"uv":[6.625,6.015625,6.9140625,6.2265625],"tintindex":0,"rotation":0,"texture":"#0"},"south":{"uv":[6.609375,0.53125,6.90625,0.7421875],"tintindex":0,"rotation":0,"texture":"#0"},"north":{"uv":[6.4609375,1.9609375,6.7578125,2.171875],"tintindex":0,"rotation":0,"texture":"#0"},"west":{"uv":[6.625,6.2265625,6.9140625,6.4375],"tintindex":0,"rotation":0,"texture":"#0"},"up":{"uv":[6.3828125,4.0703125,6.0859375,3.78125],"tintindex":0,"rotation":0,"texture":"#0"},"down":{"uv":[0.6875,6.109375,0.390625,6.3984375],"tintindex":0,"rotation":0,"texture":"#0"}}},{"from":[-8.242424,6.553685,-6.8842773],"to":[24.09091,15.553686,14.78239],"faces":{"east":{"uv":[5.4921875,1.40625,6.0,1.6171875],"tintindex":0,"rotation":0,"texture":"#0"},"south":{"uv":[4.75,1.8671875,5.5078125,2.078125],"tintindex":0,"rotation":0,"texture":"#0"},"north":{"uv":[4.6640625,1.0078125,5.421875,1.21875],"tintindex":0,"rotation":0,"texture":"#0"},"west":{"uv":[5.5,4.3828125,6.0078125,4.59375],"tintindex":0,"rotation":0,"texture":"#0"},"up":{"uv":[1.2890625,2.9453125,0.53125,2.4375],"tintindex":0,"rotation":0,"texture":"#0"},"down":{"uv":[2.046875,2.7578125,1.2890625,3.265625],"tintindex":0,"rotation":0,"texture":"#0"}},"rotation":{"origin":[7.9242425,11.053686,4.282389],"angle":22.5,"axis":"x"}},{"from":[-4.242424,0.8870187,-6.2176113],"to":[20.09091,9.887019,14.78239],"faces":{"east":{"uv":[5.75,1.6171875,6.2421875,1.828125],"tintindex":0,"rotation":0,"texture":"#0"},"south":{"uv":[5.28125,3.015625,5.8515625,3.2265625],"tintindex":0,"rotation":0,"texture":"#0"},"north":{"uv":[5.28125,2.8046875,5.8515625,3.015625],"tintindex":0,"rotation":0,"texture":"#0"},"west":{"uv":[5.765625,0.0,6.2578125,0.2109375],"tintindex":0,"rotation":0,"texture":"#0"},"up":{"uv":[4.3046875,2.3828125,3.734375,1.890625],"tintindex":0,"rotation":0,"texture":"#0"},"down":{"uv":[4.3203125,0.4375,3.75,0.9296875],"tintindex":0,"rotation":0,"texture":"#0"}}},{"from":[5.870909,17.507019,9.70239],"to":[9.977576,22.533688,13.595724],"faces":{"east":{"uv":[4.078125,7.8984375,4.15625,8.0078125],"tintindex":0,"rotation":0,"texture":"#0"},"south":{"uv":[3.6953125,7.859375,3.7890625,7.96875],"tintindex":0,"rotation":0,"texture":"#0"},"north":{"uv":[7.859375,3.6015625,7.953125,3.7109375],"tintindex":0,"rotation":0,"texture":"#0"},"west":{"uv":[4.15625,7.8984375,4.234375,8.0078125],"tintindex":0,"rotation":0,"texture":"#0"},"up":{"uv":[3.6015625,8.0,3.5078125,7.921875],"tintindex":0,"rotation":0,"texture":"#0"},"down":{"uv":[3.6953125,7.921875,3.6015625,8.0],"tintindex":0,"rotation":0,"texture":"#0"}},"rotation":{"origin":[7.9242425,21.947018,11.315722],"angle":22.5,"axis":"x"}},{"from":[6.750909,15.610397,21.011595],"to":[9.097576,19.330399,23.731594],"faces":{"east":{"uv":[2.890625,8.03125,2.9375,8.078125],"tintindex":0,"rotation":0,"texture":"#0"},"south":{"uv":[5.6171875,8.015625,5.671875,8.0625],"tintindex":0,"rotation":0,"texture":"#0"},"north":{"uv":[8.015625,3.65625,8.0703125,3.703125],"tintindex":0,"rotation":0,"texture":"#0"},"west":{"uv":[2.9375,8.03125,2.984375,8.078125],"tintindex":0,"rotation":0,"texture":"#0"},"up":{"uv":[8.0703125,5.9453125,8.015625,5.8984375],"tintindex":0,"rotation":0,"texture":"#0"},"down":{"uv":[6.1328125,8.015625,6.078125,8.0625],"tintindex":0,"rotation":0,"texture":"#0"}}},{"from":[5.870909,11.507019,20.035725],"to":[9.977576,16.533688,23.929058],"faces":{"east":{"uv":[4.078125,7.8984375,4.15625,8.0078125],"tintindex":0,"rotation":0,"texture":"#0"},"south":{"uv":[3.6953125,7.859375,3.7890625,7.96875],"tintindex":0,"rotation":0,"texture":"#0"},"north":{"uv":[7.859375,3.6015625,7.953125,3.7109375],"tintindex":0,"rotation":0,"texture":"#0"},"west":{"uv":[4.15625,7.8984375,4.234375,8.0078125],"tintindex":0,"rotation":0,"texture":"#0"},"up":{"uv":[3.6015625,8.0,3.5078125,7.921875],"tintindex":0,"rotation":0,"texture":"#0"},"down":{"uv":[3.6953125,7.921875,3.6015625,8.0],"tintindex":0,"rotation":0,"texture":"#0"}},"rotation":{"origin":[7.9242425,15.947017,21.649055],"angle":22.5,"axis":"x"}},{"from":[6.8975754,16.766861,7.4921546],"to":[8.950909,22.460196,9.878819],"faces":{"east":{"uv":[0.4140625,7.734375,0.4609375,7.84375],"tintindex":0,"rotation":0,"texture":"#0"},"south":{"uv":[7.8984375,7.9609375,7.9453125,8.0703125],"tintindex":0,"rotation":0,"texture":"#0"},"north":{"uv":[2.3671875,7.390625,2.4140625,7.5],"tintindex":0,"rotation":0,"texture":"#0"},"west":{"uv":[1.8203125,7.9765625,1.8671875,8.0859375],"tintindex":0,"rotation":0,"texture":"#0"},"up":{"uv":[8.078125,1.5,8.03125,1.453125],"tintindex":0,"rotation":0,"texture":"#0"},"down":{"uv":[8.078125,1.5,8.03125,1.546875],"tintindex":0,"rotation":0,"texture":"#0"}},"rotation":{"origin":[8.0709095,20.99353,7.932154],"angle":45.0,"axis":"x"}},{"from":[6.8975754,10.766861,17.825489],"to":[8.950909,16.460196,20.212154],"faces":{"east":{"uv":[0.4140625,7.734375,0.4609375,7.84375],"tintindex":0,"rotation":0,"texture":"#0"},"south":{"uv":[7.8984375,7.9609375,7.9453125,8.0703125],"tintindex":0,"rotation":0,"texture":"#0"},"north":{"uv":[2.3671875,7.390625,2.4140625,7.5],"tintindex":0,"rotation":0,"texture":"#0"},"west":{"uv":[1.8203125,7.9765625,1.8671875,8.0859375],"tintindex":0,"rotation":0,"texture":"#0"},"up":{"uv":[8.078125,1.5,8.03125,1.453125],"tintindex":0,"rotation":0,"texture":"#0"},"down":{"uv":[8.078125,1.5,8.03125,1.546875],"tintindex":0,"rotation":0,"texture":"#0"}},"rotation":{"origin":[8.0709095,14.99353,18.265488],"angle":45.0,"axis":"x"}},{"from":[-0.409091,10.803686,0.032389164],"to":[16.257576,19.803686,22.365723],"faces":{"east":{"uv":[5.421875,0.8359375,5.9453125,1.046875],"tintindex":0,"rotation":0,"texture":"#0"},"south":{"uv":[4.46875,6.1953125,4.859375,6.40625],"tintindex":0,"rotation":0,"texture":"#0"},"north":{"uv":[6.171875,4.53125,6.5625,4.7421875],"tintindex":0,"rotation":0,"texture":"#0"},"west":{"uv":[5.421875,2.078125,5.9453125,2.2890625],"tintindex":0,"rotation":0,"texture":"#0"},"up":{"uv":[1.0078125,4.71875,0.6171875,4.1953125],"tintindex":0,"rotation":0,"texture":"#0"},"down":{"uv":[3.03125,4.296875,2.640625,4.8203125],"tintindex":0,"rotation":0,"texture":"#0"}},"rotation":{"origin":[9.090909,11.053686,4.282389],"angle":22.5,"axis":"x"}},{"from":[6.750909,21.610397,10.678261],"to":[9.097576,25.330399,13.39826],"faces":{"east":{"uv":[2.890625,8.03125,2.9375,8.078125],"tintindex":0,"rotation":0,"texture":"#0"},"south":{"uv":[5.6171875,8.015625,5.671875,8.0625],"tintindex":0,"rotation":0,"texture":"#0"},"north":{"uv":[8.015625,3.65625,8.0703125,3.703125],"tintindex":0,"rotation":0,"texture":"#0"},"west":{"uv":[2.9375,8.03125,2.984375,8.078125],"tintindex":0,"rotation":0,"texture":"#0"},"up":{"uv":[8.0703125,5.9453125,8.015625,5.8984375],"tintindex":0,"rotation":0,"texture":"#0"},"down":{"uv":[6.1328125,8.015625,6.078125,8.0625],"tintindex":0,"rotation":0,"texture":"#0"}}},{"from":[-1.575758,-8.862982,-12.717611],"to":[17.424244,7.470352,5.282389],"faces":{"east":{"uv":[4.6171875,2.9375,5.0390625,3.3203125],"tintindex":0,"rotation":0,"texture":"#0"},"south":{"uv":[1.0078125,4.515625,1.453125,4.8984375],"tintindex":0,"rotation":0,"texture":"#0"},"north":{"uv":[4.3828125,1.234375,4.828125,1.6171875],"tintindex":0,"rotation":0,"texture":"#0"},"west":{"uv":[4.6640625,0.625,5.0859375,1.0078125],"tintindex":0,"rotation":0,"texture":"#0"},"up":{"uv":[3.9765625,4.71875,3.53125,4.296875],"tintindex":0,"rotation":0,"texture":"#0"},"down":{"uv":[4.75,1.890625,4.3046875,2.3125],"tintindex":0,"rotation":0,"texture":"#0"}},"rotation":{"origin":[7.2575755,-3.2796478,4.282389],"angle":45.0,"axis":"x"}}],"display":{"gui":{"rotation":[30,225,0]}}}