{"textures":{"0":"modelengine:entity/ender_dragon"},"elements":[{"from":[4.2355556,4.773834,-9.243454],"to":[5.115556,6.093834,-7.9234467],"faces":{"east":{"uv":[2.6953125,3.953125,2.71875,3.9765625],"tintindex":0,"rotation":0,"texture":"#0"},"south":{"uv":[4.5234375,1.8671875,4.5390625,1.890625],"tintindex":0,"rotation":0,"texture":"#0"},"north":{"uv":[4.15625,4.5078125,4.171875,4.53125],"tintindex":0,"rotation":0,"texture":"#0"},"west":{"uv":[2.71875,3.953125,2.7421875,3.9765625],"tintindex":0,"rotation":0,"texture":"#0"},"up":{"uv":[4.171875,4.5546875,4.15625,4.53125],"tintindex":0,"rotation":0,"texture":"#0"},"down":{"uv":[4.5546875,1.8671875,4.5390625,1.890625],"tintindex":0,"rotation":0,"texture":"#0"}}},{"from":[7.535556,2.353836,-12.543457],"to":[8.415556,4.5538406,-11.553452],"faces":{"east":{"uv":[2.5859375,4.140625,2.6015625,4.171875],"tintindex":0,"rotation":0,"texture":"#0"},"south":{"uv":[0.6875,4.1484375,0.703125,4.1796875],"tintindex":0,"rotation":0,"texture":"#0"},"north":{"uv":[3.71875,1.984375,3.734375,2.015625],"tintindex":0,"rotation":0,"texture":"#0"},"west":{"uv":[2.5859375,4.171875,2.6015625,4.203125],"tintindex":0,"rotation":0,"texture":"#0"},"up":{"uv":[3.875,2.453125,3.859375,2.4375],"tintindex":0,"rotation":0,"texture":"#0"},"down":{"uv":[3.890625,2.4375,3.875,2.453125],"tintindex":0,"rotation":0,"texture":"#0"}}},{"from":[9.735556,2.683838,-11.993454],"to":[10.615556,4.883835,-11.0034485],"faces":{"east":{"uv":[3.71875,1.890625,3.734375,1.921875],"tintindex":0,"rotation":0,"texture":"#0"},"south":{"uv":[3.71875,1.921875,3.734375,1.953125],"tintindex":0,"rotation":0,"texture":"#0"},"north":{"uv":[3.03125,0.5390625,3.046875,0.5703125],"tintindex":0,"rotation":0,"texture":"#0"},"west":{"uv":[3.71875,1.953125,3.734375,1.984375],"tintindex":0,"rotation":0,"texture":"#0"},"up":{"uv":[3.84375,2.453125,3.828125,2.4375],"tintindex":0,"rotation":0,"texture":"#0"},"down":{"uv":[3.859375,2.4375,3.84375,2.453125],"tintindex":0,"rotation":0,"texture":"#0"}}},{"from":[2.0355554,3.6689072,-0.4989624],"to":[3.7955556,6.418907,2.0310364],"faces":{"east":{"uv":[5.5625,7.1328125,5.6015625,7.1796875],"tintindex":0,"rotation":0,"texture":"#0"},"south":{"uv":[6.3125,7.203125,6.34375,7.25],"tintindex":0,"rotation":0,"texture":"#0"},"north":{"uv":[6.09375,7.1953125,6.125,7.2421875],"tintindex":0,"rotation":0,"texture":"#0"},"west":{"uv":[2.890625,7.1484375,2.9296875,7.1953125],"tintindex":0,"rotation":0,"texture":"#0"},"up":{"uv":[2.53125,7.59375,2.5,7.5546875],"tintindex":0,"rotation":0,"texture":"#0"},"down":{"uv":[2.53125,7.59375,2.5,7.6328125],"tintindex":0,"rotation":0,"texture":"#0"}},"rotation":{"origin":[3.7955556,4.086334,-3.3413696],"angle":22.5,"axis":"x"}},{"from":[-7.3144445,6.642891,22.463638],"to":[-4.674444,9.28289,27.303635],"faces":{"east":{"uv":[6.3828125,0.734375,6.4609375,0.7734375],"tintindex":0,"rotation":0,"texture":"#0"},"south":{"uv":[5.0625,7.328125,5.1015625,7.3671875],"tintindex":0,"rotation":0,"texture":"#0"},"north":{"uv":[1.9453125,7.3125,1.984375,7.3515625],"tintindex":0,"rotation":0,"texture":"#0"},"west":{"uv":[6.8515625,5.8125,6.9296875,5.8515625],"tintindex":0,"rotation":0,"texture":"#0"},"up":{"uv":[5.265625,6.546875,5.2265625,6.46875],"tintindex":0,"rotation":0,"texture":"#0"},"down":{"uv":[3.2421875,6.4921875,3.203125,6.5703125],"tintindex":0,"rotation":0,"texture":"#0"}},"rotation":{"origin":[-4.3444443,7.7428894,20.483627],"angle":45.0,"axis":"x"}},{"from":[2.4755554,4.773834,1.3165436],"to":[3.3555555,6.7538376,2.4165497],"faces":{"east":{"uv":[2.5859375,4.234375,2.6015625,4.265625],"tintindex":0,"rotation":0,"texture":"#0"},"south":{"uv":[2.5859375,4.265625,2.6015625,4.296875],"tintindex":0,"rotation":0,"texture":"#0"},"north":{"uv":[2.5859375,4.203125,2.6015625,4.234375],"tintindex":0,"rotation":0,"texture":"#0"},"west":{"uv":[4.15625,4.296875,4.171875,4.328125],"tintindex":0,"rotation":0,"texture":"#0"},"up":{"uv":[3.90625,2.453125,3.890625,2.4375],"tintindex":0,"rotation":0,"texture":"#0"},"down":{"uv":[3.921875,2.4375,3.90625,2.453125],"tintindex":0,"rotation":0,"texture":"#0"}},"rotation":{"origin":[2.9155555,5.433838,0.6565552],"angle":22.5,"axis":"x"}},{"from":[10.3955555,0.37384033,-4.843445],"to":[12.155556,4.773834,-2.6434479],"faces":{"east":{"uv":[3.4609375,6.78125,3.4921875,6.8515625],"tintindex":0,"rotation":0,"texture":"#0"},"south":{"uv":[6.34375,6.8125,6.375,6.8828125],"tintindex":0,"rotation":0,"texture":"#0"},"north":{"uv":[6.34375,6.7421875,6.375,6.8125],"tintindex":0,"rotation":0,"texture":"#0"},"west":{"uv":[3.6171875,6.875,3.6484375,6.9453125],"tintindex":0,"rotation":0,"texture":"#0"},"up":{"uv":[1.390625,7.875,1.359375,7.84375],"tintindex":0,"rotation":0,"texture":"#0"},"down":{"uv":[7.8828125,7.296875,7.8515625,7.328125],"tintindex":0,"rotation":0,"texture":"#0"}}},{"from":[4.2355556,4.773834,-4.4034576],"to":[5.115556,6.4238358,-3.0834503],"faces":{"east":{"uv":[4.15625,3.828125,4.1796875,3.8515625],"tintindex":0,"rotation":0,"texture":"#0"},"south":{"uv":[4.5703125,1.8671875,4.5859375,1.890625],"tintindex":0,"rotation":0,"texture":"#0"},"north":{"uv":[4.5546875,1.8671875,4.5703125,1.890625],"tintindex":0,"rotation":0,"texture":"#0"},"west":{"uv":[4.15625,3.8515625,4.1796875,3.875],"tintindex":0,"rotation":0,"texture":"#0"},"up":{"uv":[4.6015625,1.890625,4.5859375,1.8671875],"tintindex":0,"rotation":0,"texture":"#0"},"down":{"uv":[4.6171875,1.8671875,4.6015625,1.890625],"tintindex":0,"rotation":0,"texture":"#0"}}},{"from":[10.835556,4.773834,-4.4034576],"to":[11.715555,6.4238358,-3.0834503],"faces":{"east":{"uv":[4.15625,3.875,4.1796875,3.8984375],"tintindex":0,"rotation":0,"texture":"#0"},"south":{"uv":[4.6171875,1.8671875,4.6328125,1.890625],"tintindex":0,"rotation":0,"texture":"#0"},"north":{"uv":[4.609375,0.59375,4.625,0.6171875],"tintindex":0,"rotation":0,"texture":"#0"},"west":{"uv":[4.15625,3.8984375,4.1796875,3.921875],"tintindex":0,"rotation":0,"texture":"#0"},"up":{"uv":[4.640625,0.6171875,4.625,0.59375],"tintindex":0,"rotation":0,"texture":"#0"},"down":{"uv":[4.6484375,1.8671875,4.6328125,1.890625],"tintindex":0,"rotation":0,"texture":"#0"}}},{"from":[15.015555,1.69384,5.7165527],"to":[20.295555,7.4138336,16.27655],"faces":{"east":{"uv":[7.7421875,7.078125,7.90625,7.1640625],"tintindex":0,"rotation":0,"texture":"#0"},"south":{"uv":[5.6953125,7.9140625,5.78125,8.0],"tintindex":0,"rotation":0,"texture":"#0"},"north":{"uv":[7.9140625,4.6015625,8.0,4.6875],"tintindex":0,"rotation":0,"texture":"#0"},"west":{"uv":[7.75,0.2109375,7.9140625,0.296875],"tintindex":0,"rotation":0,"texture":"#0"},"up":{"uv":[1.78125,7.90625,1.6953125,7.7421875],"tintindex":0,"rotation":0,"texture":"#0"},"down":{"uv":[2.7421875,7.7421875,2.65625,7.90625],"tintindex":0,"rotation":0,"texture":"#0"}},"rotation":{"origin":[17.655556,4.5538406,12.316544],"angle":22.5,"axis":"y"}},{"from":[0.2755556,1.2538376,7.036545],"to":[15.675555,9.613838,17.596542],"faces":{"east":{"uv":[4.8515625,7.4921875,5.015625,7.625],"tintindex":0,"rotation":0,"texture":"#0"},"south":{"uv":[7.125,0.2109375,7.3671875,0.34375],"tintindex":0,"rotation":0,"texture":"#0"},"north":{"uv":[6.0,1.484375,6.2421875,1.6171875],"tintindex":0,"rotation":0,"texture":"#0"},"west":{"uv":[5.015625,7.4921875,5.1796875,7.625],"tintindex":0,"rotation":0,"texture":"#0"},"up":{"uv":[3.53125,5.25,3.2890625,5.0859375],"tintindex":0,"rotation":0,"texture":"#0"},"down":{"uv":[1.984375,7.1484375,1.7421875,7.3125],"tintindex":0,"rotation":0,"texture":"#0"}}},{"from":[3.7955556,0.37384033,-4.843445],"to":[5.5555553,4.773834,-2.6434479],"faces":{"east":{"uv":[0.9921875,6.234375,1.0234375,6.3046875],"tintindex":0,"rotation":0,"texture":"#0"},"south":{"uv":[0.9921875,6.3046875,1.0234375,6.375],"tintindex":0,"rotation":0,"texture":"#0"},"north":{"uv":[0.9921875,6.1640625,1.0234375,6.234375],"tintindex":0,"rotation":0,"texture":"#0"},"west":{"uv":[6.34375,6.671875,6.375,6.7421875],"tintindex":0,"rotation":0,"texture":"#0"},