{"textures":{"0":"modelengine:entity/ender_dragon"},"elements":[{"from":[6.875,5.45,18.358334],"to":[8.75,7.1,20.458332],"faces":{"east":{"uv":[7.7734375,0.640625,7.8203125,0.6796875],"tintindex":0,"rotation":0,"texture":"#0"},"south":{"uv":[7.796875,1.203125,7.84375,1.2421875],"tintindex":0,"rotation":0,"texture":"#0"},"north":{"uv":[5.9140625,7.65625,5.9609375,7.6953125],"tintindex":0,"rotation":0,"texture":"#0"},"west":{"uv":[7.8125,4.6875,7.859375,4.7265625],"tintindex":0,"rotation":0,"texture":"#0"},"up":{"uv":[8.078125,6.3046875,8.03125,6.2578125],"tintindex":0,"rotation":0,"texture":"#0"},"down":{"uv":[8.078125,6.3046875,8.03125,6.3515625],"tintindex":0,"rotation":0,"texture":"#0"}},"rotation":{"origin":[7.5875,4.55,14.158333],"angle":45.0,"axis":"x"}},{"from":[3.6500015,1.1749997,-3.0916672],"to":[8.150001,5.075,6.208333],"faces":{"east":{"uv":[5.9140625,5.3125,6.1328125,5.40625],"tintindex":0,"rotation":0,"texture":"#0"},"south":{"uv":[3.2109375,7.8671875,3.3203125,7.9609375],"tintindex":0,"rotation":0,"texture":"#0"},"north":{"uv":[3.0078125,7.8671875,3.1171875,7.9609375],"tintindex":0,"rotation":0,"texture":"#0"},"west":{"uv":[6.1328125,5.3125,6.3515625,5.40625],"tintindex":0,"rotation":0,"texture":"#0"},"up":{"uv":[6.203125,7.609375,6.09375,7.390625],"tintindex":0,"rotation":0,"texture":"#0"},"down":{"uv":[3.015625,7.40625,2.90625,7.625],"tintindex":0,"rotation":0,"texture":"#0"}}},{"from":[10.316825,2.0749998,-3.177679],"to":[14.816825,5.975,6.122322],"faces":{"east":{"uv":[7.515625,4.0,7.734375,4.09375],"tintindex":0,"rotation":0,"texture":"#0"},"south":{"uv":[0.2734375,7.875,0.3828125,7.96875],"tintindex":0,"rotation":0,"texture":"#0"},"north":{"uv":[6.2734375,7.8671875,6.3828125,7.9609375],"tintindex":0,"rotation":0,"texture":"#0"},"west":{"uv":[7.515625,4.09375,7.734375,4.1875],"tintindex":0,"rotation":0,"texture":"#0"},"up":{"uv":[0.109375,7.6484375,0.0,7.4296875],"tintindex":0,"rotation":0,"texture":"#0"},"down":{"uv":[0.21875,7.4296875,0.109375,7.6484375],"tintindex":0,"rotation":0,"texture":"#0"}},"rotation":{"origin":[0.30738068,5.16875,-3.3513594],"angle":-22.5,"axis":"y"}},{"from":[4.25,2.375,4.5583315],"to":[7.5500007,13.025,8.233333],"faces":{"east":{"uv":[1.859375,7.453125,1.9453125,7.703125],"tintindex":0,"rotation":0,"texture":"#0"},"south":{"uv":[2.828125,7.453125,2.90625,7.703125],"tintindex":0,"rotation":0,"texture":"#0"},"north":{"uv":[5.9609375,7.4375,6.0390625,7.6875],"tintindex":0,"rotation":0,"texture":"#0"},"west":{"uv":[2.1953125,7.46875,2.28125,7.71875],"tintindex":0,"rotation":0,"texture":"#0"},"up":{"uv":[8.03125,5.2109375,7.953125,5.125],"tintindex":0,"rotation":0,"texture":"#0"},"down":{"uv":[8.03125,6.2578125,7.953125,6.34375],"tintindex":0,"rotation":0,"texture":"#0"}},"rotation":{"origin":[5.9,9.425,6.283333],"angle":45.0,"axis":"x"}},{"from":[5.600001,2.6750002,9.883332],"to":[9.575001,6.425,15.583332],"faces":{"east":{"uv":[5.0546875,1.578125,5.1875,1.6640625],"tintindex":0,"rotation":0,"texture":"#0"},"south":{"uv":[7.8984375,7.3515625,7.9921875,7.4375],"tintindex":0,"rotation":0,"texture":"#0"},"north":{"uv":[7.1015625,7.8984375,7.1953125,7.984375],"tintindex":0,"rotation":0,"texture":"#0"},"west":{"uv":[5.0859375,5.3125,5.21875,5.3984375],"tintindex":0,"rotation":0,"texture":"#0"},"up":{"uv":[0.09375,7.9140625,0.0,7.78125],"tintindex":0,"rotation":0,"texture":"#0"},"down":{"uv":[4.5859375,7.78125,4.4921875,7.9140625],"tintindex":0,"rotation":0,"texture":"#0"}},"rotation":{"origin":[7.5875,4.55,14.158333],"angle":22.5,"axis":"y"}},{"from":[-2.5749998,3.725,-1.1116695],"to":[1.3249993,7.1,5.908333],"faces":{"east":{"uv":[7.6953125,3.15625,7.859375,3.234375],"tintindex":0,"rotation":0,"texture":"#0"},"south":{"uv":[0.9375,7.9296875,1.03125,8.0078125],"tintindex":0,"rotation":0,"texture":"#0"},"north":{"uv":[0.6640625,7.9296875,0.7578125,8.0078125],"tintindex":0,"rotation":0,"texture":"#0"},"west":{"uv":[7.75,4.609375,7.9140625,4.6875],"tintindex":0,"rotation":0,"texture":"#0"},"up":{"uv":[1.9453125,7.8671875,1.8515625,7.703125],"tintindex":0,"rotation":0,"texture":"#0"},"down":{"uv":[2.8984375,7.703125,2.8046875,7.8671875],"tintindex":0,"rotation":0,"texture":"#0"}},"rotation":{"origin":[0.27500153,3.125,1.708333],"angle":22.5,"axis":"y"}},{"from":[-3.7749996,0.7429204,-6.0938473],"to":[-1.6750011,2.54292,-3.2738447],"faces":{"east":{"uv":[7.1484375,3.4609375,7.2109375,3.5],"tintindex":0,"rotation":0,"texture":"#0"},"south":{"uv":[7.8515625,5.2265625,7.8984375,5.265625],"tintindex":0,"rotation":0,"texture":"#0"},"north":{"uv":[0.4140625,7.84375,0.4609375,7.8828125],"tintindex":0,"rotation":0,"texture":"#0"},"west":{"uv":[5.03125,7.2890625,5.09375,7.328125],"tintindex":0,"rotation":0,"texture":"#0"},"up":{"uv":[3.2109375,8.0703125,3.1640625,8.0078125],"tintindex":0,"rotation":0,"texture":"#0"},"down":{"uv":[1.2578125,8.015625,1.2109375,8.078125],"tintindex":0,"rotation":0,"texture":"#0"}},"rotation":{"origin":[0.27500153,2.0929208,-6.8588467],"angle":-45.0,"axis":"x"}},{"from":[4.850001,0.6679201,-12.243847],"to":[6.950001,2.4679208,-9.423847],"faces":{"east":{"uv":[6.9296875,5.8125,6.9921875,5.8515625],"tintindex":0,"rotation":0,"texture":"#0"},"south":{"uv":[7.8203125,0.640625,7.8671875,0.6796875],"tintindex":0,"rotation":0,"texture":"#0"},"north":{"uv":[7.8125,5.3515625,7.859375,5.390625],"tintindex":0,"rotation":0,"texture":"#0"},"west":{"uv":[7.0703125,0.9375,7.1328125,0.9765625],"tintindex":0,"rotation":0,"texture":"#0"},"up":{"uv":[5.78125,8.0625,5.734375,8.0],"tintindex":0,"rotation":0,"texture":"#0"},"down":{"uv":[7.421875,8.0,7.375,8.0625],"tintindex":0,"rotation":0,"texture":"#0"}},"rotation":{"origin":[5.9,2.0929208,-11.0588455],"angle":-45.0,"axis":"x"}},{"from":[3.9499993,3.125,-6.136668],"to":[7.850001,7.025,0.8833313],"faces":{"east":{"uv":[5.28125,3.2265625,5.4453125,3.3203125],"tintindex":0,"rotation":0,"texture":"#0"},"south":{"uv":[7.359375,5.15625,7.453125,5.25],"tintindex":0,"rotation":0,"texture":"#0"},"north":{"uv":[4.515625,7.140625,4.609375,7.234375],"tintindex":0,"rotation":0,"texture":"#0"},"west":{"uv":[5.6015625,6.578125,5.765625,6.671875],"tintindex":0,"rotation":0,"texture":"#0"},"up":{"uv":[7.7890625,6.2734375,7.6953125,6.109375],"tintindex":0,"rotation":0,"texture":"#0"},"down":{"uv":[7.7890625,7.1875,7.6953125,7.3515625],"tintindex":0,"rotation":0,"texture":"#0"}},"rotation":{"origin":[5.9,3.125,-2.4916687],"angle":22.5,"axis":"x"}},{"from":[1.25,1.1749997,1.1083322],"to":[5.75,5.075,10.408333],"faces":{"east":{"uv":[6.7421875,1.2109375,6.9609375,1.3046875],"tintindex":0,"rotation":0,"texture":"#0"},"south":{"uv":[7.8671875,4.6875,7.9765625,4.78125],"tintindex":0,"rotation":0,"texture":"#0"},"north":{"uv":[7.8671875,4.4375,7.9765625,4.53125],"tintindex":0,"rotation":0,"texture":"#0"},"west":{"uv":[7.4453125,4.734375,7.6640625,4.828125],"tintindex":0,"rotation":0,"texture":"#0"},"up":{"uv":[5.7421875,7.640625,5.6328125,7.421875],"tintindex":0,"rotation":0,"texture":"#0"},"down":{"uv":[5.8515625,7.421875,5.7421875,7.640625],"tintindex":0,"rotation":0,"texture":"#0"}},"rotation":{"origin":[7.475001,7.25,10.483333],"angle":22.5,"axis":"y"}},{"from":[10.39794,3.725,-7.4850416],"to":[14.297939,7.1,-0.4650421],"faces":{"east":{"uv":[7.7578125,6.8515625,7.921875,6.9296875],"tintindex":0,"rotation":0,"texture":"#0"},"south":{"uv":[3.1171875,7.9296875,3.2109375,8.0078125],"tintindex":0,"rotation":0,"texture":"#0"},"north":{"uv":[1.03125,7.9296875,1.125,8.0078125],"tintindex":0,"rotation":0,"texture":"#0"},"west":{"uv":[7.421875,7.7578125,7.5859375,7.8359375],"tintindex":0,"rotation":0,"texture":"#0"},"up":{"uv":[3.3515625,7.8671875,3.2578125,7.703125],"tintindex":0,"rotation":0,"texture":"#0"},"down":{"uv":[6.3984375,7.703125,6.3046875,7.8671875],"tintindex":0,"rotation":0,"texture":"#0"}},"rotation":{"origin":[0.30738068,4.26875,-3.3513594],"angle":-22.5,"axis":"y"}},{"from":[5.600001,2.6750002,13.558332],"to":[9.575001,6.425,19.258333],