{"textures":{"0":"modelengine:entity/ender_dragon"},"elements":[{"from":[0.4166665,-11.333334,3.583333],"to":[8.083333,15.333334,14.916667],"faces":{"east":{"uv":[4.6171875,2.3125,4.8828125,2.9375],"tintindex":0,"rotation":0,"texture":"#0"},"south":{"uv":[2.375,5.375,2.5546875,6.0],"tintindex":0,"rotation":0,"texture":"#0"},"north":{"uv":[3.8984375,5.3515625,4.078125,5.9765625],"tintindex":0,"rotation":0,"texture":"#0"},"west":{"uv":[4.6484375,4.5703125,4.9140625,5.1953125],"tintindex":0,"rotation":0,"texture":"#0"},"up":{"uv":[4.15625,4.5625,3.9765625,4.296875],"tintindex":0,"rotation":0,"texture":"#0"},"down":{"uv":[2.1328125,6.8828125,1.953125,7.1484375],"tintindex":0,"rotation":0,"texture":"#0"}},"rotation":{"origin":[20.333334,5.0,32.333336],"angle":-22.5,"axis":"x"}},{"from":[-2.916667,12.333334,2.583333],"to":[10.083334,23.666668,13.25],"faces":{"east":{"uv":[6.4765625,4.03125,6.7265625,4.296875],"tintindex":0,"rotation":0,"texture":"#0"},"south":{"uv":[6.1953125,5.859375,6.5,6.125],"tintindex":0,"rotation":0,"texture":"#0"},"north":{"uv":[6.1953125,5.59375,6.5,5.859375],"tintindex":0,"rotation":0,"texture":"#0"},"west":{"uv":[6.4921875,1.0390625,6.7421875,1.3046875],"tintindex":0,"rotation":0,"texture":"#0"},"up":{"uv":[6.6875,4.03125,6.3828125,3.78125],"tintindex":0,"rotation":0,"texture":"#0"},"down":{"uv":[6.71875,2.1875,6.4140625,2.4375],"tintindex":0,"rotation":0,"texture":"#0"}},"rotation":{"origin":[20.333334,5.0,32.333336],"angle":-22.5,"axis":"x"}},{"from":[-1.25,0.6666665,8.916667],"to":[7.0833335,22.0,17.916668],"faces":{"east":{"uv":[1.1953125,5.5703125,1.40625,6.0703125],"tintindex":0,"rotation":0,"texture":"#0"},"south":{"uv":[4.078125,5.765625,4.2734375,6.265625],"tintindex":0,"rotation":0,"texture":"#0"},"north":{"uv":[3.6640625,5.734375,3.859375,6.234375],"tintindex":0,"rotation":0,"texture":"#0"},"west":{"uv":[5.625,5.40625,5.8359375,5.90625],"tintindex":0,"rotation":0,"texture":"#0"},"up":{"uv":[7.296875,5.4609375,7.1015625,5.25],"tintindex":0,"rotation":0,"texture":"#0"},"down":{"uv":[7.3125,4.171875,7.1171875,4.3828125],"tintindex":0,"rotation":0,"texture":"#0"}},"rotation":{"origin":[20.333334,5.0,32.333336],"angle":-22.5,"axis":"x"}}],"display":{"gui":{"rotation":[30,225,0]}}}