{"textures":{"0":"modelengine:entity/ender_dragon"},"elements":[{"from":[5.0,-13.300001,2.3000002],"to":[9.8,-3.1000004,4.3999987],"faces":{"east":{"uv":[1.234375,2.9453125,1.28125,3.1875],"tintindex":0,"rotation":0,"texture":"#0"},"south":{"uv":[0.390625,5.6328125,0.5,5.875],"tintindex":0,"rotation":0,"texture":"#0"},"north":{"uv":[1.9375,3.265625,2.046875,3.5078125],"tintindex":0,"rotation":0,"texture":"#0"},"west":{"uv":[4.3203125,0.6171875,4.3671875,0.859375],"tintindex":0,"rotation":0,"texture":"#0"},"up":{"uv":[7.671875,6.3671875,7.5625,6.3203125],"tintindex":0,"rotation":0,"texture":"#0"},"down":{"uv":[7.7578125,6.890625,7.6484375,6.9375],"tintindex":0,"rotation":0,"texture":"#0"}}},{"from":[7.475,-5.6500006,5.975001],"to":[12.650001,9.425,11.6],"faces":{"east":{"uv":[4.1796875,6.984375,4.3125,7.3359375],"tintindex":0,"rotation":0,"texture":"#0"},"south":{"uv":[1.0625,7.0390625,1.1875,7.390625],"tintindex":0,"rotation":0,"texture":"#0"},"north":{"uv":[1.1875,7.0078125,1.3125,7.359375],"tintindex":0,"rotation":0,"texture":"#0"},"west":{"uv":[6.9921875,0.0,7.125,0.3515625],"tintindex":0,"rotation":0,"texture":"#0"},"up":{"uv":[4.046875,7.796875,3.921875,7.6640625],"tintindex":0,"rotation":0,"texture":"#0"},"down":{"uv":[4.40625,7.6640625,4.28125,7.796875],"tintindex":0,"rotation":0,"texture":"#0"}}},{"from":[4.100001,-13.300001,4.3999987],"to":[10.7,8.3,10.7],"faces":{"east":{"uv":[6.4296875,4.7421875,6.578125,5.25],"tintindex":0,"rotation":0,"texture":"#0"},"south":{"uv":[0.4375,6.3984375,0.59375,6.90625],"tintindex":0,"rotation":0,"texture":"#0"},"north":{"uv":[0.28125,6.3984375,0.4375,6.90625],"tintindex":0,"rotation":0,"texture":"#0"},"west":{"uv":[6.375,6.4453125,6.5234375,6.953125],"tintindex":0,"rotation":0,"texture":"#0"},"up":{"uv":[4.7734375,3.46875,4.6171875,3.3203125],"tintindex":0,"rotation":0,"texture":"#0"},"down":{"uv":[4.90625,4.421875,4.75,4.5703125],"tintindex":0,"rotation":0,"texture":"#0"}}},{"from":[1.4750009,-3.4750004,4.6999993],"to":[6.65,7.3249993,11.0],"faces":{"east":{"uv":[2.75,3.1953125,2.8984375,3.4453125],"tintindex":0,"rotation":0,"texture":"#0"},"south":{"uv":[3.6484375,7.203125,3.7734375,7.453125],"tintindex":0,"rotation":0,"texture":"#0"},"north":{"uv":[0.9375,7.171875,1.0625,7.421875],"tintindex":0,"rotation":0,"texture":"#0"},"west":{"uv":[2.6015625,3.703125,2.75,3.953125],"tintindex":0,"rotation":0,"texture":"#0"},"up":{"uv":[6.21875,7.7578125,6.09375,7.609375],"tintindex":0,"rotation":0,"texture":"#0"},"down":{"uv":[6.78125,7.609375,6.65625,7.7578125],"tintindex":0,"rotation":0,"texture":"#0"}},"rotation":{"origin":[7.4,-3.25,12.95],"angle":22.5,"axis":"x"}},{"from":[4.55,-10.075001,6.8],"to":[9.724999,13.025,13.1],"faces":{"east":{"uv":[3.0546875,6.28125,3.203125,6.8203125],"tintindex":0,"rotation":0,"texture":"#0"},"south":{"uv":[3.8046875,6.5,3.9296875,7.0390625],"tintindex":0,"rotation":0,"texture":"#0"},"north":{"uv":[1.0625,6.5,1.1875,7.0390625],"tintindex":0,"rotation":0,"texture":"#0"},"west":{"uv":[1.8046875,6.2890625,1.953125,6.828125],"tintindex":0,"rotation":0,"texture":"#0"},"up":{"uv":[3.6640625,7.7578125,3.5390625,7.609375],"tintindex":0,"rotation":0,"texture":"#0"},"down":{"uv":[7.734375,5.015625,7.609375,5.1640625],"tintindex":0,"rotation":0,"texture":"#0"}},"rotation":{"origin":[7.4,-3.25,12.95],"angle":22.5,"axis":"x"}}],"display":{"gui":{"rotation":[30,225,0]}}}