{"textures":{"0":"modelengine:entity/ender_dragon"},"elements":[{"from":[-0.007888794,7.5833344,6.9594297],"to":[6.392112,8.583334,7.75943],"faces":{"east":{"uv":[2.5,7.6328125,2.53125,7.671875],"tintindex":0,"rotation":0,"texture":"#0"},"south":{"uv":[5.984375,3.3671875,6.234375,3.40625],"tintindex":0,"rotation":0,"texture":"#0"},"north":{"uv":[5.4921875,1.6171875,5.7421875,1.65625],"tintindex":0,"rotation":0,"texture":"#0"},"west":{"uv":[2.25,7.71875,2.28125,7.7578125],"tintindex":0,"rotation":0,"texture":"#0"},"up":{"uv":[6.4296875,1.9921875,6.1796875,1.9609375],"tintindex":0,"rotation":0,"texture":"#0"},"down":{"uv":[7.1484375,3.4609375,6.8984375,3.4921875],"tintindex":0,"rotation":0,"texture":"#0"}}},{"from":[-13.007889,7.383334,7.75943],"to":[6.392112,8.783335,9.15943],"faces":{"east":{"uv":[5.515625,8.0078125,5.5703125,8.0625],"tintindex":0,"rotation":0,"texture":"#0"},"south":{"uv":[6.8984375,3.40625,7.65625,3.4609375],"tintindex":0,"rotation":0,"texture":"#0"},"north":{"uv":[6.8984375,3.3515625,7.65625,3.40625],"tintindex":0,"rotation":0,"texture":"#0"},"west":{"uv":[8.0078125,5.796875,8.0625,5.8515625],"tintindex":0,"rotation":0,"texture":"#0"},"up":{"uv":[7.71875,0.40625,6.9609375,0.3515625],"tintindex":0,"rotation":0,"texture":"#0"},"down":{"uv":[7.71875,0.40625,6.9609375,0.4609375],"tintindex":0,"rotation":0,"texture":"#0"}}},{"from":[-13.093634,7.8333344,2.9275727],"to":[7.506367,7.8333344,16.327574],"faces":{"up":{"uv":[0.8046875,1.8671875,0.0,1.34375],"tintindex":0,"rotation":0,"texture":"#0"},"down":{"uv":[0.8046875,1.34375,0.0,1.8671875],"tintindex":0,"rotation":0,"texture":"#0"}}}],"display":{"gui":{"rotation":[30,225,0]}}}