{"textures":{"0":"modelengine:entity/ender_dragon"},"elements":[{"from":[-0.7076645,7.2778664,-12.978895],"to":[0.6485863,8.740364,-9.616396],"faces":{"east":{"uv":[7.984375,1.171875,8.0859375,1.21875],"tintindex":0,"rotation":0,"texture":"#0"},"south":{"uv":[4.71875,7.234375,4.7578125,7.28125],"tintindex":0,"rotation":0,"texture":"#0"},"north":{"uv":[2.890625,7.1953125,2.9296875,7.2421875],"tintindex":0,"rotation":0,"texture":"#0"},"west":{"uv":[7.984375,1.578125,8.0859375,1.625],"tintindex":0,"rotation":0,"texture":"#0"},"up":{"uv":[4.8984375,6.296875,4.859375,6.1953125],"tintindex":0,"rotation":0,"texture":"#0"},"down":{"uv":[5.265625,6.3671875,5.2265625,6.46875],"tintindex":0,"rotation":0,"texture":"#0"}},"rotation":{"origin":[0.5985832,7.974739,-10.441397],"angle":-22.5,"axis":"y"}},{"from":[-0.3639145,7.0466156,-11.047644],"to":[1.5610847,8.902866,-8.585146],"faces":{"east":{"uv":[4.6875,5.640625,4.765625,5.6953125],"tintindex":0,"rotation":0,"texture":"#0"},"south":{"uv":[7.5390625,8.0,7.6015625,8.0546875],"tintindex":0,"rotation":0,"texture":"#0"},"north":{"uv":[7.4765625,8.0,7.5390625,8.0546875],"tintindex":0,"rotation":0,"texture":"#0"},"west":{"uv":[7.359375,7.203125,7.4375,7.2578125],"tintindex":0,"rotation":0,"texture":"#0"},"up":{"uv":[8.046875,3.1484375,7.984375,3.0703125],"tintindex":0,"rotation":0,"texture":"#0"},"down":{"uv":[8.046875,3.515625,7.984375,3.59375],"tintindex":0,"rotation":0,"texture":"#0"}},"rotation":{"origin":[0.5985832,7.974739,-10.441397],"angle":-22.5,"axis":"y"}},{"from":[6.3382225,7.1632805,-10.351362],"to":[8.0882225,8.8507805,8.648638],"faces":{"east":{"uv":[3.75,0.9296875,4.34375,0.984375],"tintindex":0,"rotation":0,"texture":"#0"},"south":{"uv":[8.0078125,6.03125,8.0625,6.0859375],"tintindex":0,"rotation":0,"texture":"#0"},"north":{"uv":[8.0078125,5.9765625,8.0625,6.03125],"tintindex":0,"rotation":0,"texture":"#0"},"west":{"uv":[7.0859375,2.234375,7.6796875,2.2890625],"tintindex":0,"rotation":0,"texture":"#0"},"up":{"uv":[4.6640625,0.59375,4.609375,0.0],"tintindex":0,"rotation":0,"texture":"#0"},"down":{"uv":[6.3125,7.0625,6.2578125,7.65625],"tintindex":0,"rotation":0,"texture":"#0"}},"rotation":{"origin":[6.2132225,8.2257805,6.648638],"angle":22.5,"axis":"y"}},{"from":[0.798584,7.552864,-15.785147],"to":[2.0673332,8.465366,-12.110144],"faces":{"east":{"uv":[4.234375,0.984375,4.3515625,1.015625],"tintindex":0,"rotation":0,"texture":"#0"},"south":{"uv":[3.203125,6.796875,3.2421875,6.828125],"tintindex":0,"rotation":0,"texture":"#0"},"north":{"uv":[0.484375,3.421875,0.5234375,3.453125],"tintindex":0,"rotation":0,"texture":"#0"},"west":{"uv":[4.828125,1.578125,4.9453125,1.609375],"tintindex":0,"rotation":0,"texture":"#0"},"up":{"uv":[4.3828125,0.9765625,4.34375,0.859375],"tintindex":0,"rotation":0,"texture":"#0"},"down":{"uv":[4.078125,5.9765625,4.0390625,6.09375],"tintindex":0,"rotation":0,"texture":"#0"}},"rotation":{"origin":[0.5985832,7.974739,-10.441397],"angle":22.5,"axis":"y"}}],"display":{"gui":{"rotation":[30,225,0]}}}