{"textures":{"0":"modelengine:entity/ender_dragon"},"elements":[{"from":[-14.702267,7.4375,7.751236],"to":[7.797737,8.6875,9.001236],"faces":{"east":{"uv":[0.21875,7.4296875,0.2578125,7.46875],"tintindex":0,"rotation":0,"texture":"#0"},"south":{"uv":[7.3359375,5.609375,8.0390625,5.6484375],"tintindex":0,"rotation":0,"texture":"#0"},"north":{"uv":[7.3359375,5.5703125,8.0390625,5.609375],"tintindex":0,"rotation":0,"texture":"#0"},"west":{"uv":[5.0625,7.4453125,5.1015625,7.484375],"tintindex":0,"rotation":0,"texture":"#0"},"up":{"uv":[8.0390625,5.6875,7.3359375,5.6484375],"tintindex":0,"rotation":0,"texture":"#0"},"down":{"uv":[8.0390625,5.6875,7.3359375,5.7265625],"tintindex":0,"rotation":0,"texture":"#0"}}},{"from":[-14.702267,7.75,9.001236],"to":[7.797737,7.75,21.001236],"faces":{"up":{"uv":[1.2265625,3.453125,0.5234375,2.9453125],"tintindex":0,"rotation":0,"texture":"#0"},"down":{"uv":[1.2265625,2.9453125,0.5234375,3.453125],"tintindex":0,"rotation":0,"texture":"#0"}}}],"display":{"gui":{"rotation":[30,225,0]}}}