{"textures":{"0":"modelengine:entity/ender_dragon"},"elements":[{"from":[1.0625,-11.125,5.25],"to":[7.3125,4.875,12.0],"faces":{"east":{"uv":[1.1953125,5.5703125,1.40625,6.0703125],"tintindex":0,"rotation":0,"texture":"#0"},"south":{"uv":[4.078125,5.765625,4.2734375,6.265625],"tintindex":0,"rotation":0,"texture":"#0"},"north":{"uv":[3.6640625,5.734375,3.859375,6.234375],"tintindex":0,"rotation":0,"texture":"#0"},"west":{"uv":[5.625,5.40625,5.8359375,5.90625],"tintindex":0,"rotation":0,"texture":"#0"},"up":{"uv":[7.296875,5.4609375,7.1015625,5.25],"tintindex":0,"rotation":0,"texture":"#0"},"down":{"uv":[7.3125,4.171875,7.1171875,4.3828125],"tintindex":0,"rotation":0,"texture":"#0"}},"rotation":{"origin":[17.25,-7.875,22.8125],"angle":22.5,"axis":"x"}},{"from":[-0.1875,-1.2500648,0.6002922],"to":[9.5625,11.999935,10.600292],"faces":{"east":{"uv":[6.4765625,4.03125,6.7265625,4.296875],"tintindex":0,"rotation":0,"texture":"#0"},"south":{"uv":[6.1953125,5.859375,6.5,6.125],"tintindex":0,"rotation":0,"texture":"#0"},"north":{"uv":[6.1953125,5.59375,6.5,5.859375],"tintindex":0,"rotation":0,"texture":"#0"},"west":{"uv":[6.4921875,1.0390625,6.7421875,1.3046875],"tintindex":0,"rotation":0,"texture":"#0"},"up":{"uv":[6.6875,4.03125,6.3828125,3.78125],"tintindex":0,"rotation":0,"texture":"#0"},"down":{"uv":[6.71875,2.1875,6.4140625,2.4375],"tintindex":0,"rotation":0,"texture":"#0"}},"rotation":{"origin":[4.6875,7.499935,5.100292],"angle":22.5,"axis":"z"}},{"from":[2.3125,-12.937702,2.0002365],"to":[8.0625,6.687298,10.8752365],"faces":{"east":{"uv":[4.6171875,2.3125,4.8984375,2.9296875],"tintindex":0,"rotation":0,"texture":"#0"},"south":{"uv":[2.375,5.359375,2.5546875,5.9765625],"tintindex":0,"rotation":0,"texture":"#0"},"north":{"uv":[3.8984375,5.3515625,4.078125,5.96875],"tintindex":0,"rotation":0,"texture":"#0"},"west":{"uv":[4.65625,4.5734377,4.9375,5.190625],"tintindex":0,"rotation":0,"texture":"#0"},"up":{"uv":[3.359375,7.109375,3.1796875,6.828125],"tintindex":0,"rotation":0,"texture":"#0"},"down":{"uv":[4.953125,6.8359375,4.7734375,7.1171875],"tintindex":0,"rotation":0,"texture":"#0"}}}],"display":{"gui":{"rotation":[30,225,0]}}}