{"textures":{"0":"modelengine:entity/ender_dragon"},"elements":[{"from":[-14.702267,7.75,9.001236],"to":[7.797737,7.75,25.251236],"faces":{"up":{"uv":[3.609375,3.46875,2.90625,2.9609375],"tintindex":0,"rotation":0,"texture":"#0"},"down":{"uv":[3.609375,2.9609375,2.90625,3.46875],"tintindex":0,"rotation":0,"texture":"#0"}}},{"from":[-14.702267,7.4375,7.751236],"to":[7.797737,8.6875,9.001236],"faces":{"east":{"uv":[1.5625,7.484375,1.6015625,7.5234375],"tintindex":0,"rotation":0,"texture":"#0"},"south":{"uv":[7.34375,6.3671875,8.046875,6.40625],"tintindex":0,"rotation":0,"texture":"#0"},"north":{"uv":[7.3359375,5.7265625,8.0390625,5.765625],"tintindex":0,"rotation":0,"texture":"#0"},"west":{"uv":[1.5625,7.5234375,1.6015625,7.5625],"tintindex":0,"rotation":0,"texture":"#0"},"up":{"uv":[8.046875,6.4453125,7.34375,6.40625],"tintindex":0,"rotation":0,"texture":"#0"},"down":{"uv":[8.046875,6.4453125,7.34375,6.484375],"tintindex":0,"rotation":0,"texture":"#0"}}}],"display":{"gui":{"rotation":[30,225,0]}}}