{"textures":{"0":"modelengine:entity/ender_dragon"},"elements":[{"from":[-5.237499,3.6268806,-5.2407684],"to":[-2.0875015,6.3268805,-1.0107651],"faces":{"east":{"uv":[7.1484375,3.4609375,7.2109375,3.5],"tintindex":0,"rotation":0,"texture":"#0"},"south":{"uv":[7.8515625,5.2265625,7.8984375,5.265625],"tintindex":0,"rotation":0,"texture":"#0"},"north":{"uv":[0.4140625,7.84375,0.4609375,7.8828125],"tintindex":0,"rotation":0,"texture":"#0"},"west":{"uv":[5.03125,7.2890625,5.09375,7.328125],"tintindex":0,"rotation":0,"texture":"#0"},"up":{"uv":[3.2109375,8.0703125,3.1640625,8.0078125],"tintindex":0,"rotation":0,"texture":"#0"},"down":{"uv":[1.2578125,8.015625,1.2109375,8.078125],"tintindex":0,"rotation":0,"texture":"#0"}},"rotation":{"origin":[0.8375015,5.651881,-6.3882675],"angle":-45.0,"axis":"x"}},{"from":[4.4000015,2.7749996,-6.737499],"to":[11.15,8.625,7.2125015],"faces":{"east":{"uv":[5.9140625,5.3125,6.1328125,5.40625],"tintindex":0,"rotation":0,"texture":"#0"},"south":{"uv":[3.2109375,7.8671875,3.3203125,7.9609375],"tintindex":0,"rotation":0,"texture":"#0"},"north":{"uv":[3.0078125,7.8671875,3.1171875,7.9609375],"tintindex":0,"rotation":0,"texture":"#0"},"west":{"uv":[6.1328125,5.3125,6.3515625,5.40625],"tintindex":0,"rotation":0,"texture":"#0"},"up":{"uv":[6.203125,7.609375,6.09375,7.390625],"tintindex":0,"rotation":0,"texture":"#0"},"down":{"uv":[3.015625,7.40625,2.90625,7.625],"tintindex":0,"rotation":0,"texture":"#0"}}},{"from":[6.200001,3.0143814,-15.965767],"to":[9.35,5.714381,-11.735767],"faces":{"east":{"uv":[6.9296875,5.8125,6.9921875,5.8515625],"tintindex":0,"rotation":0,"texture":"#0"},"south":{"uv":[7.8203125,0.640625,7.8671875,0.6796875],"tintindex":0,"rotation":0,"texture":"#0"},"north":{"uv":[7.8125,5.3515625,7.859375,5.390625],"tintindex":0,"rotation":0,"texture":"#0"},"west":{"uv":[7.0703125,0.9375,7.1328125,0.9765625],"tintindex":0,"rotation":0,"texture":"#0"},"up":{"uv":[5.78125,8.0625,5.734375,8.0],"tintindex":0,"rotation":0,"texture":"#0"},"down":{"uv":[7.421875,8.0,7.375,8.0625],"tintindex":0,"rotation":0,"texture":"#0"}},"rotation":{"origin":[7.7749996,5.151881,-14.188267],"angle":-45.0,"axis":"x"}},{"from":[17.1,-1.6106186,-10.465767],"to":[20.25,1.0893803,-6.2357674],"faces":{"east":{"uv":[7.4140625,3.8984375,7.4765625,3.9375],"tintindex":0,"rotation":0,"texture":"#0"},"south":{"uv":[7.8671875,0.640625,7.9140625,0.6796875],"tintindex":0,"rotation":0,"texture":"#0"},"north":{"uv":[3.7890625,7.859375,3.8359375,7.8984375],"tintindex":0,"rotation":0,"texture":"#0"},"west":{"uv":[2.0546875,7.4296875,2.1171875,7.46875],"tintindex":0,"rotation":0,"texture":"#0"},"up":{"uv":[1.3046875,8.078125,1.2578125,8.015625],"tintindex":0,"rotation":0,"texture":"#0"},"down":{"uv":[1.3515625,8.015625,1.3046875,8.078125],"tintindex":0,"rotation":0,"texture":"#0"}},"rotation":{"origin":[-4.5,6.151881,-16.450768],"angle":-45.0,"axis":"x"}},{"from":[5.299999,4.575,4.737499],"to":[10.25,20.55,10.25],"faces":{"east":{"uv":[1.859375,7.453125,1.9453125,7.703125],"tintindex":0,"rotation":0,"texture":"#0"},"south":{"uv":[2.828125,7.453125,2.90625,7.703125],"tintindex":0,"rotation":0,"texture":"#0"},"north":{"uv":[5.9609375,7.4375,6.0390625,7.6875],"tintindex":0,"rotation":0,"texture":"#0"},"west":{"uv":[2.1953125,7.46875,2.28125,7.71875],"tintindex":0,"rotation":0,"texture":"#0"},"up":{"uv":[8.03125,5.2109375,7.953125,5.125],"tintindex":0,"rotation":0,"texture":"#0"},"down":{"uv":[8.03125,6.2578125,7.953125,6.34375],"tintindex":0,"rotation":0,"texture":"#0"}},"rotation":{"origin":[7.7749996,15.15,7.325001],"angle":45.0,"axis":"x"}},{"from":[5.299999,6.4875,-11.8675],"to":[10.25,12.3375,-5.8375015],"faces":{"east":{"uv":[7.6953125,6.2734375,7.859375,6.3671875],"tintindex":0,"rotation":0,"texture":"#0"},"south":{"uv":[6.6328125,7.921875,6.7109375,8.015625],"tintindex":0,"rotation":0,"texture":"#0"},"north":{"uv":[6.0859375,7.921875,6.1640625,8.015625],"tintindex":0,"rotation":0,"texture":"#0"},"west":{"uv":[7.7109375,1.359375,7.875,1.453125],"tintindex":0,"rotation":0,"texture":"#0"},"up":{"uv":[6.640625,7.90625,6.5625,7.7421875],"tintindex":0,"rotation":0,"texture":"#0"},"down":{"uv":[3.6171875,7.7578125,3.5390625,7.921875],"tintindex":0,"rotation":0,"texture":"#0"}},"rotation":{"origin":[7.7749996,5.7,-5.8375015],"angle":-22.5,"axis":"x"}},{"from":[-4.9375,6.6000004,-3.7675018],"to":[0.9124985,11.6625,6.762501],"faces":{"east":{"uv":[7.6953125,3.15625,7.859375,3.234375],"tintindex":0,"rotation":0,"texture":"#0"},"south":{"uv":[0.9375,7.9296875,1.03125,8.0078125],"tintindex":0,"rotation":0,"texture":"#0"},"north":{"uv":[0.6640625,7.9296875,0.7578125,8.0078125],"tintindex":0,"rotation":0,"texture":"#0"},"west":{"uv":[7.75,4.609375,7.9140625,4.6875],"tintindex":0,"rotation":0,"texture":"#0"},"up":{"uv":[1.9453125,7.8671875,1.8515625,7.703125],"tintindex":0,"rotation":0,"texture":"#0"},"down":{"uv":[2.8984375,7.703125,2.8046875,7.8671875],"tintindex":0,"rotation":0,"texture":"#0"}},"rotation":{"origin":[-0.6624985,5.7,0.46250153],"angle":22.5,"axis":"y"}},{"from":[0.79999924,4.7250004,-0.4375],"to":[7.549999,10.575,13.512501],"faces":{"east":{"uv":[6.7421875,1.2109375,6.9609375,1.3046875],"tintindex":0,"rotation":0,"texture":"#0"},"south":{"uv":[7.8671875,4.6875,7.9765625,4.78125],"tintindex":0,"rotation":0,"texture":"#0"},"north":{"uv":[7.8671875,4.4375,7.9765625,4.53125],"tintindex":0,"rotation":0,"texture":"#0"},"west":{"uv":[7.4453125,4.734375,7.6640625,4.828125],"tintindex":0,"rotation":0,"texture":"#0"},"up":{"uv":[5.7421875,7.640625,5.6328125,7.421875],"tintindex":0,"rotation":0,"texture":"#0"},"down":{"uv":[5.8515625,7.421875,5.7421875,7.640625],"tintindex":0,"rotation":0,"texture":"#0"}},"rotation":{"origin":[10.137501,13.8375,13.625],"angle":22.5,"axis":"y"}},{"from":[14.400236,6.075,-6.866516],"to":[21.150236,11.925,7.0834846],"faces":{"east":{"uv":[7.515625,4.0,7.734375,4.09375],"tintindex":0,"rotation":0,"texture":"#0"},"south":{"uv":[0.2734375,7.875,0.3828125,7.96875],"tintindex":0,"rotation":0,"texture":"#0"},"north":{"uv":[6.2734375,7.8671875,6.3828125,7.9609375],"tintindex":0,"rotation":0,"texture":"#0"},"west":{"uv":[7.515625,4.09375,7.734375,4.1875],"tintindex":0,"rotation":0,"texture":"#0"},"up":{"uv":[0.109375,7.6484375,0.0,7.4296875],"tintindex":0,"rotation":0,"texture":"#0"},"down":{"uv":[0.21875,7.4296875,0.109375,7.6484375],"tintindex":0,"rotation":0,"texture":"#0"}},"rotation":{"origin":[-0.61392975,10.715625,-7.127037],"angle":-22.5,"axis":"y"}},{"from":[14.521908,6.6000004,-13.32756],"to":[20.371908,11.6625,-2.7975616],"faces":{"east":{"uv":[7.7578125,6.8515625,7.921875,6.9296875],"tintindex":0,"rotation":0,"texture":"#0"},"south":{"uv":[3.1171875,7.9296875,3.2109375,8.0078125],"tintindex":0,"rotation":0,"texture":"#0"},"north":{"uv":[1.03125,7.9296875,1.125,8.0078125],"tintindex":0,"rotation":0,"texture":"#0"},"west":{"uv":[7.421875,7.7578125,7.5859375,7.8359375],"tintindex":0,"rotation":0,"texture":"#0"},"up":{"uv":[3.3515625,7.8671875,3.2578125,7.703125],"tintindex":0,"rotation":0,"texture":"#0"},"down":{"uv":[6.3984375,7.703125,6.3046875,7.8671875],"tintindex":0,"rotation":0,"texture":"#0"}},"rotation":{"origin":[-0.61392975,7.4156246,-7.127037],"angle":-22.5,"axis":"y"}},{"from":[1.25,8.2875,5.4124985],"to":[14.75,15.4875,17.1125],"faces":{"east":{"uv":[7.5546875,1.125,7.734375,1.234375],"tintindex":0,"rotation":0,"texture":"#0"},"south":{"uv":[7.4453125,1.875,7.65625,1.984375],"tintindex":0,"rotation":0,"texture":"#0"},"north":{"uv":[7.4375,6.59375,7.6484375,6.703125],"tintindex":0,"rotation":0,"texture":"#0"},"west":{"uv":[7.5625,7.078125,7.7421875,7.1875],"tintindex":0,"rotation":0,"texture":"#0"},"up":{"uv":[2.890625,7.328125,2.6796875,7.1484375],"tintindex":0,"rotation":0,"texture":"#0"},"down":{"uv":[7.359375,6.0078125,7.1484375,6.1875],"tintindex":0,"rotation":0,"texture":"#0"}}},{"from":[4.8499985,5.7,-11.305],"to":[10.700001,11.55,-0.7750015],"faces":{"east":{"uv":[5.28125,3.2265625,5.4453125,3.3203125],