{"textures":{"0":"modelengine:entity/ender_dragon"},"elements":[{"from":[9.4125,-4.301447,14.251928],"to":[13.29375,9.523554,18.976929],"faces":{"east":{"uv":[3.0546875,6.28125,3.203125,6.8203125],"tintindex":0,"rotation":0,"texture":"#0"},"south":{"uv":[3.8046875,6.5,3.9296875,7.0390625],"tintindex":0,"rotation":0,"texture":"#0"},"north":{"uv":[1.0625,6.5,1.1875,7.0390625],"tintindex":0,"rotation":0,"texture":"#0"},"west":{"uv":[1.8046875,6.2890625,1.953125,6.828125],"tintindex":0,"rotation":0,"texture":"#0"},"up":{"uv":[3.6640625,7.7578125,3.5390625,7.609375],"tintindex":0,"rotation":0,"texture":"#0"},"down":{"uv":[7.734375,5.015625,7.609375,5.1640625],"tintindex":0,"rotation":0,"texture":"#0"}},"rotation":{"origin":[10.2,2.7798033,15.826929],"angle":-45.0,"axis":"x"}},{"from":[5.4125004,-5.113947,15.564428],"to":[9.29375,12.211054,20.289429],"faces":{"east":{"uv":[3.0546875,6.28125,3.203125,6.8203125],"tintindex":0,"rotation":0,"texture":"#0"},"south":{"uv":[3.8046875,6.5,3.9296875,7.0390625],"tintindex":0,"rotation":0,"texture":"#0"},"north":{"uv":[1.0625,6.5,1.1875,7.0390625],"tintindex":0,"rotation":0,"texture":"#0"},"west":{"uv":[1.8046875,6.2890625,1.953125,6.828125],"tintindex":0,"rotation":0,"texture":"#0"},"up":{"uv":[3.6640625,7.7578125,3.5390625,7.609375],"tintindex":0,"rotation":0,"texture":"#0"},"down":{"uv":[7.734375,5.015625,7.609375,5.1640625],"tintindex":0,"rotation":0,"texture":"#0"}},"rotation":{"origin":[6.200001,3.7173033,17.13943],"angle":-22.5,"axis":"x"}},{"from":[5.75,2.9375,7.5],"to":[10.25,10.1875,14.25],"faces":{"east":{"uv":[6.8671875,2.6015625,7.078125,2.828125],"tintindex":0,"rotation":0,"texture":"#0"},"south":{"uv":[7.1953125,5.5703125,7.3359375,5.796875],"tintindex":0,"rotation":0,"texture":"#0"},"north":{"uv":[5.5625,7.1953125,5.703125,7.421875],"tintindex":0,"rotation":0,"texture":"#0"},"west":{"uv":[5.9140625,6.875,6.125,7.1015625],"tintindex":0,"rotation":0,"texture":"#0"},"up":{"uv":[7.3515625,2.75,7.2109375,2.5390625],"tintindex":0,"rotation":0,"texture":"#0"},"down":{"uv":[7.3515625,2.75,7.2109375,2.9609375],"tintindex":0,"rotation":0,"texture":"#0"}},"rotation":{"origin":[8.0,6.25,12.5],"angle":-22.5,"axis":"x"}},{"from":[3.1062508,-0.16394615,13.989428],"to":[6.9875,7.936054,18.714428],"faces":{"east":{"uv":[2.75,3.1953125,2.8984375,3.4453125],"tintindex":0,"rotation":0,"texture":"#0"},"south":{"uv":[3.6484375,7.203125,3.7734375,7.453125],"tintindex":0,"rotation":0,"texture":"#0"},"north":{"uv":[0.9375,7.171875,1.0625,7.421875],"tintindex":0,"rotation":0,"texture":"#0"},"west":{"uv":[2.6015625,3.703125,2.75,3.953125],"tintindex":0,"rotation":0,"texture":"#0"},"up":{"uv":[6.21875,7.7578125,6.09375,7.609375],"tintindex":0,"rotation":0,"texture":"#0"},"down":{"uv":[6.78125,7.609375,6.65625,7.7578125],"tintindex":0,"rotation":0,"texture":"#0"}},"rotation":{"origin":[6.200001,3.7173033,17.13943],"angle":-22.5,"axis":"x"}},{"from":[5.075001,-10.975,8.05],"to":[10.025,5.2250004,12.775],"faces":{"east":{"uv":[6.4296875,4.7421875,6.578125,5.25],"tintindex":0,"rotation":0,"texture":"#0"},"south":{"uv":[0.4375,6.3984375,0.59375,6.90625],"tintindex":0,"rotation":0,"texture":"#0"},"north":{"uv":[0.28125,6.3984375,0.4375,6.90625],"tintindex":0,"rotation":0,"texture":"#0"},"west":{"uv":[6.375,6.4453125,6.5234375,6.953125],"tintindex":0,"rotation":0,"texture":"#0"},"up":{"uv":[4.7734375,3.46875,4.6171875,3.3203125],"tintindex":0,"rotation":0,"texture":"#0"},"down":{"uv":[4.90625,4.421875,4.75,4.5703125],"tintindex":0,"rotation":0,"texture":"#0"}},"rotation":{"origin":[8.0,5.0,10.75],"angle":-45.0,"axis":"x"}},{"from":[5.856251,-5.663946,20.051928],"to":[9.7375,2.4360533,24.776928],"faces":{"east":{"uv":[2.75,3.1953125,2.8984375,3.4453125],"tintindex":0,"rotation":0,"texture":"#0"},"south":{"uv":[3.6484375,7.203125,3.7734375,7.453125],"tintindex":0,"rotation":0,"texture":"#0"},"north":{"uv":[0.9375,7.171875,1.0625,7.421875],"tintindex":0,"rotation":0,"texture":"#0"},"west":{"uv":[2.6015625,3.703125,2.75,3.953125],"tintindex":0,"rotation":0,"texture":"#0"},"up":{"uv":[6.21875,7.7578125,6.09375,7.609375],"tintindex":0,"rotation":0,"texture":"#0"},"down":{"uv":[6.78125,7.609375,6.65625,7.7578125],"tintindex":0,"rotation":0,"texture":"#0"}},"rotation":{"origin":[8.95,-1.7826967,23.20193],"angle":-22.5,"axis":"x"}}],"display":{"gui":{"rotation":[30,225,0]}}}