{"textures":{"0":"modelengine:entity/ender_dragon"},"elements":[{"from":[-11.723621,7.55,11.501978],"to":[6.676379,8.55,12.501978],"faces":{"east":{"uv":[0.578125,7.546875,0.6171875,7.5859375],"tintindex":0,"rotation":0,"texture":"#0"},"south":{"uv":[7.28125,2.1953125,8.0,2.234375],"tintindex":0,"rotation":0,"texture":"#0"},"north":{"uv":[7.28125,2.15625,8.0,2.1953125],"tintindex":0,"rotation":0,"texture":"#0"},"west":{"uv":[1.5625,7.5625,1.6015625,7.6015625],"tintindex":0,"rotation":0,"texture":"#0"},"up":{"uv":[8.015625,5.4296875,7.296875,5.390625],"tintindex":0,"rotation":0,"texture":"#0"},"down":{"uv":[8.0390625,0.140625,7.3203125,0.1796875],"tintindex":0,"rotation":0,"texture":"#0"}},"rotation":{"origin":[-2.3236208,8.05,8.301977],"angle":22.5,"axis":"y"}},{"from":[-11.723621,7.8,12.501978],"to":[6.676379,7.8,29.701979],"faces":{"up":{"uv":[0.71875,1.34375,0.0,0.671875],"tintindex":0,"rotation":0,"texture":"#0"},"down":{"uv":[0.71875,0.671875,0.0,1.34375],"tintindex":0,"rotation":0,"texture":"#0"}},"rotation":{"origin":[-2.3236208,7.9,8.301977],"angle":22.5,"axis":"y"}}],"display":{"gui":{"rotation":[30,225,0]}}}