{"textures":{"0":"modelengine:entity/ender_dragon"},"elements":[{"from":[5.9128203,13.322551,-8.102264],"to":[10.019487,18.015884,-4.875595],"faces":{"east":{"uv":[4.078125,7.8984375,4.15625,8.0078125],"tintindex":0,"rotation":0,"texture":"#0"},"south":{"uv":[3.6953125,7.859375,3.7890625,7.96875],"tintindex":0,"rotation":0,"texture":"#0"},"north":{"uv":[7.859375,3.6015625,7.953125,3.7109375],"tintindex":0,"rotation":0,"texture":"#0"},"west":{"uv":[4.15625,7.8984375,4.234375,8.0078125],"tintindex":0,"rotation":0,"texture":"#0"},"up":{"uv":[3.6015625,8.0,3.5078125,7.921875],"tintindex":0,"rotation":0,"texture":"#0"},"down":{"uv":[3.6953125,7.921875,3.6015625,8.0],"tintindex":0,"rotation":0,"texture":"#0"}},"rotation":{"origin":[7.9661536,17.429214,-6.488928],"angle":22.5,"axis":"x"}},{"from":[6.7928205,17.42593,5.873606],"to":[9.139487,20.812597,7.926941],"faces":{"east":{"uv":[2.890625,8.03125,2.9375,8.078125],"tintindex":0,"rotation":0,"texture":"#0"},"south":{"uv":[5.6171875,8.015625,5.671875,8.0625],"tintindex":0,"rotation":0,"texture":"#0"},"north":{"uv":[8.015625,3.65625,8.0703125,3.703125],"tintindex":0,"rotation":0,"texture":"#0"},"west":{"uv":[2.9375,8.03125,2.984375,8.078125],"tintindex":0,"rotation":0,"texture":"#0"},"up":{"uv":[8.0703125,5.9453125,8.015625,5.8984375],"tintindex":0,"rotation":0,"texture":"#0"},"down":{"uv":[6.1328125,8.015625,6.078125,8.0625],"tintindex":0,"rotation":0,"texture":"#0"}}},{"from":[3.5661535,1.1958818,-4.3955946],"to":[12.366154,4.422551,1.4710693],"faces":{"east":{"uv":[7.828125,7.7734375,7.96875,7.8515625],"tintindex":0,"rotation":0,"texture":"#0"},"south":{"uv":[7.4921875,1.5625,7.6953125,1.640625],"tintindex":0,"rotation":0,"texture":"#0"},"north":{"uv":[6.578125,5.234375,6.78125,5.3125],"tintindex":0,"rotation":0,"texture":"#0"},"west":{"uv":[1.9453125,7.8359375,2.0859375,7.9140625],"tintindex":0,"rotation":0,"texture":"#0"},"up":{"uv":[7.4453125,4.8046875,7.2421875,4.6640625],"tintindex":0,"rotation":0,"texture":"#0"},"down":{"uv":[7.3515625,7.265625,7.1484375,7.40625],"tintindex":0,"rotation":0,"texture":"#0"}}},{"from":[3.5661535,1.1958818,-12.395596],"to":[12.366154,4.422551,-6.5289307],"faces":{"east":{"uv":[7.828125,7.7734375,7.96875,7.8515625],"tintindex":0,"rotation":0,"texture":"#0"},"south":{"uv":[7.4921875,1.5625,7.6953125,1.640625],"tintindex":0,"rotation":0,"texture":"#0"},"north":{"uv":[6.578125,5.234375,6.78125,5.3125],"tintindex":0,"rotation":0,"texture":"#0"},"west":{"uv":[1.9453125,7.8359375,2.0859375,7.9140625],"tintindex":0,"rotation":0,"texture":"#0"},"up":{"uv":[7.4453125,4.8046875,7.2421875,4.6640625],"tintindex":0,"rotation":0,"texture":"#0"},"down":{"uv":[7.3515625,7.265625,7.1484375,7.40625],"tintindex":0,"rotation":0,"texture":"#0"}}},{"from":[6.939487,13.699061,-10.3125],"to":[8.992821,18.392395,-8.259167],"faces":{"east":{"uv":[0.4140625,7.734375,0.4609375,7.84375],"tintindex":0,"rotation":0,"texture":"#0"},"south":{"uv":[7.8984375,7.9609375,7.9453125,8.0703125],"tintindex":0,"rotation":0,"texture":"#0"},"north":{"uv":[2.3671875,7.390625,2.4140625,7.5],"tintindex":0,"rotation":0,"texture":"#0"},"west":{"uv":[1.8203125,7.9765625,1.8671875,8.0859375],"tintindex":0,"rotation":0,"texture":"#0"},"up":{"uv":[8.078125,1.5,8.03125,1.453125],"tintindex":0,"rotation":0,"texture":"#0"},"down":{"uv":[8.078125,1.5,8.03125,1.546875],"tintindex":0,"rotation":0,"texture":"#0"}},"rotation":{"origin":[8.112821,16.925726,-9.872498],"angle":45.0,"axis":"x"}},{"from":[4.8861537,2.075882,-15.408932],"to":[11.046154,7.6492157,9.231069],"faces":{"east":{"uv":[6.1796875,1.828125,6.7578125,1.9609375],"tintindex":0,"rotation":0,"texture":"#0"},"south":{"uv":[7.59375,7.375,7.734375,7.5078125],"tintindex":0,"rotation":0,"texture":"#0"},"north":{"uv":[6.8359375,0.0,6.9765625,0.1328125],"tintindex":0,"rotation":0,"texture":"#0"},"west":{"uv":[6.2578125,0.0,6.8359375,0.1328125],"tintindex":0,"rotation":0,"texture":"#0"},"up":{"uv":[3.5,6.7109375,3.359375,6.1328125],"tintindex":0,"rotation":0,"texture":"#0"},"down":{"uv":[1.8046875,6.1875,1.6640625,6.765625],"tintindex":0,"rotation":0,"texture":"#0"}}},{"from":[10.019487,3.7758837,-13.062262],"to":[14.499488,12.695883,8.937739],"faces":{"east":{"uv":[5.9140625,5.125,6.4296875,5.3125],"tintindex":0,"rotation":0,"texture":"#0"},"south":{"uv":[0.6796875,6.6796875,0.59375,6.859375],"tintindex":0,"rotation":0,"texture":"#0"},"north":{"uv":[0.59375,6.6796875,0.6796875,6.8671875],"tintindex":0,"rotation":0,"texture":"#0"},"west":{"uv":[5.9453125,0.7734375,6.4609375,0.9609375],"tintindex":0,"rotation":0,"texture":"#0"},"up":{"uv":[4.3984375,7.5,4.3125,6.984375],"tintindex":0,"rotation":0,"texture":"#0"},"down":{"uv":[2.6796875,6.9921875,2.59375,7.5078125],"tintindex":0,"rotation":0,"texture":"#0"}}},{"from":[3.419487,7.0425515,-14.528931],"to":[12.512821,15.84255,8.351069],"faces":{"east":{"uv":[5.421875,4.1796875,5.9609375,4.3828125],"tintindex":0,"rotation":0,"texture":"#0"},"south":{"uv":[7.078125,3.96875,7.2890625,4.171875],"tintindex":0,"rotation":0,"texture":"#0"},"north":{"uv":[7.0703125,0.734375,7.28125,0.9375],"tintindex":0,"rotation":0,"texture":"#0"},"west":{"uv":[5.4453125,3.2265625,5.984375,3.4296875],"tintindex":0,"rotation":0,"texture":"#0"},"up":{"uv":[2.8515625,5.890625,2.640625,5.3515625],"tintindex":0,"rotation":0,"texture":"#0"},"down":{"uv":[2.375,5.375,2.1640625,5.9140625],"tintindex":0,"rotation":0,"texture":"#0"}}},{"from":[3.5661535,1.1958818,3.2710724],"to":[12.366154,4.422551,9.137736],"faces":{"east":{"uv":[7.828125,7.7734375,7.96875,7.8515625],"tintindex":0,"rotation":0,"texture":"#0"},"south":{"uv":[7.4921875,1.5625,7.6953125,1.640625],"tintindex":0,"rotation":0,"texture":"#0"},"north":{"uv":[6.578125,5.234375,6.78125,5.3125],"tintindex":0,"rotation":0,"texture":"#0"},"west":{"uv":[1.9453125,7.8359375,2.0859375,7.9140625],"tintindex":0,"rotation":0,"texture":"#0"},"up":{"uv":[7.4453125,4.8046875,7.2421875,4.6640625],"tintindex":0,"rotation":0,"texture":"#0"},"down":{"uv":[7.3515625,7.265625,7.1484375,7.40625],"tintindex":0,"rotation":0,"texture":"#0"}}},{"from":[6.939487,14.115728,2.6875],"to":[8.992821,18.809063,5.0741677],"faces":{"east":{"uv":[0.4140625,7.734375,0.4609375,7.84375],"tintindex":0,"rotation":0,"texture":"#0"},"south":{"uv":[7.8984375,7.9609375,7.9453125,8.0703125],"tintindex":0,"rotation":0,"texture":"#0"},"north":{"uv":[2.3671875,7.390625,2.4140625,7.5],"tintindex":0,"rotation":0,"texture":"#0"},"west":{"uv":[1.8203125,7.9765625,1.8671875,8.0859375],"tintindex":0,"rotation":0,"texture":"#0"},"up":{"uv":[8.078125,1.5,8.03125,1.453125],"tintindex":0,"rotation":0,"texture":"#0"},"down":{"uv":[8.078125,1.5,8.03125,1.546875],"tintindex":0,"rotation":0,"texture":"#0"}},"rotation":{"origin":[8.112821,17.342392,3.1275024],"angle":45.0,"axis":"x"}},{"from":[1.4328203,3.7758837,-13.062262],"to":[5.9128203,12.695883,8.937739],"faces":{"east":{"uv":[6.4609375,0.7734375,5.9453125,0.9609375],"tintindex":0,"rotation":0,"texture":"#0"},"south":{"uv":[0.59375,6.6796875,0.6796875,6.859375],"tintindex":0,"rotation":0,"texture":"#0"},"north":{"uv":[0.6796875,6.6796875,0.59375,6.8671875],"tintindex":0,"rotation":0,"texture":"#0"},"west":{"uv":[6.4296875,5.125,5.9140625,5.3125],"tintindex":0,"rotation":0,"texture":"#0"},"up":{"uv":[4.3125,7.5,4.3984375,6.984375],"tintindex":0,"rotation":0,"texture":"#0"},"down":{"uv":[2.59375,6.9921875,2.6796875,7.5078125],"tintindex":0,"rotation":0,"texture":"#0"}}},{"from":[6.7928205,17.42593,-7.1263943],"to":[9.139487,20.145931,-5.073059],"faces":{"east":{"uv":[2.890625,8.03125,2.9375,8.078125],"tintindex":0,"rotation":0,"texture":"#0"},"south":{"uv":[5.6171875,8.015625,5.671875,8.0625],"tintindex":0,"rotation":0,"texture":"#0"},"north":{"uv":[8.015625,3.65625,8.0703125,3.703125],"tintindex":0,"rotation":0,"texture":"#0"},"west":{"uv":[2.9375,8.03125,2.984375,8.078125],"tintindex":0,"rotation":0,"texture":"#0"},"up":{"uv":[8.0703125,5.9453125,8.015625,5.8984375],"tintindex":0,"rotation":0,