{"textures":{"0":"modelengine:entity/ender_dragon"},"elements":[{"from":[4.8861537,0.79235315,-13.622831],"to":[11.046154,6.3656816,10.017169],"faces":{"east":{"uv":[6.359375,5.4453125,6.9375,5.578125],"tintindex":0,"rotation":0,"texture":"#0"},"south":{"uv":[3.015625,7.609375,3.15625,7.7421875],"tintindex":0,"rotation":0,"texture":"#0"},"north":{"uv":[2.6640625,7.609375,2.8046875,7.7421875],"tintindex":0,"rotation":0,"texture":"#0"},"west":{"uv":[6.3828125,0.3984375,6.9609375,0.53125],"tintindex":0,"rotation":0,"texture":"#0"},"up":{"uv":[4.3203125,6.84375,4.1796875,6.265625],"tintindex":0,"rotation":0,"texture":"#0"},"down":{"uv":[4.4609375,6.265625,4.3203125,6.84375],"tintindex":0,"rotation":0,"texture":"#0"}}},{"from":[6.939487,14.232193,4.1802673],"to":[8.992821,18.925528,6.5669327],"faces":{"east":{"uv":[0.4140625,7.734375,0.4609375,7.84375],"tintindex":0,"rotation":0,"texture":"#0"},"south":{"uv":[7.8984375,7.9609375,7.9453125,8.0703125],"tintindex":0,"rotation":0,"texture":"#0"},"north":{"uv":[2.3671875,7.390625,2.4140625,7.5],"tintindex":0,"rotation":0,"texture":"#0"},"west":{"uv":[1.8203125,7.9765625,1.8671875,8.0859375],"tintindex":0,"rotation":0,"texture":"#0"},"up":{"uv":[8.078125,1.5,8.03125,1.453125],"tintindex":0,"rotation":0,"texture":"#0"},"down":{"uv":[8.078125,1.5,8.03125,1.546875],"tintindex":0,"rotation":0,"texture":"#0"}},"rotation":{"origin":[8.112821,17.458862,4.620267],"angle":45.0,"axis":"x"}},{"from":[2.8328204,6.359019,-13.742832],"to":[13.099487,15.745682,9.137169],"faces":{"east":{"uv":[5.328125,0.3984375,5.8671875,0.6171875],"tintindex":0,"rotation":0,"texture":"#0"},"south":{"uv":[6.75,0.1328125,6.9921875,0.3515625],"tintindex":0,"rotation":0,"texture":"#0"},"north":{"uv":[6.7421875,0.9921875,6.984375,1.2109375],"tintindex":0,"rotation":0,"texture":"#0"},"west":{"uv":[5.328125,0.6171875,5.8671875,0.8359375],"tintindex":0,"rotation":0,"texture":"#0"},"up":{"uv":[5.28125,3.2109375,5.0390625,2.671875],"tintindex":0,"rotation":0,"texture":"#0"},"down":{"uv":[5.328125,0.4453125,5.0859375,0.984375],"tintindex":0,"rotation":0,"texture":"#0"}}},{"from":[6.939487,14.432196,-7.8197355],"to":[8.992821,19.12553,-5.4330673],"faces":{"east":{"uv":[0.4140625,7.734375,0.4609375,7.84375],"tintindex":0,"rotation":0,"texture":"#0"},"south":{"uv":[7.8984375,7.9609375,7.9453125,8.0703125],"tintindex":0,"rotation":0,"texture":"#0"},"north":{"uv":[2.3671875,7.390625,2.4140625,7.5],"tintindex":0,"rotation":0,"texture":"#0"},"west":{"uv":[1.8203125,7.9765625,1.8671875,8.0859375],"tintindex":0,"rotation":0,"texture":"#0"},"up":{"uv":[8.078125,1.5,8.03125,1.453125],"tintindex":0,"rotation":0,"texture":"#0"},"down":{"uv":[8.078125,1.5,8.03125,1.546875],"tintindex":0,"rotation":0,"texture":"#0"}},"rotation":{"origin":[8.112821,17.65886,-7.379733],"angle":45.0,"axis":"x"}},{"from":[5.9128203,14.305685,6.390503],"to":[10.019487,18.99902,9.617169],"faces":{"east":{"uv":[4.078125,7.8984375,4.15625,8.0078125],"tintindex":0,"rotation":0,"texture":"#0"},"south":{"uv":[3.6953125,7.859375,3.7890625,7.96875],"tintindex":0,"rotation":0,"texture":"#0"},"north":{"uv":[7.859375,3.6015625,7.953125,3.7109375],"tintindex":0,"rotation":0,"texture":"#0"},"west":{"uv":[4.15625,7.8984375,4.234375,8.0078125],"tintindex":0,"rotation":0,"texture":"#0"},"up":{"uv":[3.6015625,8.0,3.5078125,7.921875],"tintindex":0,"rotation":0,"texture":"#0"},"down":{"uv":[3.6953125,7.921875,3.6015625,8.0],"tintindex":0,"rotation":0,"texture":"#0"}},"rotation":{"origin":[7.9661536,18.41235,8.003835],"angle":22.5,"axis":"x"}},{"from":[3.5661535,-0.08765221,-10.569496],"to":[12.366154,3.1390176,-4.702833],"faces":{"east":{"uv":[7.828125,7.7734375,7.96875,7.8515625],"tintindex":0,"rotation":0,"texture":"#0"},"south":{"uv":[7.4921875,1.5625,7.6953125,1.640625],"tintindex":0,"rotation":0,"texture":"#0"},"north":{"uv":[6.578125,5.234375,6.78125,5.3125],"tintindex":0,"rotation":0,"texture":"#0"},"west":{"uv":[1.9453125,7.8359375,2.0859375,7.9140625],"tintindex":0,"rotation":0,"texture":"#0"},"up":{"uv":[7.4453125,4.8046875,7.2421875,4.6640625],"tintindex":0,"rotation":0,"texture":"#0"},"down":{"uv":[7.3515625,7.265625,7.1484375,7.40625],"tintindex":0,"rotation":0,"texture":"#0"}}},{"from":[6.7928205,18.409063,7.3663735],"to":[9.139487,21.79573,9.419705],"faces":{"east":{"uv":[2.890625,8.03125,2.9375,8.078125],"tintindex":0,"rotation":0,"texture":"#0"},"south":{"uv":[5.6171875,8.015625,5.671875,8.0625],"tintindex":0,"rotation":0,"texture":"#0"},"north":{"uv":[8.015625,3.65625,8.0703125,3.703125],"tintindex":0,"rotation":0,"texture":"#0"},"west":{"uv":[2.9375,8.03125,2.984375,8.078125],"tintindex":0,"rotation":0,"texture":"#0"},"up":{"uv":[8.0703125,5.9453125,8.015625,5.8984375],"tintindex":0,"rotation":0,"texture":"#0"},"down":{"uv":[6.1328125,8.015625,6.078125,8.0625],"tintindex":0,"rotation":0,"texture":"#0"}}},{"from":[0.7661538,2.4256845,-13.569496],"to":[5.9128203,12.679016,8.430501],"faces":{"east":{"uv":[6.4609375,0.7734375,5.9453125,0.9609375],"tintindex":0,"rotation":0,"texture":"#0"},"south":{"uv":[0.59375,6.6796875,0.6796875,6.859375],"tintindex":0,"rotation":0,"texture":"#0"},"north":{"uv":[0.6796875,6.6796875,0.59375,6.8671875],"tintindex":0,"rotation":0,"texture":"#0"},"west":{"uv":[6.4296875,5.125,5.9140625,5.3125],"tintindex":0,"rotation":0,"texture":"#0"},"up":{"uv":[4.3125,7.5,4.3984375,6.984375],"tintindex":0,"rotation":0,"texture":"#0"},"down":{"uv":[2.59375,6.9921875,2.6796875,7.5078125],"tintindex":0,"rotation":0,"texture":"#0"}}},{"from":[10.019487,2.4256845,-13.569496],"to":[15.166155,12.679016,8.430501],"faces":{"east":{"uv":[5.9140625,5.125,6.4296875,5.3125],"tintindex":0,"rotation":0,"texture":"#0"},"south":{"uv":[0.6796875,6.6796875,0.59375,6.859375],"tintindex":0,"rotation":0,"texture":"#0"},"north":{"uv":[0.59375,6.6796875,0.6796875,6.8671875],"tintindex":0,"rotation":0,"texture":"#0"},"west":{"uv":[5.9453125,0.7734375,6.4609375,0.9609375],"tintindex":0,"rotation":0,"texture":"#0"},"up":{"uv":[4.3984375,7.5,4.3125,6.984375],"tintindex":0,"rotation":0,"texture":"#0"},"down":{"uv":[2.6796875,6.9921875,2.59375,7.5078125],"tintindex":0,"rotation":0,"texture":"#0"}}},{"from":[5.9128203,13.639018,-5.6095],"to":[10.019487,18.332352,-2.3828306],"faces":{"east":{"uv":[4.078125,7.8984375,4.15625,8.0078125],"tintindex":0,"rotation":0,"texture":"#0"},"south":{"uv":[3.6953125,7.859375,3.7890625,7.96875],"tintindex":0,"rotation":0,"texture":"#0"},"north":{"uv":[7.859375,3.6015625,7.953125,3.7109375],"tintindex":0,"rotation":0,"texture":"#0"},"west":{"uv":[4.15625,7.8984375,4.234375,8.0078125],"tintindex":0,"rotation":0,"texture":"#0"},"up":{"uv":[3.6015625,8.0,3.5078125,7.921875],"tintindex":0,"rotation":0,"texture":"#0"},"down":{"uv":[3.6953125,7.921875,3.6015625,8.0],"tintindex":0,"rotation":0,"texture":"#0"}},"rotation":{"origin":[7.9661536,17.745682,-3.9961624],"angle":22.5,"axis":"x"}},{"from":[6.7928205,17.742397,-4.633629],"to":[9.139487,21.129065,-2.5802946],"faces":{"east":{"uv":[2.890625,8.03125,2.9375,8.078125],"tintindex":0,"rotation":0,"texture":"#0"},"south":{"uv":[5.6171875,8.015625,5.671875,8.0625],"tintindex":0,"rotation":0,"texture":"#0"},"north":{"uv":[8.015625,3.65625,8.0703125,3.703125],"tintindex":0,"rotation":0,"texture":"#0"},"west":{"uv":[2.9375,8.03125,2.984375,8.078125],"tintindex":0,"rotation":0,"texture":"#0"},"up":{"uv":[8.0703125,5.9453125,8.015625,5.8984375],"tintindex":0,"rotation":0,"texture":"#0"},"down":{"uv":[6.1328125,8.015625,6.078125,8.0625],"tintindex":0,"rotation":0,"texture":"#0"}}},{"from":[3.5661535,-0.08765221,-2.5694962],"to":[12.366154,3.1390176,3.2971697],"faces":{"east":{"uv":[7.828125,7.7734375,7.96875,7.8515625],"tintindex":0,"rotation":0,"texture":"#0"},"south":{"uv":[7.4921875,1.5625,7.6953125,1.640625],"tintindex":0,"rotation":0,"texture":"#0"},"north":{"uv":[6.578125,5.234375,6.78125,5.3125],"tintindex":0,"rotation":0,"texture":"#0"},"west":{"uv":[1.9453125,7.8359375,2.0859375,7.9140625],"tintindex":0,"rotation":0,