{"textures":{"0":"modelengine:entity/ender_dragon"},"elements":[{"from":[3.5661535,-0.8087368,-3.4407196],"to":[12.366154,2.417933,2.4259439],"faces":{"east":{"uv":[7.828125,7.7734375,7.96875,7.8515625],"tintindex":0,"rotation":0,"texture":"#0"},"south":{"uv":[7.4921875,1.5625,7.6953125,1.640625],"tintindex":0,"rotation":0,"texture":"#0"},"north":{"uv":[6.578125,5.234375,6.78125,5.3125],"tintindex":0,"rotation":0,"texture":"#0"},"west":{"uv":[1.9453125,7.8359375,2.0859375,7.9140625],"tintindex":0,"rotation":0,"texture":"#0"},"up":{"uv":[7.4453125,4.8046875,7.2421875,4.6640625],"tintindex":0,"rotation":0,"texture":"#0"},"down":{"uv":[7.3515625,7.265625,7.1484375,7.40625],"tintindex":0,"rotation":0,"texture":"#0"}}},{"from":[6.7928205,13.854645,-3.1715145],"to":[9.139487,15.90798,-1.1181793],"faces":{"east":{"uv":[2.890625,8.03125,2.9375,8.078125],"tintindex":0,"rotation":0,"texture":"#0"},"south":{"uv":[5.6171875,8.015625,5.671875,8.0625],"tintindex":0,"rotation":0,"texture":"#0"},"north":{"uv":[8.015625,3.65625,8.0703125,3.703125],"tintindex":0,"rotation":0,"texture":"#0"},"west":{"uv":[2.9375,8.03125,2.984375,8.078125],"tintindex":0,"rotation":0,"texture":"#0"},"up":{"uv":[8.0703125,5.9453125,8.015625,5.8984375],"tintindex":0,"rotation":0,"texture":"#0"},"down":{"uv":[6.1328125,8.015625,6.078125,8.0625],"tintindex":0,"rotation":0,"texture":"#0"}}},{"from":[2.0994873,1.5379333,-11.774054],"to":[5.9128203,9.4579315,10.225947],"faces":{"east":{"uv":[5.9140625,4.75,6.4296875,4.9375],"tintindex":0,"rotation":0,"texture":"#0"},"south":{"uv":[2.328125,0.8515625,2.2421875,1.03125],"tintindex":0,"rotation":0,"texture":"#0"},"north":{"uv":[2.2421875,0.8515625,2.328125,1.0390625],"tintindex":0,"rotation":0,"texture":"#0"},"west":{"uv":[5.9140625,4.9375,6.4296875,5.125],"tintindex":0,"rotation":0,"texture":"#0"},"up":{"uv":[2.640625,5.890625,2.5546875,5.375],"tintindex":0,"rotation":0,"texture":"#0"},"down":{"uv":[5.1875,6.96875,5.1015625,7.484375],"tintindex":0,"rotation":0,"texture":"#0"}}},{"from":[6.939487,10.127777,-6.3576202],"to":[8.992821,14.821112,-4.304286],"faces":{"east":{"uv":[0.4140625,7.734375,0.4609375,7.84375],"tintindex":0,"rotation":0,"texture":"#0"},"south":{"uv":[7.8984375,7.9609375,7.9453125,8.0703125],"tintindex":0,"rotation":0,"texture":"#0"},"north":{"uv":[2.3671875,7.390625,2.4140625,7.5],"tintindex":0,"rotation":0,"texture":"#0"},"west":{"uv":[1.8203125,7.9765625,1.8671875,8.0859375],"tintindex":0,"rotation":0,"texture":"#0"},"up":{"uv":[8.078125,1.5,8.03125,1.453125],"tintindex":0,"rotation":0,"texture":"#0"},"down":{"uv":[8.078125,1.5,8.03125,1.546875],"tintindex":0,"rotation":0,"texture":"#0"}},"rotation":{"origin":[8.112821,13.354442,-5.9176283],"angle":45.0,"axis":"x"}},{"from":[3.5661535,-0.8087368,-11.44072],"to":[12.366154,2.417933,-5.574051],"faces":{"east":{"uv":[7.828125,7.7734375,7.96875,7.8515625],"tintindex":0,"rotation":0,"texture":"#0"},"south":{"uv":[7.4921875,1.5625,7.6953125,1.640625],"tintindex":0,"rotation":0,"texture":"#0"},"north":{"uv":[6.578125,5.234375,6.78125,5.3125],"tintindex":0,"rotation":0,"texture":"#0"},"west":{"uv":[1.9453125,7.8359375,2.0859375,7.9140625],"tintindex":0,"rotation":0,"texture":"#0"},"up":{"uv":[7.4453125,4.8046875,7.2421875,4.6640625],"tintindex":0,"rotation":0,"texture":"#0"},"down":{"uv":[7.3515625,7.265625,7.1484375,7.40625],"tintindex":0,"rotation":0,"texture":"#0"}}},{"from":[5.9128203,9.7512665,5.85261],"to":[10.019487,14.444601,9.07928],"faces":{"east":{"uv":[4.078125,7.8984375,4.15625,8.0078125],"tintindex":0,"rotation":0,"texture":"#0"},"south":{"uv":[3.6953125,7.859375,3.7890625,7.96875],"tintindex":0,"rotation":0,"texture":"#0"},"north":{"uv":[7.859375,3.6015625,7.953125,3.7109375],"tintindex":0,"rotation":0,"texture":"#0"},"west":{"uv":[4.15625,7.8984375,4.234375,8.0078125],"tintindex":0,"rotation":0,"texture":"#0"},"up":{"uv":[3.6015625,8.0,3.5078125,7.921875],"tintindex":0,"rotation":0,"texture":"#0"},"down":{"uv":[3.6953125,7.921875,3.6015625,8.0],"tintindex":0,"rotation":0,"texture":"#0"}},"rotation":{"origin":[7.9661536,13.857931,7.4659476],"angle":22.5,"axis":"x"}},{"from":[4.1528206,4.4712677,-12.654058],"to":[11.779488,12.391266,10.305944],"faces":{"east":{"uv":[5.796875,3.4296875,6.3203125,3.6171875],"tintindex":0,"rotation":0,"texture":"#0"},"south":{"uv":[7.171875,4.8828125,7.3515625,5.0703125],"tintindex":0,"rotation":0,"texture":"#0"},"north":{"uv":[7.171875,4.8828125,7.3515625,5.0703125],"tintindex":0,"rotation":0,"texture":"#0"},"west":{"uv":[5.8359375,5.40625,6.359375,5.59375],"tintindex":0,"rotation":0,"texture":"#0"},"up":{"uv":[4.0390625,6.5,3.859375,5.9765625],"tintindex":0,"rotation":0,"texture":"#0"},"down":{"uv":[2.484375,6.0,2.3046875,6.5234375],"tintindex":0,"rotation":0,"texture":"#0"}}},{"from":[3.5661535,-0.8087368,4.225947],"to":[12.366154,2.417933,10.092611],"faces":{"east":{"uv":[7.828125,7.7734375,7.96875,7.8515625],"tintindex":0,"rotation":0,"texture":"#0"},"south":{"uv":[7.4921875,1.5625,7.6953125,1.640625],"tintindex":0,"rotation":0,"texture":"#0"},"north":{"uv":[6.578125,5.234375,6.78125,5.3125],"tintindex":0,"rotation":0,"texture":"#0"},"west":{"uv":[1.9453125,7.8359375,2.0859375,7.9140625],"tintindex":0,"rotation":0,"texture":"#0"},"up":{"uv":[7.4453125,4.8046875,7.2421875,4.6640625],"tintindex":0,"rotation":0,"texture":"#0"},"down":{"uv":[7.3515625,7.265625,7.1484375,7.40625],"tintindex":0,"rotation":0,"texture":"#0"}}},{"from":[4.8861537,0.07126856,-14.120724],"to":[11.046154,5.644597,10.519278],"faces":{"east":{"uv":[6.3203125,3.3671875,6.8984375,3.5],"tintindex":0,"rotation":0,"texture":"#0"},"south":{"uv":[7.6015625,4.8828125,7.7421875,5.015625],"tintindex":0,"rotation":0,"texture":"#0"},"north":{"uv":[7.6015625,4.8828125,7.7421875,5.015625],"tintindex":0,"rotation":0,"texture":"#0"},"west":{"uv":[6.359375,5.3125,6.9375,5.4453125],"tintindex":0,"rotation":0,"texture":"#0"},"up":{"uv":[3.8046875,6.8125,3.6640625,6.234375],"tintindex":0,"rotation":0,"texture":"#0"},"down":{"uv":[4.1796875,6.265625,4.0390625,6.84375],"tintindex":0,"rotation":0,"texture":"#0"}}},{"from":[10.019487,1.5379333,-11.774054],"to":[13.832821,9.4579315,10.225947],"faces":{"east":{"uv":[5.9140625,5.125,6.4296875,5.3125],"tintindex":0,"rotation":0,"texture":"#0"},"south":{"uv":[0.6796875,6.6796875,0.59375,6.859375],"tintindex":0,"rotation":0,"texture":"#0"},"north":{"uv":[0.59375,6.6796875,0.6796875,6.8671875],"tintindex":0,"rotation":0,"texture":"#0"},"west":{"uv":[5.9453125,0.7734375,6.4609375,0.9609375],"tintindex":0,"rotation":0,"texture":"#0"},"up":{"uv":[4.3984375,7.5,4.3125,6.984375],"tintindex":0,"rotation":0,"texture":"#0"},"down":{"uv":[2.6796875,6.9921875,2.59375,7.5078125],"tintindex":0,"rotation":0,"texture":"#0"}}},{"from":[6.939487,10.127777,3.6423745],"to":[8.992821,14.821112,5.695709],"faces":{"east":{"uv":[0.4140625,7.734375,0.4609375,7.84375],"tintindex":0,"rotation":0,"texture":"#0"},"south":{"uv":[7.8984375,7.9609375,7.9453125,8.0703125],"tintindex":0,"rotation":0,"texture":"#0"},"north":{"uv":[2.3671875,7.390625,2.4140625,7.5],"tintindex":0,"rotation":0,"texture":"#0"},"west":{"uv":[1.8203125,7.9765625,1.8671875,8.0859375],"tintindex":0,"rotation":0,"texture":"#0"},"up":{"uv":[8.078125,1.5,8.03125,1.453125],"tintindex":0,"rotation":0,"texture":"#0"},"down":{"uv":[8.078125,1.5,8.03125,1.546875],"tintindex":0,"rotation":0,"texture":"#0"}},"rotation":{"origin":[8.112821,13.354442,4.082377],"angle":45.0,"axis":"x"}},{"from":[6.7928205,13.854645,6.8284807],"to":[9.139487,16.574646,8.881816],"faces":{"east":{"uv":[2.890625,8.03125,2.9375,8.078125],"tintindex":0,"rotation":0,"texture":"#0"},"south":{"uv":[5.6171875,8.015625,5.671875,8.0625],"tintindex":0,"rotation":0,"texture":"#0"},"north":{"uv":[8.015625,3.65625,8.0703125,3.703125],"tintindex":0,"rotation":0,"texture":"#0"},"west":{"uv":[2.9375,8.03125,2.984375,8.078125],"tintindex":0,"rotation":0,"texture":"#0"},"up":{"uv":[8.0703125,5.9453125,8.015625,5.8984375],"tintindex":0,"rotation":0,