{"textures":{"0":"modelengine:entity/ender_dragon"},"elements":[{"from":[10.736578,7.95,14.967232],"to":[27.736578,7.95,26.167233],"faces":{"up":{"uv":[3.6640625,0.4375,4.328125,0.0],"tintindex":0,"rotation":0,"texture":"#0"},"down":{"uv":[3.6640625,0.0,4.328125,0.4375],"tintindex":0,"rotation":0,"texture":"#0"}},"rotation":{"origin":[17.186579,7.85,8.467232],"angle":-45.0,"axis":"y"}},{"from":[12.886585,7.75,14.367231],"to":[25.286585,8.35,15.1672325],"faces":{"east":{"uv":[2.875,3.4453125,2.84375,3.46875],"tintindex":0,"rotation":0,"texture":"#0"},"south":{"uv":[4.234375,0.984375,3.75,1.0078125],"tintindex":0,"rotation":0,"texture":"#0"},"north":{"uv":[4.21875,2.4140625,3.734375,2.4375],"tintindex":0,"rotation":0,"texture":"#0"},"west":{"uv":[2.84375,3.4453125,2.8125,3.46875],"tintindex":0,"rotation":0,"texture":"#0"},"up":{"uv":[2.328125,2.15625,2.8125,2.125],"tintindex":0,"rotation":0,"texture":"#0"},"down":{"uv":[2.328125,2.15625,2.8125,2.1875],"tintindex":0,"rotation":0,"texture":"#0"}},"rotation":{"origin":[17.336578,7.85,8.667232],"angle":-45.0,"axis":"y"}}],"display":{"gui":{"rotation":[30,225,0]}}}