{"textures":{"0":"modelengine:entity/ender_dragon"},"elements":[{"from":[5.4499993,4.85,5.0083313],"to":[14.45,9.650001,12.808332],"faces":{"east":{"uv":[7.5703125,0.2109375,7.75,0.3203125],"tintindex":0,"rotation":0,"texture":"#0"},"south":{"uv":[7.484375,1.984375,7.6953125,2.09375],"tintindex":0,"rotation":0,"texture":"#0"},"north":{"uv":[7.484375,0.71875,7.6953125,0.828125],"tintindex":0,"rotation":0,"texture":"#0"},"west":{"uv":[7.5703125,3.640625,7.75,3.75],"tintindex":0,"rotation":0,"texture":"#0"},"up":{"uv":[7.359375,6.3671875,7.1484375,6.1875],"tintindex":0,"rotation":0,"texture":"#0"},"down":{"uv":[7.359375,7.0859375,7.1484375,7.265625],"tintindex":0,"rotation":0,"texture":"#0"}}},{"from":[1.7020607,3.725,-7.4850416],"to":[5.602061,7.1,-0.4650421],"faces":{"east":{"uv":[7.7890625,4.8046875,7.953125,4.8828125],"tintindex":0,"rotation":0,"texture":"#0"},"south":{"uv":[7.9453125,0.296875,8.0390625,0.375],"tintindex":0,"rotation":0,"texture":"#0"},"north":{"uv":[5.578125,7.9375,5.671875,8.015625],"tintindex":0,"rotation":0,"texture":"#0"},"west":{"uv":[7.7890625,6.109375,7.953125,6.1875],"tintindex":0,"rotation":0,"texture":"#0"},"up":{"uv":[2.25,7.8828125,2.15625,7.71875],"tintindex":0,"rotation":0,"texture":"#0"},"down":{"uv":[7.34375,7.7265625,7.25,7.890625],"tintindex":0,"rotation":0,"texture":"#0"}},"rotation":{"origin":[15.692619,4.26875,-3.3513594],"angle":22.5,"axis":"y"}},{"from":[13.925001,2.525,-5.3116684],"to":[17.224998,5.825,1.708333],"faces":{"east":{"uv":[7.6640625,7.7734375,7.828125,7.8515625],"tintindex":0,"rotation":0,"texture":"#0"},"south":{"uv":[0.40625,7.96875,0.484375,8.046875],"tintindex":0,"rotation":0,"texture":"#0"},"north":{"uv":[0.328125,7.96875,0.40625,8.046875],"tintindex":0,"rotation":0,"texture":"#0"},"west":{"uv":[7.78125,3.234375,7.9453125,3.3125],"tintindex":0,"rotation":0,"texture":"#0"},"up":{"uv":[0.828125,7.9296875,0.75,7.765625],"tintindex":0,"rotation":0,"texture":"#0"},"down":{"uv":[1.140625,7.765625,1.0625,7.9296875],"tintindex":0,"rotation":0,"texture":"#0"}},"rotation":{"origin":[15.724998,3.125,1.708333],"angle":-22.5,"axis":"y"}},{"from":[1.1831751,2.0749998,-3.177679],"to":[5.683175,5.975,6.122322],"faces":{"east":{"uv":[7.5390625,6.703125,7.7578125,6.796875],"tintindex":0,"rotation":0,"texture":"#0"},"south":{"uv":[7.875,1.546875,7.984375,1.640625],"tintindex":0,"rotation":0,"texture":"#0"},"north":{"uv":[1.46875,7.875,1.578125,7.96875],"tintindex":0,"rotation":0,"texture":"#0"},"west":{"uv":[7.5390625,6.796875,7.7578125,6.890625],"tintindex":0,"rotation":0,"texture":"#0"},"up":{"uv":[7.5390625,6.9375,7.4296875,6.71875],"tintindex":0,"rotation":0,"texture":"#0"},"down":{"uv":[5.9609375,7.4375,5.8515625,7.65625],"tintindex":0,"rotation":0,"texture":"#0"}},"rotation":{"origin":[15.692619,5.16875,-3.3513594],"angle":22.5,"axis":"y"}},{"from":[8.45,2.375,4.5583315],"to":[11.75,13.025,8.233333],"faces":{"east":{"uv":[3.3515625,7.46875,3.4375,7.71875],"tintindex":0,"rotation":0,"texture":"#0"},"south":{"uv":[5.5390625,7.546875,5.6171875,7.796875],"tintindex":0,"rotation":0,"texture":"#0"},"north":{"uv":[0.984375,7.546875,1.0625,7.796875],"tintindex":0,"rotation":0,"texture":"#0"},"west":{"uv":[4.421875,7.484375,4.5078125,7.734375],"tintindex":0,"rotation":0,"texture":"#0"},"up":{"uv":[3.2890625,8.046875,3.2109375,7.9609375],"tintindex":0,"rotation":0,"texture":"#0"},"down":{"uv":[8.0390625,3.7109375,7.9609375,3.796875],"tintindex":0,"rotation":0,"texture":"#0"}},"rotation":{"origin":[10.1,9.425,6.283333],"angle":45.0,"axis":"x"}},{"from":[8.149999,3.125,-6.136668],"to":[12.050001,7.025,0.8833313],"faces":{"east":{"uv":[7.7109375,1.453125,7.875,1.546875],"tintindex":0,"rotation":0,"texture":"#0"},"south":{"uv":[7.8828125,3.421875,7.9765625,3.515625],"tintindex":0,"rotation":0,"texture":"#0"},"north":{"uv":[3.3203125,7.8828125,3.4140625,7.9765625],"tintindex":0,"rotation":0,"texture":"#0"},"west":{"uv":[7.7109375,1.546875,7.875,1.640625],"tintindex":0,"rotation":0,"texture":"#0"},"up":{"uv":[0.671875,7.875,0.578125,7.7109375],"tintindex":0,"rotation":0,"texture":"#0"},"down":{"uv":[7.8125,0.3203125,7.71875,0.484375],"tintindex":0,"rotation":0,"texture":"#0"}},"rotation":{"origin":[10.1,3.125,-2.4916687],"angle":22.5,"axis":"x"}},{"from":[9.049999,0.6679201,-12.243847],"to":[11.15,2.4679208,-9.423847],"faces":{"east":{"uv":[7.484375,0.828125,7.546875,0.8671875],"tintindex":0,"rotation":0,"texture":"#0"},"south":{"uv":[8.0234375,0.4296875,8.0703125,0.46875],"tintindex":0,"rotation":0,"texture":"#0"},"north":{"uv":[8.0078125,6.140625,8.0546875,6.1796875],"tintindex":0,"rotation":0,"texture":"#0"},"west":{"uv":[0.3515625,7.5078125,0.4140625,7.546875],"tintindex":0,"rotation":0,"texture":"#0"},"up":{"uv":[1.3984375,8.078125,1.3515625,8.015625],"tintindex":0,"rotation":0,"texture":"#0"},"down":{"uv":[8.0625,1.875,8.015625,1.9375],"tintindex":0,"rotation":0,"texture":"#0"}},"rotation":{"origin":[10.1,2.0929208,-11.0588455],"angle":-45.0,"axis":"x"}},{"from":[-0.55000114,-3.08208,-9.243847],"to":[1.5499992,-1.2820797,-6.4238462],"faces":{"east":{"uv":[7.75,4.6875,7.8125,4.7265625],"tintindex":0,"rotation":0,"texture":"#0"},"south":{"uv":[6.78125,8.03125,6.828125,8.0703125],"tintindex":0,"rotation":0,"texture":"#0"},"north":{"uv":[6.734375,8.03125,6.78125,8.0703125],"tintindex":0,"rotation":0,"texture":"#0"},"west":{"uv":[7.75,5.3515625,7.8125,5.390625],"tintindex":0,"rotation":0,"texture":"#0"},"up":{"uv":[8.0625,5.4296875,8.015625,5.3671875],"tintindex":0,"rotation":0,"texture":"#0"},"down":{"uv":[5.6171875,8.015625,5.5703125,8.078125],"tintindex":0,"rotation":0,"texture":"#0"}},"rotation":{"origin":[15.95,2.0929208,-13.233847],"angle":-45.0,"axis":"x"}},{"from":[7.85,1.1749997,-3.0916672],"to":[12.349998,5.075,6.208333],"faces":{"east":{"uv":[7.515625,4.1875,7.734375,4.28125],"tintindex":0,"rotation":0,"texture":"#0"},"south":{"uv":[7.875,0.71875,7.984375,0.8125],"tintindex":0,"rotation":0,"texture":"#0"},"north":{"uv":[0.5546875,7.875,0.6640625,7.96875],"tintindex":0,"rotation":0,"texture":"#0"},"west":{"uv":[7.4453125,7.515625,7.6640625,7.609375],"tintindex":0,"rotation":0,"texture":"#0"},"up":{"uv":[1.7109375,7.6484375,1.6015625,7.4296875],"tintindex":0,"rotation":0,"texture":"#0"},"down":{"uv":[2.0546875,7.4296875,1.9453125,7.6484375],"tintindex":0,"rotation":0,"texture":"#0"}}},{"from":[7.25,5.45,18.358334],"to":[9.125,7.1,20.458332],"faces":{"east":{"uv":[7.875,3.90625,7.921875,3.9453125],"tintindex":0,"rotation":0,"texture":"#0"},"south":{"uv":[1.21875,7.8984375,1.265625,7.9375],"tintindex":0,"rotation":0,"texture":"#0"},"north":{"uv":[2.8359375,7.8671875,2.8828125,7.90625],"tintindex":0,"rotation":0,"texture":"#0"},"west":{"uv":[7.921875,3.90625,7.96875,3.9453125],"tintindex":0,"rotation":0,"texture":"#0"},"up":{"uv":[6.6171875,8.078125,6.5703125,8.03125],"tintindex":0,"rotation":0,"texture":"#0"},"down":{"uv":[8.078125,6.59375,8.03125,6.640625],"tintindex":0,"rotation":0,"texture":"#0"}},"rotation":{"origin":[8.412499,4.55,14.158333],"angle":45.0,"axis":"x"}},{"from":[14.675001,3.725,-1.1116695],"to":[18.575,7.1,5.908333],"faces":{"east":{"uv":[7.7734375,0.484375,7.9375,0.5625],"tintindex":0,"rotation":0,"texture":"#0"},"south":{"uv":[1.3125,7.9375,1.40625,8.015625],"tintindex":0,"rotation":0,"texture":"#0"},"north":{"uv":[1.21875,7.9375,1.3125,8.015625],"tintindex":0,"rotation":0,"texture":"#0"},"west":{"uv":[7.7734375,0.5625,7.9375,0.640625],"tintindex":0,"rotation":0,"texture":"#0"},"up":{"uv":[0.5546875,7.8828125,0.4609375,7.71875],"tintindex":0,"rotation":0,"texture":"#0"},"down":{"uv":[0.9453125,7.71875,0.8515625,7.8828125],"tintindex":0,"rotation":0,"texture":"#0"}},"rotation":{"origin":[15.724998,3.125,1.708333],"angle":-22.5,"axis":"y"}},{"from":[10.25,1.1749997,1.1083322],"to":[14.75,5.075,10.408333],"faces":{"east":{"uv":[7.5234375,0.0,7.7421875,0.09375],"tintindex":0,"rotation":0,"texture":"#0"},"south":{"uv":[7.875,1.453125,7.984375,1.546875],"tintindex":0,"rotation":0,