{"textures":{"0":"modelengine:entity/ender_dragon"},"elements":[{"from":[9.323621,7.95,12.501978],"to":[27.723621,7.95,27.101978],"faces":{"up":{"uv":[1.609375,2.171875,2.328125,1.6015625],"tintindex":0,"rotation":0,"texture":"#0"},"down":{"uv":[1.609375,1.6015625,2.328125,2.171875],"tintindex":0,"rotation":0,"texture":"#0"}},"rotation":{"origin":[18.32362,8.05,8.301977],"angle":-22.5,"axis":"y"}},{"from":[9.323621,7.55,11.501978],"to":[27.723621,8.55,12.501978],"faces":{"east":{"uv":[7.125,7.46875,7.0859375,7.5078125],"tintindex":0,"rotation":0,"texture":"#0"},"south":{"uv":[7.9140625,5.8359375,7.1953125,5.875],"tintindex":0,"rotation":0,"texture":"#0"},"north":{"uv":[7.9140625,5.796875,7.1953125,5.8359375],"tintindex":0,"rotation":0,"texture":"#0"},"west":{"uv":[0.2578125,7.46875,0.21875,7.5078125],"tintindex":0,"rotation":0,"texture":"#0"},"up":{"uv":[7.2265625,7.0390625,7.9453125,7.0],"tintindex":0,"rotation":0,"texture":"#0"},"down":{"uv":[7.2265625,7.0390625,7.9453125,7.078125],"tintindex":0,"rotation":0,"texture":"#0"}},"rotation":{"origin":[18.32362,8.05,8.301977],"angle":-22.5,"axis":"y"}}],"display":{"gui":{"rotation":[30,225,0]}}}