{"textures":{"0":"modelengine:entity/ender_dragon"},"elements":[{"from":[9.323621,7.55,11.501978],"to":[27.723621,8.55,12.501978],"faces":{"east":{"uv":[1.6015625,7.5625,1.5625,7.6015625],"tintindex":0,"rotation":0,"texture":"#0"},"south":{"uv":[8.0,2.1953125,7.28125,2.234375],"tintindex":0,"rotation":0,"texture":"#0"},"north":{"uv":[8.0,2.15625,7.28125,2.1953125],"tintindex":0,"rotation":0,"texture":"#0"},"west":{"uv":[0.6171875,7.546875,0.578125,7.5859375],"tintindex":0,"rotation":0,"texture":"#0"},"up":{"uv":[7.296875,5.4296875,8.015625,5.390625],"tintindex":0,"rotation":0,"texture":"#0"},"down":{"uv":[7.3203125,0.140625,8.0390625,0.1796875],"tintindex":0,"rotation":0,"texture":"#0"}},"rotation":{"origin":[18.32362,8.05,8.301977],"angle":-22.5,"axis":"y"}},{"from":[9.323621,7.8,12.501978],"to":[27.723621,7.8,29.701979],"faces":{"up":{"uv":[0.0,1.34375,0.71875,0.671875],"tintindex":0,"rotation":0,"texture":"#0"},"down":{"uv":[0.0,0.671875,0.71875,1.34375],"tintindex":0,"rotation":0,"texture":"#0"}},"rotation":{"origin":[18.32362,7.9,8.301977],"angle":-22.5,"axis":"y"}}],"display":{"gui":{"rotation":[30,225,0]}}}