{"textures":{"0":"modelengine:entity/ender_dragon"},"elements":[{"from":[9.349999,-3.4750004,4.6999993],"to":[14.525,7.3249993,11.0],"faces":{"east":{"uv":[4.8828125,2.671875,5.03125,2.921875],"tintindex":0,"rotation":0,"texture":"#0"},"south":{"uv":[7.2109375,2.2890625,7.3359375,2.5390625],"tintindex":0,"rotation":0,"texture":"#0"},"north":{"uv":[7.2109375,1.640625,7.3359375,1.890625],"tintindex":0,"rotation":0,"texture":"#0"},"west":{"uv":[0.4765625,7.171875,0.625,7.421875],"tintindex":0,"rotation":0,"texture":"#0"},"up":{"uv":[0.8515625,7.765625,0.7265625,7.6171875],"tintindex":0,"rotation":0,"texture":"#0"},"down":{"uv":[1.1875,7.6171875,1.0625,7.765625],"tintindex":0,"rotation":0,"texture":"#0"}},"rotation":{"origin":[8.599999,-3.25,12.95],"angle":22.5,"axis":"x"}},{"from":[3.3499994,-5.6500006,5.975001],"to":[8.525001,9.425,11.6],"faces":{"east":{"uv":[0.671875,6.9921875,0.8046875,7.34375],"tintindex":0,"rotation":0,"texture":"#0"},"south":{"uv":[3.90625,7.0390625,4.03125,7.390625],"tintindex":0,"rotation":0,"texture":"#0"},"north":{"uv":[3.78125,7.0390625,3.90625,7.390625],"tintindex":0,"rotation":0,"texture":"#0"},"west":{"uv":[0.8046875,6.9921875,0.9375,7.34375],"tintindex":0,"rotation":0,"texture":"#0"},"up":{"uv":[7.7890625,7.640625,7.6640625,7.5078125],"tintindex":0,"rotation":0,"texture":"#0"},"down":{"uv":[7.7890625,7.640625,7.6640625,7.7734375],"tintindex":0,"rotation":0,"texture":"#0"}}},{"from":[5.3,-13.300001,4.3999987],"to":[11.9,8.3,10.7],"faces":{"east":{"uv":[6.4609375,0.53125,6.609375,1.0390625],"tintindex":0,"rotation":0,"texture":"#0"},"south":{"uv":[4.6171875,6.40625,4.7734375,6.9140625],"tintindex":0,"rotation":0,"texture":"#0"},"north":{"uv":[4.4609375,6.40625,4.6171875,6.9140625],"tintindex":0,"rotation":0,"texture":"#0"},"west":{"uv":[1.359375,6.46875,1.5078125,6.9765625],"tintindex":0,"rotation":0,"texture":"#0"},"up":{"uv":[7.609375,5.1875,7.453125,5.0390625],"tintindex":0,"rotation":0,"texture":"#0"},"down":{"uv":[6.8203125,7.4609375,6.6640625,7.609375],"tintindex":0,"rotation":0,"texture":"#0"}}},{"from":[6.1999993,-13.300001,2.3000002],"to":[11.0,-3.1000004,4.3999987],"faces":{"east":{"uv":[0.5625,4.34375,0.609375,4.5859375],"tintindex":0,"rotation":0,"texture":"#0"},"south":{"uv":[3.3515625,7.2265625,3.4609375,7.46875],"tintindex":0,"rotation":0,"texture":"#0"},"north":{"uv":[0.28125,6.1328125,0.390625,6.375],"tintindex":0,"rotation":0,"texture":"#0"},"west":{"uv":[0.5,4.9609375,0.546875,5.203125],"tintindex":0,"rotation":0,"texture":"#0"},"up":{"uv":[7.8515625,5.015625,7.7421875,4.96875],"tintindex":0,"rotation":0,"texture":"#0"},"down":{"uv":[8.078125,7.7734375,7.96875,7.8203125],"tintindex":0,"rotation":0,"texture":"#0"}}},{"from":[6.275,-10.075001,6.8],"to":[11.45,13.025,13.1],"faces":{"east":{"uv":[4.859375,6.296875,5.0078125,6.8359375],"tintindex":0,"rotation":0,"texture":"#0"},"south":{"uv":[2.3046875,6.5234375,2.4296875,7.0625],"tintindex":0,"rotation":0,"texture":"#0"},"north":{"uv":[6.5,5.578125,6.625,6.1171875],"tintindex":0,"rotation":0,"texture":"#0"},"west":{"uv":[3.5,6.3359375,3.6484375,6.875],"tintindex":0,"rotation":0,"texture":"#0"},"up":{"uv":[7.5390625,7.7578125,7.4140625,7.609375],"tintindex":0,"rotation":0,"texture":"#0"},"down":{"uv":[7.6640625,7.609375,7.5390625,7.7578125],"tintindex":0,"rotation":0,"texture":"#0"}},"rotation":{"origin":[8.599999,-3.25,12.95],"angle":22.5,"axis":"x"}}],"display":{"gui":{"rotation":[30,225,0]}}}