{"textures":{"0":"modelengine:entity/ender_dragon"},"elements":[{"from":[8.202263,7.4375,7.751236],"to":[30.702267,8.6875,9.001236],"faces":{"east":{"uv":[5.1015625,7.4453125,5.0625,7.484375],"tintindex":0,"rotation":0,"texture":"#0"},"south":{"uv":[8.0390625,5.609375,7.3359375,5.6484375],"tintindex":0,"rotation":0,"texture":"#0"},"north":{"uv":[8.0390625,5.5703125,7.3359375,5.609375],"tintindex":0,"rotation":0,"texture":"#0"},"west":{"uv":[0.2578125,7.4296875,0.21875,7.46875],"tintindex":0,"rotation":0,"texture":"#0"},"up":{"uv":[7.3359375,5.6875,8.0390625,5.6484375],"tintindex":0,"rotation":0,"texture":"#0"},"down":{"uv":[7.3359375,5.6875,8.0390625,5.7265625],"tintindex":0,"rotation":0,"texture":"#0"}}},{"from":[8.202263,7.75,9.001236],"to":[30.702267,7.75,21.001236],"faces":{"up":{"uv":[0.5234375,3.453125,1.2265625,2.9453125],"tintindex":0,"rotation":0,"texture":"#0"},"down":{"uv":[0.5234375,2.9453125,1.2265625,3.453125],"tintindex":0,"rotation":0,"texture":"#0"}}}],"display":{"gui":{"rotation":[30,225,0]}}}