{"textures":{"0":"modelengine:entity/ender_dragon"},"elements":[{"from":[1.5,-9.25,-2.875],"to":[14.0,12.25,5.125],"faces":{"east":{"uv":[0.125,7.09375,0.0,7.4296875],"tintindex":0,"rotation":0,"texture":"#0"},"south":{"uv":[6.7421875,1.484375,6.546875,1.8203125],"tintindex":0,"rotation":0,"texture":"#0"},"north":{"uv":[6.71875,6.4453125,6.5234375,6.78125],"tintindex":0,"rotation":0,"texture":"#0"},"west":{"uv":[5.5625,7.0859375,5.4375,7.421875],"tintindex":0,"rotation":0,"texture":"#0"},"up":{"uv":[7.125,7.53125,7.3203125,7.40625],"tintindex":0,"rotation":0,"texture":"#0"},"down":{"uv":[0.421875,7.421875,0.6171875,7.546875],"tintindex":0,"rotation":0,"texture":"#0"}},"rotation":{"origin":[9.25,0.25,-4.0],"angle":22.5,"axis":"x"}},{"from":[3.5,-6.5,1.625],"to":[11.0,15.625,9.625],"faces":{"east":{"uv":[7.2109375,1.671875,7.0859375,2.015625],"tintindex":0,"rotation":0,"texture":"#0"},"south":{"uv":[3.296875,7.109375,3.1796875,7.453125],"tintindex":0,"rotation":0,"texture":"#0"},"north":{"uv":[3.046875,7.0625,2.9296875,7.40625],"tintindex":0,"rotation":0,"texture":"#0"},"west":{"uv":[1.7421875,7.0859375,1.6171875,7.4296875],"tintindex":0,"rotation":0,"texture":"#0"},"up":{"uv":[7.734375,4.0703125,7.8515625,3.9453125],"tintindex":0,"rotation":0,"texture":"#0"},"down":{"uv":[7.734375,4.0703125,7.8515625,4.1953125],"tintindex":0,"rotation":0,"texture":"#0"}},"rotation":{"origin":[9.25,0.25,-4.0],"angle":22.5,"axis":"x"}}],"display":{"gui":{"rotation":[30,225,0]}}}