{"textures":{"0":"modelengine:entity/ender_dragon"},"elements":[{"from":[8.202263,7.4375,7.751236],"to":[30.702267,8.6875,9.001236],"faces":{"east":{"uv":[1.6015625,7.6015625,1.5625,7.640625],"tintindex":0,"rotation":0,"texture":"#0"},"south":{"uv":[8.046875,6.5234375,7.34375,6.5625],"tintindex":0,"rotation":0,"texture":"#0"},"north":{"uv":[8.046875,6.484375,7.34375,6.5234375],"tintindex":0,"rotation":0,"texture":"#0"},"west":{"uv":[0.6171875,7.5859375,0.578125,7.625],"tintindex":0,"rotation":0,"texture":"#0"},"up":{"uv":[7.3515625,2.5625,8.0546875,2.5234375],"tintindex":0,"rotation":0,"texture":"#0"},"down":{"uv":[7.3515625,2.5625,8.0546875,2.6015625],"tintindex":0,"rotation":0,"texture":"#0"}}},{"from":[8.202263,7.9375,9.001236],"to":[30.702267,7.9375,27.001236],"faces":{"up":{"uv":[2.046875,3.703125,2.75,3.1953125],"tintindex":0,"rotation":0,"texture":"#0"},"down":{"uv":[2.046875,3.1953125,2.75,3.703125],"tintindex":0,"rotation":0,"texture":"#0"}}}],"display":{"gui":{"rotation":[30,225,0]}}}