{"textures":{"0":"modelengine:entity/ender_dragon"},"elements":[{"from":[4.0,4.75,8.25],"to":[12.0,12.75,29.75],"faces":{"east":{"uv":[4.3828125,1.6171875,5.0546875,1.8671875],"tintindex":0,"rotation":0,"texture":"#0"},"south":{"uv":[6.6171875,2.6171875,6.8671875,2.8671875],"tintindex":0,"rotation":0,"texture":"#0"},"north":{"uv":[6.609375,0.7421875,6.859375,0.9921875],"tintindex":0,"rotation":0,"texture":"#0"},"west":{"uv":[3.9765625,4.5703125,4.6484375,4.8203125],"tintindex":0,"rotation":0,"texture":"#0"},"up":{"uv":[1.703125,5.1953125,1.453125,4.5234375],"tintindex":0,"rotation":0,"texture":"#0"},"down":{"uv":[1.953125,4.5234375,1.703125,5.1953125],"tintindex":0,"rotation":0,"texture":"#0"}}},{"from":[4.625,1.5,4.5],"to":[11.375,8.25,26.75],"faces":{"east":{"uv":[4.796875,3.7578125,5.4921875,3.96875],"tintindex":0,"rotation":0,"texture":"#0"},"south":{"uv":[7.03125,4.6171875,7.2421875,4.828125],"tintindex":0,"rotation":0,"texture":"#0"},"north":{"uv":[7.03125,4.40625,7.2421875,4.6171875],"tintindex":0,"rotation":0,"texture":"#0"},"west":{"uv":[4.796875,3.96875,5.4921875,4.1796875],"tintindex":0,"rotation":0,"texture":"#0"},"up":{"uv":[2.4296875,5.375,2.21875,4.6796875],"tintindex":0,"rotation":0,"texture":"#0"},"down":{"uv":[2.640625,4.6796875,2.4296875,5.375],"tintindex":0,"rotation":0,"texture":"#0"}}},{"from":[7.12,12.292534,23.421902],"to":[8.88,16.082535,25.461903],"faces":{"east":{"uv":[2.890625,8.03125,2.9375,8.078125],"tintindex":0,"rotation":0,"texture":"#0"},"south":{"uv":[5.6171875,8.015625,5.671875,8.0625],"tintindex":0,"rotation":0,"texture":"#0"},"north":{"uv":[8.015625,3.65625,8.0703125,3.703125],"tintindex":0,"rotation":0,"texture":"#0"},"west":{"uv":[2.9375,8.03125,2.984375,8.078125],"tintindex":0,"rotation":0,"texture":"#0"},"up":{"uv":[8.0703125,5.9453125,8.015625,5.8984375],"tintindex":0,"rotation":0,"texture":"#0"},"down":{"uv":[6.1328125,8.015625,6.078125,8.0625],"tintindex":0,"rotation":0,"texture":"#0"}}},{"from":[7.12,12.292534,13.921902],"to":[8.88,16.082535,15.961903],"faces":{"east":{"uv":[2.890625,8.03125,2.9375,8.078125],"tintindex":0,"rotation":0,"texture":"#0"},"south":{"uv":[5.6171875,8.015625,5.671875,8.0625],"tintindex":0,"rotation":0,"texture":"#0"},"north":{"uv":[8.015625,3.65625,8.0703125,3.703125],"tintindex":0,"rotation":0,"texture":"#0"},"west":{"uv":[2.9375,8.03125,2.984375,8.078125],"tintindex":0,"rotation":0,"texture":"#0"},"up":{"uv":[8.0703125,5.9453125,8.015625,5.8984375],"tintindex":0,"rotation":0,"texture":"#0"},"down":{"uv":[6.1328125,8.015625,6.078125,8.0625],"tintindex":0,"rotation":0,"texture":"#0"}}},{"from":[7.23,10.909882,13.282322],"to":[8.77,15.179882,15.072323],"faces":{"east":{"uv":[0.4140625,7.734375,0.4609375,7.84375],"tintindex":0,"rotation":0,"texture":"#0"},"south":{"uv":[7.8984375,7.9609375,7.9453125,8.0703125],"tintindex":0,"rotation":0,"texture":"#0"},"north":{"uv":[2.3671875,7.390625,2.4140625,7.5],"tintindex":0,"rotation":0,"texture":"#0"},"west":{"uv":[1.8203125,7.9765625,1.8671875,8.0859375],"tintindex":0,"rotation":0,"texture":"#0"},"up":{"uv":[8.078125,1.5,8.03125,1.453125],"tintindex":0,"rotation":0,"texture":"#0"},"down":{"uv":[8.078125,1.5,8.03125,1.546875],"tintindex":0,"rotation":0,"texture":"#0"}},"rotation":{"origin":[8.11,14.079884,13.612324],"angle":45.0,"axis":"x"}},{"from":[7.23,10.909882,22.782322],"to":[8.77,15.179882,24.572323],"faces":{"east":{"uv":[0.4140625,7.734375,0.4609375,7.84375],"tintindex":0,"rotation":0,"texture":"#0"},"south":{"uv":[7.8984375,7.9609375,7.9453125,8.0703125],"tintindex":0,"rotation":0,"texture":"#0"},"north":{"uv":[2.3671875,7.390625,2.4140625,7.5],"tintindex":0,"rotation":0,"texture":"#0"},"west":{"uv":[1.8203125,7.9765625,1.8671875,8.0859375],"tintindex":0,"rotation":0,"texture":"#0"},"up":{"uv":[8.078125,1.5,8.03125,1.453125],"tintindex":0,"rotation":0,"texture":"#0"},"down":{"uv":[8.078125,1.5,8.03125,1.546875],"tintindex":0,"rotation":0,"texture":"#0"}},"rotation":{"origin":[8.11,14.079884,23.112324],"angle":45.0,"axis":"x"}}],"display":{"gui":{"rotation":[30,225,0]}}}