{"textures":{"0":"modelengine:entity/ender_dragon"},"elements":[{"from":[6.25,4.950001,6.6500015],"to":[9.75,9.450001,28.149994],"faces":{"east":{"uv":[6.0,1.34375,6.671875,1.484375],"tintindex":0,"rotation":0,"texture":"#0"},"south":{"uv":[7.734375,1.0625,7.84375,1.203125],"tintindex":0,"rotation":0,"texture":"#0"},"north":{"uv":[0.3046875,7.734375,0.4140625,7.875],"tintindex":0,"rotation":0,"texture":"#0"},"west":{"uv":[6.0078125,2.4765625,6.6796875,2.6171875],"tintindex":0,"rotation":0,"texture":"#0"},"up":{"uv":[1.6171875,7.140625,1.5078125,6.46875],"tintindex":0,"rotation":0,"texture":"#0"},"down":{"uv":[1.0625,6.5,0.953125,7.171875],"tintindex":0,"rotation":0,"texture":"#0"}}},{"from":[7.375,8.297199,12.631706],"to":[8.625,10.547199,13.881706],"faces":{"east":{"uv":[3.4609375,6.7109375,3.5,6.78125],"tintindex":0,"rotation":0,"texture":"#0"},"south":{"uv":[3.203125,6.7265625,3.2421875,6.796875],"tintindex":0,"rotation":0,"texture":"#0"},"north":{"uv":[6.6875,3.9375,6.7265625,4.0078125],"tintindex":0,"rotation":0,"texture":"#0"},"west":{"uv":[0.125,6.734375,0.1640625,6.8046875],"tintindex":0,"rotation":0,"texture":"#0"},"up":{"uv":[0.1328125,7.8203125,0.09375,7.78125],"tintindex":0,"rotation":0,"texture":"#0"},"down":{"uv":[7.8984375,5.3515625,7.859375,5.390625],"tintindex":0,"rotation":0,"texture":"#0"}}}],"display":{"gui":{"rotation":[30,225,0]}}}