{"textures":{"0":"modelengine:entity/ender_dragon"},"elements":[{"from":[7.12,9.542534,22.421906],"to":[8.88,13.332535,24.461906],"faces":{"east":{"uv":[2.890625,8.03125,2.9375,8.078125],"tintindex":0,"rotation":0,"texture":"#0"},"south":{"uv":[5.6171875,8.015625,5.671875,8.0625],"tintindex":0,"rotation":0,"texture":"#0"},"north":{"uv":[8.015625,3.65625,8.0703125,3.703125],"tintindex":0,"rotation":0,"texture":"#0"},"west":{"uv":[2.9375,8.03125,2.984375,8.078125],"tintindex":0,"rotation":0,"texture":"#0"},"up":{"uv":[8.0703125,5.9453125,8.015625,5.8984375],"tintindex":0,"rotation":0,"texture":"#0"},"down":{"uv":[6.1328125,8.015625,6.078125,8.0625],"tintindex":0,"rotation":0,"texture":"#0"}}},{"from":[4.875,4.75,8.25],"to":[11.125,11.75,29.75],"faces":{"east":{"uv":[4.7734375,3.3203125,5.4453125,3.5390625],"tintindex":0,"rotation":0,"texture":"#0"},"south":{"uv":[6.953125,7.0859375,7.1484375,7.3046875],"tintindex":0,"rotation":0,"texture":"#0"},"north":{"uv":[7.0859375,2.015625,7.28125,2.234375],"tintindex":0,"rotation":0,"texture":"#0"},"west":{"uv":[4.7734375,3.5390625,5.4453125,3.7578125],"tintindex":0,"rotation":0,"texture":"#0"},"up":{"uv":[1.4140625,5.5703125,1.21875,4.8984375],"tintindex":0,"rotation":0,"texture":"#0"},"down":{"uv":[0.5,4.9609375,0.3046875,5.6328125],"tintindex":0,"rotation":0,"texture":"#0"}}},{"from":[7.12,10.542534,12.6719055],"to":[8.88,14.332535,14.711906],"faces":{"east":{"uv":[2.890625,8.03125,2.9375,8.078125],"tintindex":0,"rotation":0,"texture":"#0"},"south":{"uv":[5.6171875,8.015625,5.671875,8.0625],"tintindex":0,"rotation":0,"texture":"#0"},"north":{"uv":[8.015625,3.65625,8.0703125,3.703125],"tintindex":0,"rotation":0,"texture":"#0"},"west":{"uv":[2.9375,8.03125,2.984375,8.078125],"tintindex":0,"rotation":0,"texture":"#0"},"up":{"uv":[8.0703125,5.9453125,8.015625,5.8984375],"tintindex":0,"rotation":0,"texture":"#0"},"down":{"uv":[6.1328125,8.015625,6.078125,8.0625],"tintindex":0,"rotation":0,"texture":"#0"}}},{"from":[5.625,3.25,7.25],"to":[10.375,8.75,29.5],"faces":{"east":{"uv":[4.796875,3.7578125,5.4921875,3.96875],"tintindex":0,"rotation":0,"texture":"#0"},"south":{"uv":[7.03125,4.6171875,7.2421875,4.828125],"tintindex":0,"rotation":0,"texture":"#0"},"north":{"uv":[7.03125,4.40625,7.2421875,4.6171875],"tintindex":0,"rotation":0,"texture":"#0"},"west":{"uv":[4.796875,3.96875,5.4921875,4.1796875],"tintindex":0,"rotation":0,"texture":"#0"},"up":{"uv":[2.4296875,5.375,2.21875,4.6796875],"tintindex":0,"rotation":0,"texture":"#0"},"down":{"uv":[2.640625,4.6796875,2.4296875,5.375],"tintindex":0,"rotation":0,"texture":"#0"}}}],"display":{"gui":{"rotation":[30,225,0]}}}