{"textures":{"0":"modelengine:entity/ender_dragon"},"elements":[{"from":[5.75,5.75,8.25],"to":[10.25,10.75,29.75],"faces":{"east":{"uv":[5.5,4.59375,6.171875,4.75],"tintindex":0,"rotation":0,"texture":"#0"},"south":{"uv":[4.7109375,7.4921875,4.8515625,7.6484375],"tintindex":0,"rotation":0,"texture":"#0"},"north":{"uv":[1.421875,7.484375,1.5625,7.640625],"tintindex":0,"rotation":0,"texture":"#0"},"west":{"uv":[5.5078125,1.84375,6.1796875,2.0],"tintindex":0,"rotation":0,"texture":"#0"},"up":{"uv":[5.765625,6.578125,5.625,5.90625],"tintindex":0,"rotation":0,"texture":"#0"},"down":{"uv":[2.3046875,5.9140625,2.1640625,6.5859375],"tintindex":0,"rotation":0,"texture":"#0"}}},{"from":[7.12,8.042534,22.671906],"to":[8.88,11.832535,24.711906],"faces":{"east":{"uv":[2.890625,8.03125,2.9375,8.078125],"tintindex":0,"rotation":0,"texture":"#0"},"south":{"uv":[5.6171875,8.015625,5.671875,8.0625],"tintindex":0,"rotation":0,"texture":"#0"},"north":{"uv":[8.015625,3.65625,8.0703125,3.703125],"tintindex":0,"rotation":0,"texture":"#0"},"west":{"uv":[2.9375,8.03125,2.984375,8.078125],"tintindex":0,"rotation":0,"texture":"#0"},"up":{"uv":[8.0703125,5.9453125,8.015625,5.8984375],"tintindex":0,"rotation":0,"texture":"#0"},"down":{"uv":[6.1328125,8.015625,6.078125,8.0625],"tintindex":0,"rotation":0,"texture":"#0"}}},{"from":[6.375,3.6875,8.4375],"to":[9.625,9.1875,30.6875],"faces":{"east":{"uv":[4.796875,3.7578125,5.4921875,3.96875],"tintindex":0,"rotation":0,"texture":"#0"},"south":{"uv":[7.03125,4.6171875,7.2421875,4.828125],"tintindex":0,"rotation":0,"texture":"#0"},"north":{"uv":[7.03125,4.40625,7.2421875,4.6171875],"tintindex":0,"rotation":0,"texture":"#0"},"west":{"uv":[4.796875,3.96875,5.4921875,4.1796875],"tintindex":0,"rotation":0,"texture":"#0"},"up":{"uv":[2.4296875,5.375,2.21875,4.6796875],"tintindex":0,"rotation":0,"texture":"#0"},"down":{"uv":[2.640625,4.6796875,2.4296875,5.375],"tintindex":0,"rotation":0,"texture":"#0"}}},{"from":[7.12,8.542534,13.6719055],"to":[8.88,12.332535,15.711906],"faces":{"east":{"uv":[2.890625,8.03125,2.9375,8.078125],"tintindex":0,"rotation":0,"texture":"#0"},"south":{"uv":[5.6171875,8.015625,5.671875,8.0625],"tintindex":0,"rotation":0,"texture":"#0"},"north":{"uv":[8.015625,3.65625,8.0703125,3.703125],"tintindex":0,"rotation":0,"texture":"#0"},"west":{"uv":[2.9375,8.03125,2.984375,8.078125],"tintindex":0,"rotation":0,"texture":"#0"},"up":{"uv":[8.0703125,5.9453125,8.015625,5.8984375],"tintindex":0,"rotation":0,"texture":"#0"},"down":{"uv":[6.1328125,8.015625,6.078125,8.0625],"tintindex":0,"rotation":0,"texture":"#0"}}}],"display":{"gui":{"rotation":[30,225,0]}}}