{"textures":{"0":"modelengine:entity/leo"},"elements":[{"from":[7.1899996,4.8957906,6.1395893],"to":[10.43,9.21579,9.379589],"faces":{"east":{"uv":[4.5,4.25,4.875,4.8125],"tintindex":0,"rotation":0,"texture":"#0"},"south":{"uv":[4.625,0.5,5.0,1.0625],"tintindex":0,"rotation":0,"texture":"#0"},"north":{"uv":[4.5,3.5,4.875,4.0625],"tintindex":0,"rotation":0,"texture":"#0"},"west":{"uv":[4.625,1.25,5.0,1.8125],"tintindex":0,"rotation":0,"texture":"#0"},"up":{"uv":[5.875,3.625,5.5,3.25],"tintindex":0,"rotation":0,"texture":"#0"},"down":{"uv":[4.375,5.5,4.0,5.875],"tintindex":0,"rotation":0,"texture":"#0"}},"rotation":{"origin":[11.51,8.716946,9.633587],"angle":-22.5,"axis":"x"}},{"from":[6.6499996,7.5957904,8.839589],"to":[7.1899996,8.675791,9.919589],"faces":{"east":{"uv":[3.5,4.5,3.625,4.625],"tintindex":0,"rotation":0,"texture":"#0"},"south":{"uv":[2.5,7.375,2.5625,7.5],"tintindex":0,"rotation":0,"texture":"#0"},"north":{"uv":[0.5,7.375,0.5625,7.5],"tintindex":0,"rotation":0,"texture":"#0"},"west":{"uv":[5.5,3.75,5.625,3.875],"tintindex":0,"rotation":0,"texture":"#0"},"up":{"uv":[7.4375,3.5,7.375,3.375],"tintindex":0,"rotation":0,"texture":"#0"},"down":{"uv":[7.4375,3.625,7.375,3.75],"tintindex":0,"rotation":0,"texture":"#0"}},"rotation":{"origin":[11.51,8.716946,9.633587],"angle":-22.5,"axis":"x"}},{"from":[6.6499996,7.0557904,7.759589],"to":[7.1899996,8.675791,8.839589],"faces":{"east":{"uv":[4.5,7.125,4.625,7.3125],"tintindex":0,"rotation":0,"texture":"#0"},"south":{"uv":[7.0,7.25,7.0625,7.4375],"tintindex":0,"rotation":0,"texture":"#0"},"north":{"uv":[3.875,7.25,3.9375,7.4375],"tintindex":0,"rotation":0,"texture":"#0"},"west":{"uv":[4.75,7.125,4.875,7.3125],"tintindex":0,"rotation":0,"texture":"#0"},"up":{"uv":[7.3125,5.25,7.25,5.125],"tintindex":0,"rotation":0,"texture":"#0"},"down":{"uv":[0.3125,7.375,0.25,7.5],"tintindex":0,"rotation":0,"texture":"#0"}},"rotation":{"origin":[11.51,8.716946,9.633587],"angle":-22.5,"axis":"x"}},{"from":[6.6499996,6.5157905,5.599589],"to":[8.809999,8.675791,7.759589],"faces":{"east":{"uv":[6.625,0.75,6.875,1.0],"tintindex":0,"rotation":0,"texture":"#0"},"south":{"uv":[6.625,1.125,6.875,1.375],"tintindex":0,"rotation":0,"texture":"#0"},"north":{"uv":[6.625,0.375,6.875,0.625],"tintindex":0,"rotation":0,"texture":"#0"},"west":{"uv":[6.625,1.5,6.875,1.75],"tintindex":0,"rotation":0,"texture":"#0"},"up":{"uv":[6.875,2.125,6.625,1.875],"tintindex":0,"rotation":0,"texture":"#0"},"down":{"uv":[6.875,3.125,6.625,3.375],"tintindex":0,"rotation":0,"texture":"#0"}},"rotation":{"origin":[11.51,8.716946,9.633587],"angle":-22.5,"axis":"x"}}],"display":{"gui":{"rotation":[30,225,0]}}}