{"textures":{"0":"modelengine:entity/cajero_texture"},"elements":[{"from":[21.65,2.540001,7.8180003],"to":[22.105,3.9050007,11.458],"faces":{"east":{"uv":[5.125,6.4375,5.375,6.53125],"tintindex":0,"rotation":0,"texture":"#0"},"south":{"uv":[4.375,3.75,4.40625,3.84375],"tintindex":0,"rotation":0,"texture":"#0"},"north":{"uv":[4.375,3.75,4.40625,3.84375],"tintindex":0,"rotation":0,"texture":"#0"},"west":{"uv":[5.875,6.8125,6.125,6.90625],"tintindex":0,"rotation":0,"texture":"#0"},"up":{"uv":[4.40625,3.75,4.375,3.5],"tintindex":0,"rotation":0,"texture":"#0"},"down":{"uv":[4.40625,3.5,4.375,3.75],"tintindex":0,"rotation":0,"texture":"#0"}}},{"from":[21.65,3.4500008,7.8180003],"to":[28.93,3.9050007,11.458],"faces":{"east":{"uv":[6.125,6.875,6.375,6.90625],"tintindex":0,"rotation":0,"texture":"#0"},"south":{"uv":[6.4375,5.5,6.9375,5.53125],"tintindex":0,"rotation":0,"texture":"#0"},"north":{"uv":[6.4375,5.5,6.9375,5.53125],"tintindex":0,"rotation":0,"texture":"#0"},"west":{"uv":[6.125,6.875,6.375,6.90625],"tintindex":0,"rotation":0,"texture":"#0"},"up":{"uv":[4.375,3.75,3.875,3.5],"tintindex":0,"rotation":0,"texture":"#0"},"down":{"uv":[4.9375,2.125,4.4375,2.375],"tintindex":0,"rotation":0,"texture":"#0"}}},{"from":[28.475,2.540001,7.8180003],"to":[28.93,3.9050007,11.458],"faces":{"east":{"uv":[4.1875,6.0625,4.4375,6.15625],"tintindex":0,"rotation":0,"texture":"#0"},"south":{"uv":[4.375,3.75,4.40625,3.84375],"tintindex":0,"rotation":0,"texture":"#0"},"north":{"uv":[4.375,3.75,4.40625,3.84375],"tintindex":0,"rotation":0,"texture":"#0"},"west":{"uv":[4.875,6.4375,5.125,6.53125],"tintindex":0,"rotation":0,"texture":"#0"},"up":{"uv":[4.40625,3.75,4.375,3.5],"tintindex":0,"rotation":0,"texture":"#0"},"down":{"uv":[4.40625,3.5,4.375,3.75],"tintindex":0,"rotation":0,"texture":"#0"}}},{"from":[21.65,2.085001,7.8180003],"to":[28.93,3.177,11.458],"faces":{"east":{"uv":[2.0,5.25,2.25,5.3125],"tintindex":0,"rotation":0,"texture":"#0"},"south":{"uv":[3.875,3.8125,4.375,3.875],"tintindex":0,"rotation":0,"texture":"#0"},"north":{"uv":[3.875,3.75,4.375,3.8125],"tintindex":0,"rotation":0,"texture":"#0"},"west":{"uv":[6.125,6.8125,6.375,6.875],"tintindex":0,"rotation":0,"texture":"#0"},"up":{"uv":[4.4375,6.0625,3.9375,5.8125],"tintindex":0,"rotation":0,"texture":"#0"},"down":{"uv":[5.375,6.1875,4.875,6.4375],"tintindex":0,"rotation":0,"texture":"#0"}}}],"display":{"gui":{"rotation":[30,225,0]}}}