{"textures":{"0":"modelengine:entity/cajero_texture"},"elements":[{"from":[6.1800003,16.645,2.995],"to":[6.635,20.285,6.635],"faces":{"east":{"uv":[4.9375,2.125,5.1875,2.375],"tintindex":0,"rotation":0,"texture":"#0"},"south":{"uv":[4.375,3.5,4.40625,3.75],"tintindex":0,"rotation":0,"texture":"#0"},"north":{"uv":[4.375,3.5,4.40625,3.75],"tintindex":0,"rotation":0,"texture":"#0"},"west":{"uv":[7.125,5.8125,7.375,6.0625],"tintindex":0,"rotation":0,"texture":"#0"},"up":{"uv":[4.40625,3.75,4.375,3.5],"tintindex":0,"rotation":0,"texture":"#0"},"down":{"uv":[4.34375,5.3125,4.3125,5.5625],"tintindex":0,"rotation":0,"texture":"#0"}},"rotation":{"origin":[11.639999,18.92,4.815],"angle":22.5,"axis":"x"}},{"from":[11.639999,16.645,2.995],"to":[12.095,20.285,6.635],"faces":{"east":{"uv":[7.125,6.5625,7.375,6.8125],"tintindex":0,"rotation":0,"texture":"#0"},"south":{"uv":[5.375,4.5625,5.40625,4.8125],"tintindex":0,"rotation":0,"texture":"#0"},"north":{"uv":[4.375,5.3125,4.40625,5.5625],"tintindex":0,"rotation":0,"texture":"#0"},"west":{"uv":[3.8125,7.1875,4.0625,7.4375],"tintindex":0,"rotation":0,"texture":"#0"},"up":{"uv":[4.34375,5.8125,4.3125,5.5625],"tintindex":0,"rotation":0,"texture":"#0"},"down":{"uv":[4.40625,5.5625,4.375,5.8125],"tintindex":0,"rotation":0,"texture":"#0"}},"rotation":{"origin":[11.639999,18.92,4.815],"angle":22.5,"axis":"x"}},{"from":[6.1800003,16.645,1.6300001],"to":[12.095,17.1,5.27],"faces":{"east":{"uv":[7.3125,4.0625,7.5625,4.09375],"tintindex":0,"rotation":0,"texture":"#0"},"south":{"uv":[7.3125,3.9375,7.71875,3.96875],"tintindex":0,"rotation":0,"texture":"#0"},"north":{"uv":[3.0625,7.3125,3.46875,7.34375],"tintindex":0,"rotation":0,"texture":"#0"},"west":{"uv":[7.3125,4.125,7.5625,4.15625],"tintindex":0,"rotation":0,"texture":"#0"},"up":{"uv":[7.53125,2.5,7.125,2.25],"tintindex":0,"rotation":0,"texture":"#0"},"down":{"uv":[7.53125,2.5,7.125,2.75],"tintindex":0,"rotation":0,"texture":"#0"}},"rotation":{"origin":[11.639999,15.735001,3.4499998],"angle":22.5,"axis":"x"}},{"from":[6.1800003,19.83,2.995],"to":[12.095,20.285,6.635],"faces":{"east":{"uv":[6.125,6.875,6.375,6.90625],"tintindex":0,"rotation":0,"texture":"#0"},"south":{"uv":[1.4375,7.0625,1.84375,7.09375],"tintindex":0,"rotation":0,"texture":"#0"},"north":{"uv":[1.4375,7.0,1.84375,7.03125],"tintindex":0,"rotation":0,"texture":"#0"},"west":{"uv":[7.3125,4.0,7.5625,4.03125],"tintindex":0,"rotation":0,"texture":"#0"},"up":{"uv":[2.40625,5.25,2.0,5.0],"tintindex":0,"rotation":0,"texture":"#0"},"down":{"uv":[0.78125,6.5,0.375,6.75],"tintindex":0,"rotation":0,"texture":"#0"}},"rotation":{"origin":[11.639999,18.92,4.815],"angle":22.5,"axis":"x"}}],"display":{"gui":{"rotation":[30,225,0]}}}