{"textures":{"0":"modelengine:entity/orc_warrior","2":"modelengine:entity/orc_archer"},"elements":[{"from":[6.9875,19.738188,-10.837877],"to":[9.0125,22.738188,-4.8378773],"faces":{"east":{"uv":[4.508,3.258,5.992,3.992],"tintindex":0,"rotation":0,"texture":"#2"},"south":{"uv":[5.508,6.258,5.992,6.992],"tintindex":0,"rotation":0,"texture":"#2"},"north":{"uv":[6.258,4.008,6.742,4.742],"tintindex":0,"rotation":0,"texture":"#2"},"west":{"uv":[4.508,4.258,5.992,4.992],"tintindex":0,"rotation":0,"texture":"#2"},"up":{"uv":[4.492,6.742,4.008,5.258],"tintindex":0,"rotation":0,"texture":"#2"},"down":{"uv":[5.242,5.258,4.758,6.742],"tintindex":0,"rotation":0,"texture":"#2"}},"rotation":{"origin":[4.8231983,-2.5419025,-2.00488],"angle":45.0,"axis":"x"}},{"from":[7.0,3.7497177,17.266735],"to":[9.0,9.74972,20.266735],"faces":{"east":{"uv":[1.508,4.508,2.242,5.992],"tintindex":0,"rotation":0,"texture":"#2"},"south":{"uv":[3.258,5.258,3.742,6.742],"tintindex":0,"rotation":0,"texture":"#2"},"north":{"uv":[2.508,5.258,2.992,6.742],"tintindex":0,"rotation":0,"texture":"#2"},"west":{"uv":[4.508,1.508,5.242,2.992],"tintindex":0,"rotation":0,"texture":"#2"},"up":{"uv":[0.492,6.492,0.008,5.758],"tintindex":0,"rotation":0,"texture":"#2"},"down":{"uv":[1.242,5.758,0.758,6.492],"tintindex":0,"rotation":0,"texture":"#2"}},"rotation":{"origin":[4.8231983,-2.5419025,-2.00488],"angle":-22.5,"axis":"x"}},{"from":[4.0,6.518484,4.3603992],"to":[12.0,11.518484,9.360399],"faces":{"east":{"uv":[5.6895,4.3145,5.998,4.623],"tintindex":0,"rotation":0,"texture":"#0"},"south":{"uv":[2.9395,4.377,3.4355,4.6855],"tintindex":0,"rotation":0,"texture":"#0"},"north":{"uv":[4.377,1.8145,4.873,2.123],"tintindex":0,"rotation":0,"texture":"#0"},"west":{"uv":[5.3145,5.6895,5.623,5.998],"tintindex":0,"rotation":0,"texture":"#0"},"up":{"uv":[4.873,3.248,4.377,2.9395],"tintindex":0,"rotation":0,"texture":"#0"},"down":{"uv":[4.8105,4.377,4.3145,4.6855],"tintindex":0,"rotation":0,"texture":"#0"}}},{"from":[4.0,11.518484,1.3603992],"to":[12.0,16.518484,9.360399],"faces":{"east":{"uv":[0.8145,4.3145,1.3105,4.623],"tintindex":0,"rotation":0,"texture":"#0"},"south":{"uv":[1.377,4.3145,1.873,4.623],"tintindex":0,"rotation":0,"texture":"#0"},"north":{"uv":[4.252,3.627,4.748,3.9355],"tintindex":0,"rotation":0,"texture":"#0"},"west":{"uv":[4.3145,4.002,4.8105,4.3105],"tintindex":0,"rotation":0,"texture":"#0"},"up":{"uv":[2.6855,3.5605,2.1895,3.0645],"tintindex":0,"rotation":0,"texture":"#0"},"down":{"uv":[3.623,0.4395,3.127,0.9355],"tintindex":0,"rotation":0,"texture":"#0"}}},{"from":[-3.5406065,10.518484,4.0780177],"to":[1.459393,16.518484,4.0780177],"faces":{"south":{"uv":[2.998,5.3145,2.6895,5.6855],"tintindex":0,"rotation":0,"texture":"#0"},"north":{"uv":[2.6895,5.3145,2.998,5.6855],"tintindex":0,"rotation":0,"texture":"#0"},"west":{"uv":[2.252,5.127,2.242,5.498],"tintindex":0,"rotation":0,"texture":"#0"}},"rotation":{"origin":[4.8231983,-2.5419025,-2.00488],"angle":22.5,"axis":"y"}},{"from":[7.0,12.518484,2.3603992],"to":[9.0,19.518484,11.360399],"faces":{"east":{"uv":[3.127,1.002,3.6855,1.4355],"tintindex":0,"rotation":0,"texture":"#0"},"south":{"uv":[1.8145,6.377,1.9355,6.8105],"tintindex":0,"rotation":0,"texture":"#0"},"north":{"uv":[2.3145,4.5645,2.4355,4.998],"tintindex":0,"rotation":0,"texture":"#0"},"west":{"uv":[0.002,3.1895,0.5605,3.623],"tintindex":0,"rotation":0,"texture":"#0"},"up":{"uv":[6.1855,6.123,6.0645,5.5645],"tintindex":0,"rotation":0,"texture":"#0"},"down":{"uv":[5.748,6.0645,5.627,6.623],"tintindex":0,"rotation":0,"texture":"#0"}}},{"from":[7.0,11.518484,0.38539934],"to":[9.0,15.518484,1.3853993],"faces":{"east":{"uv":[0.6895,4.377,0.748,4.623],"tintindex":0,"rotation":0,"texture":"#0"},"south":{"uv":[4.377,2.1895,4.498,2.4355],"tintindex":0,"rotation":0,"texture":"#0"},"north":{"uv":[2.002,3.3145,2.123,3.5605],"tintindex":0,"rotation":0,"texture":"#0"},"west":{"uv":[5.0645,0.502,5.123,0.748],"tintindex":0,"rotation":0,"texture":"#0"},"up":{"uv":[3.873,1.4355,3.752,1.377],"tintindex":0,"rotation":0,"texture":"#0"},"down":{"uv":[4.248,0.502,4.127,0.5605],"tintindex":0,"rotation":0,"texture":"#0"}}},{"from":[14.056967,10.518484,1.6465993],"to":[19.056969,16.518484,1.6465993],"faces":{"east":{"uv":[2.252,5.127,2.242,5.498],"tintindex":0,"rotation":0,"texture":"#0"},"south":{"uv":[2.6895,5.3145,2.998,5.6855],"tintindex":0,"rotation":0,"texture":"#0"},"north":{"uv":[2.998,5.3145,2.6895,5.6855],"tintindex":0,"rotation":0,"texture":"#0"}},"rotation":{"origin":[4.8231983,-2.5419025,-2.00488],"angle":-22.5,"axis":"y"}}],"display":{"gui":{"rotation":[30,225,0]}}}