{"textures":{"0":"modelengine:entity/orc_warrior"},"elements":[{"from":[5.7659373,0.083049774,5.5535717],"to":[10.765937,8.08305,10.553572],"faces":{"east":{"uv":[3.1855,4.752,2.877,5.248],"tintindex":0,"rotation":0,"texture":"#0"},"south":{"uv":[1.8105,4.6895,1.502,5.1855],"tintindex":0,"rotation":0,"texture":"#0"},"north":{"uv":[1.0605,4.6895,0.752,5.1855],"tintindex":0,"rotation":0,"texture":"#0"},"west":{"uv":[1.4355,4.6895,1.127,5.1855],"tintindex":0,"rotation":0,"texture":"#0"},"up":{"uv":[5.752,1.5605,6.0605,1.252],"tintindex":0,"rotation":0,"texture":"#0"},"down":{"uv":[5.752,1.627,6.0605,1.9355],"tintindex":0,"rotation":0,"texture":"#0"}}},{"from":[5.7713137,-1.9169502,5.5535717],"to":[6.7713137,0.083049774,6.5535717],"faces":{"east":{"uv":[0.873,7.127,0.8145,7.248],"tintindex":0,"rotation":0,"texture":"#0"},"south":{"uv":[0.748,7.127,0.6895,7.248],"tintindex":0,"rotation":0,"texture":"#0"},"north":{"uv":[0.3105,7.127,0.252,7.248],"tintindex":0,"rotation":0,"texture":"#0"},"west":{"uv":[0.623,7.127,0.5645,7.248],"tintindex":0,"rotation":0,"texture":"#0"},"up":{"uv":[6.127,0.3105,6.1855,0.252],"tintindex":0,"rotation":0,"texture":"#0"},"down":{"uv":[6.252,3.0645,6.3105,3.123],"tintindex":0,"rotation":0,"texture":"#0"}}},{"from":[8.646314,-3.8994884,9.553572],"to":[10.646314,-2.8994884,10.553572],"faces":{"east":{"uv":[5.8105,5.0645,5.752,5.123],"tintindex":0,"rotation":270,"texture":"#0"},"south":{"uv":[7.0645,6.248,7.123,6.127],"tintindex":0,"rotation":270,"texture":"#0"},"north":{"uv":[7.002,5.498,7.0605,5.377],"tintindex":0,"rotation":90,"texture":"#0"},"west":{"uv":[5.9355,5.123,5.877,5.0645],"tintindex":0,"rotation":270,"texture":"#0"},"up":{"uv":[7.0645,3.373,7.123,3.252],"tintindex":0,"rotation":270,"texture":"#0"},"down":{"uv":[6.752,7.1855,6.8105,7.0645],"tintindex":0,"rotation":270,"texture":"#0"}}},{"from":[3.0877385,-2.3907309,5.5535717],"to":[4.0877385,-0.3907318,6.5535717],"faces":{"east":{"uv":[0.1855,7.127,0.127,7.248],"tintindex":0,"rotation":0,"texture":"#0"},"south":{"uv":[0.0605,7.127,0.002,7.248],"tintindex":0,"rotation":0,"texture":"#0"},"north":{"uv":[6.9355,7.0645,6.877,7.1855],"tintindex":0,"rotation":0,"texture":"#0"},"west":{"uv":[7.0605,7.0645,7.002,7.1855],"tintindex":0,"rotation":0,"texture":"#0"},"up":{"uv":[5.9395,0.8105,5.998,0.752],"tintindex":0,"rotation":0,"texture":"#0"},"down":{"uv":[2.127,5.9395,2.1855,5.998],"tintindex":0,"rotation":0,"texture":"#0"}},"rotation":{"origin":[8.265937,5.5917816,8.053572],"angle":22.5,"axis":"z"}},{"from":[8.646314,-3.8994884,6.8035717],"to":[10.646314,-2.8994884,7.803571],"faces":{"east":{"uv":[5.8105,5.0645,5.752,5.123],"tintindex":0,"rotation":270,"texture":"#0"},"south":{"uv":[7.0645,6.248,7.123,6.127],"tintindex":0,"rotation":270,"texture":"#0"},"north":{"uv":[7.002,5.498,7.0605,5.377],"tintindex":0,"rotation":90,"texture":"#0"},"west":{"uv":[5.9355,5.123,5.877,5.0645],"tintindex":0,"rotation":270,"texture":"#0"},"up":{"uv":[7.0645,3.373,7.123,3.252],"tintindex":0,"rotation":270,"texture":"#0"},"down":{"uv":[6.752,7.1855,6.8105,7.0645],"tintindex":0,"rotation":270,"texture":"#0"}}},{"from":[9.740937,-2.9169502,6.8035717],"to":[10.740937,0.083049774,7.803571],"faces":{"east":{"uv":[1.1855,7.002,1.127,7.1855],"tintindex":0,"rotation":0,"texture":"#0"},"south":{"uv":[4.0605,6.627,4.002,6.8105],"tintindex":0,"rotation":0,"texture":"#0"},"north":{"uv":[1.373,5.877,1.3145,6.0605],"tintindex":0,"rotation":0,"texture":"#0"},"west":{"uv":[3.873,6.377,3.8145,6.5605],"tintindex":0,"rotation":0,"texture":"#0"},"up":{"uv":[1.0645,3.248,1.123,3.1895],"tintindex":0,"rotation":0,"texture":"#0"},"down":{"uv":[0.8145,4.1895,0.873,4.248],"tintindex":0,"rotation":0,"texture":"#0"}}},{"from":[9.740937,-2.9169502,9.553572],"to":[10.740937,0.083049774,10.553572],"faces":{"east":{"uv":[1.1855,7.002,1.127,7.1855],"tintindex":0,"rotation":0,"texture":"#0"},"south":{"uv":[4.0605,6.627,4.002,6.8105],"tintindex":0,"rotation":0,"texture":"#0"},"north":{"uv":[1.373,5.877,1.3145,6.0605],"tintindex":0,"rotation":0,"texture":"#0"},"west":{"uv":[3.873,6.377,3.8145,6.5605],"tintindex":0,"rotation":0,"texture":"#0"},"up":{"uv":[1.0645,3.248,1.123,3.1895],"tintindex":0,"rotation":0,"texture":"#0"},"down":{"uv":[0.8145,4.1895,0.873,4.248],"tintindex":0,"rotation":0,"texture":"#0"}}},{"from":[9.740937,-2.9169502,5.5535717],"to":[10.740937,0.083049774,6.5535717],"faces":{"east":{"uv":[1.1855,7.002,1.127,7.1855],"tintindex":0,"rotation":0,"texture":"#0"},"south":{"uv":[4.0605,6.627,4.002,6.8105],"tintindex":0,"rotation":0,"texture":"#0"},"north":{"uv":[1.373,5.877,1.3145,6.0605],"tintindex":0,"rotation":0,"texture":"#0"},"west":{"uv":[3.873,6.377,3.8145,6.5605],"tintindex":0,"rotation":0,"texture":"#0"},"up":{"uv":[1.0645,3.248,1.123,3.1895],"tintindex":0,"rotation":0,"texture":"#0"},"down":{"uv":[0.8145,4.1895,0.873,4.248],"tintindex":0,"rotation":0,"texture":"#0"}}},{"from":[6.765937,1.0830498,3.5535712],"to":[12.765937,3.0830498,12.553572],"faces":{"east":{"uv":[6.623,4.4395,6.0645,4.5605],"tintindex":0,"rotation":0,"texture":"#0"},"south":{"uv":[6.9355,0.002,6.5645,0.123],"tintindex":0,"rotation":0,"texture":"#0"},"north":{"uv":[6.8105,5.9395,6.4395,6.0605],"tintindex":0,"rotation":0,"texture":"#0"},"west":{"uv":[6.623,4.252,6.0645,4.373],"tintindex":0,"rotation":0,"texture":"#0"},"up":{"uv":[0.002,4.248,0.373,3.6895],"tintindex":0,"rotation":0,"texture":"#0"},"down":{"uv":[3.6895,0.002,4.0605,0.5605],"tintindex":0,"rotation":0,"texture":"#0"}}},{"from":[8.646314,-3.8994884,8.178572],"to":[10.646314,-2.8994884,9.178572],"faces":{"east":{"uv":[5.8105,5.0645,5.752,5.123],"tintindex":0,"rotation":270,"texture":"#0"},"south":{"uv":[7.0645,6.248,7.123,6.127],"tintindex":0,"rotation":270,"texture":"#0"},"north":{"uv":[7.002,5.498,7.0605,5.377],"tintindex":0,"rotation":90,"texture":"#0"},"west":{"uv":[5.9355,5.123,5.877,5.0645],"tintindex":0,"rotation":270,"texture":"#0"},"up":{"uv":[7.0645,3.373,7.123,3.252],"tintindex":0,"rotation":270,"texture":"#0"},"down":{"uv":[6.752,7.1855,6.8105,7.0645],"tintindex":0,"rotation":270,"texture":"#0"}}},{"from":[5.2659373,3.0830498,5.0535717],"to":[7.265937,6.08305,11.053572],"faces":{"east":{"uv":[6.498,0.002,6.127,0.1855],"tintindex":0,"rotation":0,"texture":"#0"},"south":{"uv":[4.123,6.877,4.002,7.0605],"tintindex":0,"rotation":0,"texture":"#0"},"north":{"uv":[3.748,6.877,3.627,7.0605],"tintindex":0,"rotation":0,"texture":"#0"},"west":{"uv":[5.9355,3.5645,5.5645,3.748],"tintindex":0,"rotation":0,"texture":"#0"},"up":{"uv":[1.0645,6.9355,1.1855,6.5645],"tintindex":0,"rotation":0,"texture":"#0"},"down":{"uv":[6.5645,1.1895,6.6855,1.5605],"tintindex":0,"rotation":0,"texture":"#0"}}},{"from":[9.740937,-2.9169502,8.178572],"to":[10.740937,0.083049774,9.178572],"faces":{"east":{"uv":[1.1855,7.002,1.127,7.1855],"tintindex":0,"rotation":0,"texture":"#0"},"south":{"uv":[4.0605,6.627,4.002,6.8105],"tintindex":0,"rotation":0,"texture":"#0"},"north":{"uv":[1.373,5.877,1.3145,6.0605],"tintindex":0,"rotation":0,"texture":"#0"},"west":{"uv":[3.873,6.377,3.8145,6.5605],"tintindex":0,"rotation":0,"texture":"#0"},"up":{"uv":[1.0645,3.248,1.123,3.1895],"tintindex":0,"rotation":0,"texture":"#0"},"down":{"uv":[0.8145,4.1895,0.873,4.248],"tintindex":0,"rotation":0,"texture":"#0"}}},{"from":[6.765937,3.0830498,4.5535717],"to":[11.765937,7.08305,11.553572],"faces":{"east":{"uv":[5.9355,2.4395,5.502,2.6855],"tintindex":0,"rotation":0,"texture":"#0"},"south":{"uv":[6.3105,2.4395,6.002,2.6855],"tintindex":0,"rotation":0,"texture":"#0"},"north":{"uv":[4.6855,3.3145,4.377,3.5605],"tintindex":0,"rotation":0,"texture":"#0"},"west":{"uv":[5.873,2.9395,5.4395,3.1855],"tintindex":0,"rotation":0,"texture":"#0"},"up":{"uv":[2.3145,5.498,2.623,5.0645],"tintindex":0,"rotation":0,"texture":"#0"},"down":{"uv":[1.877,5.127,2.1855,5.5605],"tintindex":0,"rotation":0,"texture":"#0"}}},{"from":[8.646314,-3.8994884,5.5535717],"to":[10.646314,-2.8994884,6.5535717],"faces":{"east":{"uv":[5.8105,5.0645,5.752,5.123],