{"textures":{"0":"modelengine:entity/orc_warrior","2":"modelengine:entity/orc_archer"},"elements":[{"from":[5.5124903,14.322311,8.835247],"to":[11.51249,15.322311,9.835247],"faces":{"east":{"uv":[8.758,2.508,8.992,2.742],"tintindex":0,"rotation":0,"texture":"#2"},"south":{"uv":[5.508,2.008,6.992,2.242],"tintindex":0,"rotation":0,"texture":"#2"},"north":{"uv":[5.508,1.508,6.992,1.742],"tintindex":0,"rotation":0,"texture":"#2"},"west":{"uv":[3.008,8.758,3.242,8.992],"tintindex":0,"rotation":0,"texture":"#2"},"up":{"uv":[6.992,2.742,5.508,2.508],"tintindex":0,"rotation":0,"texture":"#2"},"down":{"uv":[6.992,5.258,5.508,5.492],"tintindex":0,"rotation":0,"texture":"#2"}},"rotation":{"origin":[4.8231983,2.5638084,-1.0985365],"angle":-22.5,"axis":"y"}},{"from":[4.003871,14.322311,11.266665],"to":[10.00387,15.322311,12.266665],"faces":{"east":{"uv":[8.758,3.508,8.992,3.742],"tintindex":0,"rotation":0,"texture":"#2"},"south":{"uv":[6.008,0.008,7.492,0.242],"tintindex":0,"rotation":0,"texture":"#2"},"north":{"uv":[5.508,5.758,6.992,5.992],"tintindex":0,"rotation":0,"texture":"#2"},"west":{"uv":[4.008,8.758,4.242,8.992],"tintindex":0,"rotation":0,"texture":"#2"},"up":{"uv":[7.492,0.742,6.008,0.508],"tintindex":0,"rotation":0,"texture":"#2"},"down":{"uv":[7.492,1.008,6.008,1.242],"tintindex":0,"rotation":0,"texture":"#2"}},"rotation":{"origin":[4.8231983,2.5638084,-1.0985365],"angle":22.5,"axis":"y"}},{"from":[11.525,5.9450607,5.031946],"to":[12.475,6.9450607,6.031946],"faces":{"east":{"uv":[1.008,8.758,1.242,8.992],"tintindex":0,"rotation":0,"texture":"#2"},"south":{"uv":[8.758,1.008,8.992,1.242],"tintindex":0,"rotation":0,"texture":"#2"},"north":{"uv":[8.758,0.508,8.992,0.742],"tintindex":0,"rotation":0,"texture":"#2"},"west":{"uv":[1.508,8.758,1.742,8.992],"tintindex":0,"rotation":0,"texture":"#2"},"up":{"uv":[8.992,1.742,8.758,1.508],"tintindex":0,"rotation":0,"texture":"#2"},"down":{"uv":[2.242,8.758,2.008,8.992],"tintindex":0,"rotation":0,"texture":"#2"}},"rotation":{"origin":[4.8231983,2.5638084,-1.0985365],"angle":-22.5,"axis":"x"}},{"from":[6.0552206,10.807859,3.2417421],"to":[7.0552206,14.8078575,4.241742],"faces":{"east":{"uv":[5.508,7.258,5.742,8.242],"tintindex":0,"rotation":0,"texture":"#2"},"south":{"uv":[6.008,7.258,6.242,8.242],"tintindex":0,"rotation":0,"texture":"#2"},"north":{"uv":[1.008,6.758,1.242,7.742],"tintindex":0,"rotation":0,"texture":"#2"},"west":{"uv":[6.508,7.258,6.742,8.242],"tintindex":0,"rotation":0,"texture":"#2"},"up":{"uv":[8.242,7.492,8.008,7.258],"tintindex":0,"rotation":0,"texture":"#2"},"down":{"uv":[7.742,8.008,7.508,8.242],"tintindex":0,"rotation":0,"texture":"#2"}},"rotation":{"origin":[4.8231983,2.5638084,-1.0985365],"angle":22.5,"axis":"z"}},{"from":[-0.13505459,9.264404,3.316743],"to":[4.8649464,10.264404,4.3167424],"faces":{"east":{"uv":[8.008,7.758,8.242,7.992],"tintindex":0,"rotation":0,"texture":"#2"},"south":{"uv":[4.008,7.008,5.242,7.242],"tintindex":0,"rotation":0,"texture":"#2"},"north":{"uv":[2.508,7.008,3.742,7.242],"tintindex":0,"rotation":0,"texture":"#2"},"west":{"uv":[8.258,0.008,8.492,0.242],"tintindex":0,"rotation":0,"texture":"#2"},"up":{"uv":[8.242,4.242,7.008,4.008],"tintindex":0,"rotation":0,"texture":"#2"},"down":{"uv":[8.242,4.508,7.008,4.742],"tintindex":0,"rotation":0,"texture":"#2"}},"rotation":{"origin":[4.8231983,2.5638084,-1.0985365],"angle":-22.5,"axis":"z"}},{"from":[1.0,7.624195,4.2667427],"to":[15.0,14.624195,12.266743],"faces":{"east":{"uv":[3.252,2.1895,3.748,2.623],"tintindex":0,"rotation":0,"texture":"#0"},"south":{"uv":[2.1895,1.1895,3.0605,1.623],"tintindex":0,"rotation":0,"texture":"#0"},"north":{"uv":[2.1895,0.6895,3.0605,1.123],"tintindex":0,"rotation":0,"texture":"#0"},"west":{"uv":[2.752,3.3145,3.248,3.748],"tintindex":0,"rotation":0,"texture":"#0"},"up":{"uv":[2.0605,0.498,1.1895,0.002],"tintindex":0,"rotation":0,"texture":"#0"},"down":{"uv":[2.0605,0.5645,1.1895,1.0605],"tintindex":0,"rotation":0,"texture":"#0"}}},{"from":[3.5,9.986677,-0.11415577],"to":[4.5,11.986677,0.88584423],"faces":{"east":{"uv":[2.242,8.008,2.008,8.492],"tintindex":0,"rotation":0,"texture":"#2"},"south":{"uv":[1.742,8.008,1.508,8.492],"tintindex":0,"rotation":0,"texture":"#2"},"north":{"uv":[7.992,5.508,7.758,5.992],"tintindex":0,"rotation":0,"texture":"#2"},"west":{"uv":[1.242,8.008,1.008,8.492],"tintindex":0,"rotation":0,"texture":"#2"},"up":{"uv":[8.508,8.492,8.742,8.258],"tintindex":0,"rotation":0,"texture":"#2"},"down":{"uv":[8.758,0.008,8.992,0.242],"tintindex":0,"rotation":0,"texture":"#2"}},"rotation":{"origin":[4.8231983,2.5638084,-1.0985365],"angle":22.5,"axis":"x"}},{"from":[10.651415,6.832985,3.316743],"to":[15.651415,7.832985,4.3167424],"faces":{"east":{"uv":[7.508,8.508,7.742,8.742],"tintindex":0,"rotation":0,"texture":"#2"},"south":{"uv":[7.258,2.008,8.492,2.242],"tintindex":0,"rotation":0,"texture":"#2"},"north":{"uv":[7.258,1.508,8.492,1.742],"tintindex":0,"rotation":0,"texture":"#2"},"west":{"uv":[8.508,7.758,8.742,7.992],"tintindex":0,"rotation":0,"texture":"#2"},"up":{"uv":[8.492,2.742,7.258,2.508],"tintindex":0,"rotation":0,"texture":"#2"},"down":{"uv":[8.492,5.008,7.258,5.242],"tintindex":0,"rotation":0,"texture":"#2"}},"rotation":{"origin":[4.8231983,2.5638084,-1.0985365],"angle":22.5,"axis":"z"}},{"from":[7.5,8.878021,0.34506416],"to":[8.5,10.878021,1.3450642],"faces":{"east":{"uv":[1.008,8.008,1.242,8.492],"tintindex":0,"rotation":0,"texture":"#2"},"south":{"uv":[1.508,8.008,1.742,8.492],"tintindex":0,"rotation":0,"texture":"#2"},"north":{"uv":[7.758,5.508,7.992,5.992],"tintindex":0,"rotation":0,"texture":"#2"},"west":{"uv":[2.008,8.008,2.242,8.492],"tintindex":0,"rotation":0,"texture":"#2"},"up":{"uv":[8.742,8.492,8.508,8.258],"tintindex":0,"rotation":0,"texture":"#2"},"down":{"uv":[8.992,0.008,8.758,0.242],"tintindex":0,"rotation":0,"texture":"#2"}},"rotation":{"origin":[4.8231983,2.5638084,-1.0985365],"angle":22.5,"axis":"x"}},{"from":[1.2758431,14.347313,3.2667427],"to":[2.2758431,15.347313,9.266743],"faces":{"east":{"uv":[6.258,6.258,7.742,6.492],"tintindex":0,"rotation":0,"texture":"#2"},"south":{"uv":[8.758,5.508,8.992,5.742],"tintindex":0,"rotation":0,"texture":"#2"},"north":{"uv":[8.758,5.008,8.992,5.242],"tintindex":0,"rotation":0,"texture":"#2"},"west":{"uv":[6.258,6.758,7.742,6.992],"tintindex":0,"rotation":0,"texture":"#2"},"up":{"uv":[0.242,8.242,0.008,6.758],"tintindex":0,"rotation":0,"texture":"#2"},"down":{"uv":[0.742,6.758,0.508,8.242],"tintindex":0,"rotation":0,"texture":"#2"}}},{"from":[7.0,14.347313,10.562843],"to":[9.0,15.347313,11.562843],"faces":{"east":{"uv":[8.758,3.008,8.992,3.242],"tintindex":0,"rotation":0,"texture":"#2"},"south":{"uv":[8.008,3.508,8.492,3.742],"tintindex":0,"rotation":0,"texture":"#2"},"north":{"uv":[8.008,3.008,8.492,3.242],"tintindex":0,"rotation":0,"texture":"#2"},"west":{"uv":[3.508,8.758,3.742,8.992],"tintindex":0,"rotation":0,"texture":"#2"},"up":{"uv":[8.492,6.492,8.008,6.258],"tintindex":0,"rotation":0,"texture":"#2"},"down":{"uv":[8.492,6.758,8.008,6.992],"tintindex":0,"rotation":0,"texture":"#2"}}},{"from":[3.525,5.9450607,5.031946],"to":[4.4750004,6.9450607,6.031946],"faces":{"east":{"uv":[1.742,8.758,1.508,8.992],"tintindex":0,"rotation":0,"texture":"#2"},"south":{"uv":[8.992,1.008,8.758,1.242],"tintindex":0,"rotation":0,"texture":"#2"},"north":{"uv":[8.992,0.508,8.758,0.742],"tintindex":0,"rotation":0,"texture":"#2"},"west":{"uv":[1.242,8.758,1.008,8.992],"tintindex":0,"rotation":0,"texture":"#2"},"up":{"uv":[8.758,1.742,8.992,1.508],"tintindex":0,"rotation":0,"texture":"#2"},"down":{"uv":[2.008,8.758,2.242,8.992],"tintindex":0,"rotation":0,"texture":"#2"}},"rotation":{"origin":[4.8231983,2.5638084,-1.0985365],"angle":-22.5,"axis":"x"}},{"from":[11.5,9.986677,-0.11415577],"to":[12.5,11.986677,0.88584423],"faces":{"east":{"uv":[1.008,8.008,1.242,8.492],"tintindex":0,"rotation":0,"texture":"#2"},"south":{"uv":[1.508,8.008,1.742,8.492],"tintindex":0,"rotation":0,"texture":"#2"},