{"textures":{"0":"modelengine:entity/skull_warrior"},"elements":[{"from":[-0.38900375,6.737241,9.17889],"to":[2.9597964,10.0860405,12.527689],"faces":{"east":{"uv":[11.015,2.515,11.485,2.985],"tintindex":0,"rotation":0,"texture":"#0"},"south":{"uv":[11.015,3.265,11.485,3.735],"tintindex":0,"rotation":0,"texture":"#0"},"north":{"uv":[11.015,1.765,11.485,2.235],"tintindex":0,"rotation":0,"texture":"#0"},"west":{"uv":[11.015,4.015,11.485,4.485],"tintindex":0,"rotation":0,"texture":"#0"},"up":{"uv":[7.235,11.485,6.765,11.015],"tintindex":0,"rotation":0,"texture":"#0"},"down":{"uv":[11.485,10.765,11.015,11.235],"tintindex":0,"rotation":0,"texture":"#0"}},"rotation":{"origin":[8.818734,9.361541,3.2131963],"angle":-22.5,"axis":"z"}},{"from":[2.9768,8.722524,1.6440897],"to":[13.0232,15.420125,11.69049],"faces":{"east":{"uv":[5.765,3.015,7.235,3.985],"tintindex":0,"rotation":0,"texture":"#0"},"south":{"uv":[5.765,4.265,7.235,5.235],"tintindex":0,"rotation":0,"texture":"#0"},"north":{"uv":[5.765,0.015,7.235,0.985],"tintindex":0,"rotation":0,"texture":"#0"},"west":{"uv":[5.765,5.515,7.235,6.485],"tintindex":0,"rotation":0,"texture":"#0"},"up":{"uv":[1.485,5.485,0.015,4.015],"tintindex":0,"rotation":0,"texture":"#0"},"down":{"uv":[5.485,0.015,4.015,1.485],"tintindex":0,"rotation":0,"texture":"#0"}}},{"from":[2.1395998,8.722524,8.34169],"to":[13.860399,13.745725,13.364889],"faces":{"east":{"uv":[9.515,5.515,10.235,6.235],"tintindex":0,"rotation":0,"texture":"#0"},"south":{"uv":[6.515,1.265,8.235,1.985],"tintindex":0,"rotation":0,"texture":"#0"},"north":{"uv":[3.265,6.015,4.985,6.735],"tintindex":0,"rotation":0,"texture":"#0"},"west":{"uv":[3.515,9.765,4.235,10.485],"tintindex":0,"rotation":0,"texture":"#0"},"up":{"uv":[6.985,7.485,5.265,6.765],"tintindex":0,"rotation":0,"texture":"#0"},"down":{"uv":[3.235,7.015,1.515,7.735],"tintindex":0,"rotation":0,"texture":"#0"}}},{"from":[13.164848,7.3638725,9.17889],"to":[16.513649,10.712672,12.527689],"faces":{"east":{"uv":[11.485,4.015,11.015,4.485],"tintindex":0,"rotation":0,"texture":"#0"},"south":{"uv":[11.485,3.265,11.015,3.735],"tintindex":0,"rotation":0,"texture":"#0"},"north":{"uv":[11.485,1.765,11.015,2.235],"tintindex":0,"rotation":0,"texture":"#0"},"west":{"uv":[11.485,2.515,11.015,2.985],"tintindex":0,"rotation":0,"texture":"#0"},"up":{"uv":[6.765,11.485,7.235,11.015],"tintindex":0,"rotation":0,"texture":"#0"},"down":{"uv":[11.015,10.765,11.485,11.235],"tintindex":0,"rotation":0,"texture":"#0"}},"rotation":{"origin":[8.818734,9.361541,3.2131963],"angle":22.5,"axis":"z"}},{"from":[2.11867,14.64693,2.029193],"to":[13.8813305,17.995731,5.377993],"faces":{"east":{"uv":[10.265,10.765,10.735,11.235],"tintindex":0,"rotation":0,"texture":"#0"},"south":{"uv":[8.515,1.265,10.235,1.735],"tintindex":0,"rotation":0,"texture":"#0"},"north":{"uv":[7.515,6.015,9.235,6.485],"tintindex":0,"rotation":0,"texture":"#0"},"west":{"uv":[11.015,0.015,11.485,0.485],"tintindex":0,"rotation":0,"texture":"#0"},"up":{"uv":[10.485,5.235,8.765,4.765],"tintindex":0,"rotation":0,"texture":"#0"},"down":{"uv":[10.485,6.765,8.765,7.235],"tintindex":0,"rotation":0,"texture":"#0"}},"rotation":{"origin":[8.818734,9.361541,3.2131963],"angle":45.0,"axis":"x"}},{"from":[6.3255997,18.768925,5.8300896],"to":[9.6744,20.443325,9.17889],"faces":{"east":{"uv":[8.765,5.515,9.235,5.735],"tintindex":0,"rotation":0,"texture":"#0"},"south":{"uv":[8.015,9.265,8.485,9.485],"tintindex":0,"rotation":0,"texture":"#0"},"north":{"uv":[5.765,1.265,6.235,1.485],"tintindex":0,"rotation":0,"texture":"#0"},"west":{"uv":[11.265,6.015,11.735,6.235],"tintindex":0,"rotation":0,"texture":"#0"},"up":{"uv":[7.985,11.985,7.515,11.515],"tintindex":0,"rotation":0,"texture":"#0"},"down":{"uv":[8.735,11.515,8.265,11.985],"tintindex":0,"rotation":0,"texture":"#0"}}},{"from":[7.1628,20.443325,6.6672897],"to":[8.8372,23.792126,8.34169],"faces":{"east":{"uv":[13.015,1.765,13.235,2.235],"tintindex":0,"rotation":0,"texture":"#0"},"south":{"uv":[3.765,13.015,3.985,13.485],"tintindex":0,"rotation":0,"texture":"#0"},"north":{"uv":[13.015,0.015,13.235,0.485],"tintindex":0,"rotation":0,"texture":"#0"},"west":{"uv":[4.265,13.015,4.485,13.485],"tintindex":0,"rotation":0,"texture":"#0"},"up":{"uv":[8.485,13.485,8.265,13.265],"tintindex":0,"rotation":0,"texture":"#0"},"down":{"uv":[8.985,13.265,8.765,13.485],"tintindex":0,"rotation":0,"texture":"#0"}}},{"from":[2.1395998,13.745725,0.80688953],"to":[13.860399,17.094524,12.527689],"faces":{"east":{"uv":[8.765,8.265,10.485,8.735],"tintindex":0,"rotation":0,"texture":"#0"},"south":{"uv":[9.015,0.015,10.735,0.485],"tintindex":0,"rotation":0,"texture":"#0"},"north":{"uv":[8.765,7.515,10.485,7.985],"tintindex":0,"rotation":0,"texture":"#0"},"west":{"uv":[9.015,2.015,10.735,2.485],"tintindex":0,"rotation":0,"texture":"#0"},"up":{"uv":[1.735,1.735,0.015,0.015],"tintindex":0,"rotation":0,"texture":"#0"},"down":{"uv":[1.735,2.015,0.015,3.735],"tintindex":0,"rotation":0,"texture":"#0"}}},{"from":[2.1395998,7.0481243,9.17889],"to":[13.860399,8.722524,12.527689],"faces":{"east":{"uv":[12.515,4.265,12.985,4.485],"tintindex":0,"rotation":0,"texture":"#0"},"south":{"uv":[9.015,4.265,10.735,4.485],"tintindex":0,"rotation":0,"texture":"#0"},"north":{"uv":[9.015,0.765,10.735,0.985],"tintindex":0,"rotation":0,"texture":"#0"},"west":{"uv":[12.515,6.015,12.985,6.235],"tintindex":0,"rotation":0,"texture":"#0"},"up":{"uv":[1.735,9.735,0.015,9.265],"tintindex":0,"rotation":0,"texture":"#0"},"down":{"uv":[7.735,9.265,6.015,9.735],"tintindex":0,"rotation":0,"texture":"#0"}}},{"from":[7.1628,10.396924,0.80688953],"to":[8.8372,13.745725,2.4812899],"faces":{"east":{"uv":[12.765,12.015,12.985,12.485],"tintindex":0,"rotation":0,"texture":"#0"},"south":{"uv":[12.265,12.765,12.485,13.235],"tintindex":0,"rotation":0,"texture":"#0"},"north":{"uv":[11.765,12.765,11.985,13.235],"tintindex":0,"rotation":0,"texture":"#0"},"west":{"uv":[12.765,12.765,12.985,13.235],"tintindex":0,"rotation":0,"texture":"#0"},"up":{"uv":[5.485,13.485,5.265,13.265],"tintindex":0,"rotation":0,"texture":"#0"},"down":{"uv":[13.485,5.265,13.265,5.485],"tintindex":0,"rotation":0,"texture":"#0"}}},{"from":[13.447895,13.982091,10.14167],"to":[15.122295,18.16809,11.816071],"faces":{"east":{"uv":[10.985,12.265,10.765,12.875],"tintindex":0,"rotation":0,"texture":"#0"},"south":{"uv":[10.485,12.265,10.265,12.875],"tintindex":0,"rotation":0,"texture":"#0"},"north":{"uv":[9.485,12.265,9.265,12.875],"tintindex":0,"rotation":0,"texture":"#0"},"west":{"uv":[9.985,12.265,9.765,12.875],"tintindex":0,"rotation":0,"texture":"#0"},"up":{"uv":[5.765,13.485,5.985,13.265],"tintindex":0,"rotation":0,"texture":"#0"},"down":{"uv":[13.265,5.765,13.485,5.985],"tintindex":0,"rotation":0,"texture":"#0"}},"rotation":{"origin":[8.818734,9.361541,3.2131963],"angle":-22.5,"axis":"z"}},{"from":[4.6512003,5.373724,1.6440897],"to":[11.3488,8.722524,8.34169],"faces":{"east":{"uv":[8.015,9.765,8.985,10.235],"tintindex":0,"rotation":0,"texture":"#0"},"south":{"uv":[9.265,9.765,10.235,10.235],"tintindex":0,"rotation":0,"texture":"#0"},"north":{"uv":[4.515,9.765,5.485,10.235],"tintindex":0,"rotation":0,"texture":"#0"},"west":{"uv":[0.015,10.015,0.985,10.485],"tintindex":0,"rotation":0,"texture":"#0"},"up":{"uv":[8.485,5.735,7.515,4.765],"tintindex":0,"rotation":0,"texture":"#0"},"down":{"uv":[5.985,7.765,5.015,8.735],"tintindex":0,"rotation":0,"texture":"#0"}}},{"from":[3.8139997,17.094524,2.4812899],"to":[12.186,18.768925,10.853291],"faces":{"east":{"uv":[10.765,4.765,11.985,4.985],"tintindex":0,"rotation":0,"texture":"#0"},"south":{"uv":[5.265,10.765,6.485,10.985],"tintindex":0,"rotation":0,"texture":"#0"},"north":{"uv":[10.515,1.265,11.735,1.485],"tintindex":0,"rotation":0,"texture":"#0"},"west":{"uv":[10.765,6.515,11.985,6.735],"tintindex":0,"rotation":0,"texture":"#0"},"up":{"uv":[5.485,4.235,4.265,3.015],"tintindex":0,"rotation":0,"texture":"#0"},"down":{"uv":[5.485,4.515,4.265,5.735],"tintindex":0,"rotation":0,