{"textures":{"0":"modelengine:entity/skull_warrior"},"elements":[{"from":[9.366028,2.3596768,5.6098413],"to":[11.040428,5.708477,9.795841],"faces":{"east":{"uv":[3.265,5.265,3.875,5.735],"tintindex":0,"rotation":0,"texture":"#0"},"south":{"uv":[7.265,13.015,7.485,13.485],"tintindex":0,"rotation":0,"texture":"#0"},"north":{"uv":[13.015,6.515,13.235,6.985],"tintindex":0,"rotation":0,"texture":"#0"},"west":{"uv":[6.515,2.265,7.125,2.735],"tintindex":0,"rotation":0,"texture":"#0"},"up":{"uv":[1.235,13.125,1.015,12.515],"tintindex":0,"rotation":0,"texture":"#0"},"down":{"uv":[1.735,12.515,1.515,13.125],"tintindex":0,"rotation":0,"texture":"#0"}},"rotation":{"origin":[13.487759,10.932618,4.571756],"angle":-45.0,"axis":"z"}},{"from":[7.673005,1.8004975,6.0284414],"to":[11.021805,6.823698,9.377241],"faces":{"east":{"uv":[10.515,5.515,10.985,6.235],"tintindex":0,"rotation":0,"texture":"#0"},"south":{"uv":[8.015,10.515,8.485,11.235],"tintindex":0,"rotation":0,"texture":"#0"},"north":{"uv":[4.515,10.515,4.985,11.235],"tintindex":0,"rotation":0,"texture":"#0"},"west":{"uv":[8.765,10.515,9.235,11.235],"tintindex":0,"rotation":0,"texture":"#0"},"up":{"uv":[1.235,11.485,0.765,11.015],"tintindex":0,"rotation":0,"texture":"#0"},"down":{"uv":[1.985,11.015,1.515,11.485],"tintindex":0,"rotation":0,"texture":"#0"}},"rotation":{"origin":[13.487759,10.932618,4.571756],"angle":-22.5,"axis":"z"}}],"display":{"gui":{"rotation":[30,225,0]}}}