{"textures":{"0":"modelengine:entity/skull_warrior"},"elements":[{"from":[9.865355,2.3842163,6.7907104],"to":[12.376955,5.733016,9.302311],"faces":{"east":{"uv":[12.015,11.265,12.375,11.735],"tintindex":0,"rotation":0,"texture":"#0"},"south":{"uv":[12.015,12.015,12.375,12.485],"tintindex":0,"rotation":0,"texture":"#0"},"north":{"uv":[12.015,9.765,12.375,10.235],"tintindex":0,"rotation":0,"texture":"#0"},"west":{"uv":[4.265,12.265,4.625,12.735],"tintindex":0,"rotation":0,"texture":"#0"},"up":{"uv":[12.875,5.625,12.515,5.265],"tintindex":0,"rotation":0,"texture":"#0"},"down":{"uv":[6.875,12.515,6.515,12.875],"tintindex":0,"rotation":0,"texture":"#0"}},"rotation":{"origin":[15.261509,14.865137,4.915425],"angle":-22.5,"axis":"z"}}],"display":{"gui":{"rotation":[30,225,0]}}}