{"textures":{"0":"modelengine:entity/skull_warrior"},"elements":[{"from":[6.3256,7.9739137,9.357847],"to":[9.6744,11.322714,12.706648],"faces":{"east":{"uv":[11.735,11.515,11.265,11.985],"tintindex":0,"rotation":0,"texture":"#0"},"south":{"uv":[10.985,11.515,10.515,11.985],"tintindex":0,"rotation":0,"texture":"#0"},"north":{"uv":[9.485,11.515,9.015,11.985],"tintindex":0,"rotation":0,"texture":"#0"},"west":{"uv":[10.235,11.515,9.765,11.985],"tintindex":0,"rotation":0,"texture":"#0"},"up":{"uv":[0.015,12.235,0.485,11.765],"tintindex":0,"rotation":0,"texture":"#0"},"down":{"uv":[11.765,0.015,12.235,0.485],"tintindex":0,"rotation":0,"texture":"#0"}},"rotation":{"origin":[4.669666,17.410574,2.1644163],"angle":22.5,"axis":"x"}}],"display":{"gui":{"rotation":[30,225,0]}}}