{"textures":{"0":"modelengine:entity/skull_warrior"},"elements":[{"from":[5.352114,3.3253956,5.907],"to":[7.026514,6.6741953,10.093],"faces":{"east":{"uv":[7.125,2.265,6.515,2.735],"tintindex":0,"rotation":0,"texture":"#0"},"south":{"uv":[7.485,13.015,7.265,13.485],"tintindex":0,"rotation":0,"texture":"#0"},"north":{"uv":[13.235,6.515,13.015,6.985],"tintindex":0,"rotation":0,"texture":"#0"},"west":{"uv":[3.875,5.265,3.265,5.735],"tintindex":0,"rotation":0,"texture":"#0"},"up":{"uv":[1.015,13.125,1.235,12.515],"tintindex":0,"rotation":0,"texture":"#0"},"down":{"uv":[1.515,12.515,1.735,13.125],"tintindex":0,"rotation":0,"texture":"#0"}},"rotation":{"origin":[4.0626483,10.740472,4.8689146],"angle":45.0,"axis":"z"}},{"from":[5.0157785,2.2349834,6.3256],"to":[8.364578,7.2581835,9.6744],"faces":{"east":{"uv":[9.235,10.515,8.765,11.235],"tintindex":0,"rotation":0,"texture":"#0"},"south":{"uv":[8.485,10.515,8.015,11.235],"tintindex":0,"rotation":0,"texture":"#0"},"north":{"uv":[4.985,10.515,4.515,11.235],"tintindex":0,"rotation":0,"texture":"#0"},"west":{"uv":[10.985,5.515,10.515,6.235],"tintindex":0,"rotation":0,"texture":"#0"},"up":{"uv":[0.765,11.485,1.235,11.015],"tintindex":0,"rotation":0,"texture":"#0"},"down":{"uv":[1.515,11.015,1.985,11.485],"tintindex":0,"rotation":0,"texture":"#0"}},"rotation":{"origin":[4.0626483,10.740472,4.8689146],"angle":22.5,"axis":"z"}}],"display":{"gui":{"rotation":[30,225,0]}}}