{"textures":{"0":"modelengine:entity/skull_warrior"},"elements":[{"from":[7.847786,3.1531162,6.3256],"to":[8.684986,6.5019164,9.6744],"faces":{"east":{"uv":[11.765,9.015,12.235,9.485],"tintindex":0,"rotation":0,"texture":"#0"},"south":{"uv":[10.265,13.265,10.375,13.735],"tintindex":0,"rotation":0,"texture":"#0"},"north":{"uv":[13.265,9.765,13.375,10.235],"tintindex":0,"rotation":0,"texture":"#0"},"west":{"uv":[11.765,10.515,12.235,10.985],"tintindex":0,"rotation":0,"texture":"#0"},"up":{"uv":[13.375,10.985,13.265,10.515],"tintindex":0,"rotation":0,"texture":"#0"},"down":{"uv":[10.875,13.265,10.765,13.735],"tintindex":0,"rotation":0,"texture":"#0"}},"rotation":{"origin":[2.2900558,14.588804,4.8689146],"angle":22.5,"axis":"z"}},{"from":[3.661786,2.7345161,6.7441998],"to":[6.1733856,6.0833163,9.2558],"faces":{"east":{"uv":[4.625,12.265,4.265,12.735],"tintindex":0,"rotation":0,"texture":"#0"},"south":{"uv":[12.375,12.015,12.015,12.485],"tintindex":0,"rotation":0,"texture":"#0"},"north":{"uv":[12.375,9.765,12.015,10.235],"tintindex":0,"rotation":0,"texture":"#0"},"west":{"uv":[12.375,11.265,12.015,11.735],"tintindex":0,"rotation":0,"texture":"#0"},"up":{"uv":[12.515,5.625,12.875,5.265],"tintindex":0,"rotation":0,"texture":"#0"},"down":{"uv":[6.515,12.515,6.875,12.875],"tintindex":0,"rotation":0,"texture":"#0"}},"rotation":{"origin":[2.2900558,14.588804,4.8689146],"angle":22.5,"axis":"z"}},{"from":[6.1733856,1.4787164,4.6512003],"to":[7.847786,8.176317,11.3488],"faces":{"east":{"uv":[7.515,8.015,8.485,8.985],"tintindex":0,"rotation":0,"texture":"#0"},"south":{"uv":[2.265,12.015,2.485,12.985],"tintindex":0,"rotation":0,"texture":"#0"},"north":{"uv":[3.765,11.765,3.985,12.735],"tintindex":0,"rotation":0,"texture":"#0"},"west":{"uv":[2.765,8.265,3.735,9.235],"tintindex":0,"rotation":0,"texture":"#0"},"up":{"uv":[5.235,12.985,5.015,12.015],"tintindex":0,"rotation":0,"texture":"#0"},"down":{"uv":[12.235,5.265,12.015,6.235],"tintindex":0,"rotation":0,"texture":"#0"}},"rotation":{"origin":[2.2900558,14.588804,4.8689146],"angle":22.5,"axis":"z"}},{"from":[2.824586,3.9903164,5.907],"to":[7.010586,5.6647162,10.093],"faces":{"east":{"uv":[12.515,2.765,13.125,2.985],"tintindex":0,"rotation":0,"texture":"#0"},"south":{"uv":[12.515,3.265,13.125,3.485],"tintindex":0,"rotation":0,"texture":"#0"},"north":{"uv":[12.265,4.765,12.875,4.985],"tintindex":0,"rotation":0,"texture":"#0"},"west":{"uv":[12.515,3.765,13.125,3.985],"tintindex":0,"rotation":0,"texture":"#0"},"up":{"uv":[7.625,10.625,7.015,10.015],"tintindex":0,"rotation":0,"texture":"#0"},"down":{"uv":[3.125,10.265,2.515,10.875],"tintindex":0,"rotation":0,"texture":"#0"}},"rotation":{"origin":[2.2900558,14.588804,4.8689146],"angle":22.5,"axis":"z"}}],"display":{"gui":{"rotation":[30,225,0]}}}