{"textures":{"0":"modelengine:entity/skull_warrior"},"elements":[{"from":[3.7930698,7.582221,5.164509],"to":[12.20693,10.931021,11.862109],"faces":{"east":{"uv":[5.765,10.015,6.735,10.485],"tintindex":0,"rotation":0,"texture":"#0"},"south":{"uv":[2.015,9.515,3.235,9.985],"tintindex":0,"rotation":0,"texture":"#0"},"north":{"uv":[0.015,8.515,1.235,8.985],"tintindex":0,"rotation":0,"texture":"#0"},"west":{"uv":[1.265,10.265,2.235,10.735],"tintindex":0,"rotation":0,"texture":"#0"},"up":{"uv":[8.735,3.235,7.515,2.265],"tintindex":0,"rotation":0,"texture":"#0"},"down":{"uv":[8.735,3.515,7.515,4.485],"tintindex":0,"rotation":0,"texture":"#0"}}},{"from":[3.83493,7.959463,1.9966459],"to":[12.16507,14.657063,8.694246],"faces":{"east":{"uv":[1.515,8.015,2.485,8.985],"tintindex":0,"rotation":0,"texture":"#0"},"south":{"uv":[0.015,7.265,1.235,8.235],"tintindex":0,"rotation":0,"texture":"#0"},"north":{"uv":[3.515,7.015,4.735,7.985],"tintindex":0,"rotation":0,"texture":"#0"},"west":{"uv":[6.265,8.015,7.235,8.985],"tintindex":0,"rotation":0,"texture":"#0"},"up":{"uv":[8.485,7.735,7.265,6.765],"tintindex":0,"rotation":0,"texture":"#0"},"down":{"uv":[8.735,0.015,7.515,0.985],"tintindex":0,"rotation":0,"texture":"#0"}},"rotation":{"origin":[8.818734,17.408203,2.8086615],"angle":-22.5,"axis":"x"}}],"display":{"gui":{"rotation":[30,225,0]}}}