{"textures":{"0":"modelengine:entity/quick_shot"},"elements":[{"from":[2.737132,8.22396,-15.0],"to":[14.737132,8.22396,31.0],"faces":{"up":{"uv":[5.75,1.625,0.0,3.125],"tintindex":0,"rotation":90,"texture":"#0"},"down":{"uv":[0.0,1.625,5.75,3.125],"tintindex":0,"rotation":90,"texture":"#0"}},"rotation":{"origin":[8.212132,7.898959,8.0],"angle":45.0,"axis":"z"}},{"from":[8.237132,2.723959,-15.0],"to":[8.237132,14.72396,31.0],"faces":{"east":{"uv":[0.0,1.625,5.75,3.125],"tintindex":0,"rotation":0,"texture":"#0"},"west":{"uv":[5.75,1.625,0.0,3.125],"tintindex":0,"rotation":0,"texture":"#0"}},"rotation":{"origin":[8.212132,7.898959,8.0],"angle":45.0,"axis":"z"}}],"display":{"gui":{"rotation":[30,225,0]}}}