{"textures":{"0":"modelengine:entity/orc_giant"},"elements":[{"from":[16.835466,-7.862808,10.5],"to":[19.835466,-5.862808,12.5],"faces":{"east":{"uv":[7.6895,8.4395,7.8105,8.5605],"tintindex":0,"rotation":0,"texture":"#0"},"south":{"uv":[5.752,8.252,5.9355,8.373],"tintindex":0,"rotation":0,"texture":"#0"},"north":{"uv":[6.4395,8.1895,6.623,8.3105],"tintindex":0,"rotation":0,"texture":"#0"},"west":{"uv":[8.4395,8.377,8.5605,8.498],"tintindex":0,"rotation":0,"texture":"#0"},"up":{"uv":[6.998,8.373,6.8145,8.252],"tintindex":0,"rotation":0,"texture":"#0"},"down":{"uv":[7.248,8.252,7.0645,8.373],"tintindex":0,"rotation":0,"texture":"#0"}},"rotation":{"origin":[27.715963,10.389278,6.75],"angle":-45.0,"axis":"z"}},{"from":[9.267767,5.1286793,3.5],"to":[12.267767,7.128681,5.5],"faces":{"east":{"uv":[7.6895,8.4395,7.8105,8.5605],"tintindex":0,"rotation":0,"texture":"#0"},"south":{"uv":[5.752,8.252,5.9355,8.373],"tintindex":0,"rotation":0,"texture":"#0"},"north":{"uv":[6.4395,8.1895,6.623,8.3105],"tintindex":0,"rotation":0,"texture":"#0"},"west":{"uv":[8.4395,8.377,8.5605,8.498],"tintindex":0,"rotation":0,"texture":"#0"},"up":{"uv":[6.998,8.373,6.8145,8.252],"tintindex":0,"rotation":0,"texture":"#0"},"down":{"uv":[7.248,8.252,7.0645,8.373],"tintindex":0,"rotation":0,"texture":"#0"}},"rotation":{"origin":[8.25,7.75,4.5],"angle":-45.0,"axis":"z"}},{"from":[7.1161175,5.176777,8.275],"to":[9.1161175,8.176777,10.225],"faces":{"east":{"uv":[3.9395,3.127,4.0605,3.3105],"tintindex":0,"rotation":0,"texture":"#0"},"south":{"uv":[2.0645,4.0645,2.1855,4.248],"tintindex":0,"rotation":0,"texture":"#0"},"north":{"uv":[3.752,2.1895,3.873,2.373],"tintindex":0,"rotation":0,"texture":"#0"},"west":{"uv":[2.127,6.502,2.248,6.6855],"tintindex":0,"rotation":0,"texture":"#0"},"up":{"uv":[4.873,0.8105,4.752,0.6895],"tintindex":0,"rotation":0,"texture":"#0"},"down":{"uv":[3.3105,7.252,3.1895,7.373],"tintindex":0,"rotation":0,"texture":"#0"}}},{"from":[16.835466,-7.862808,8.25],"to":[19.835466,-5.862808,10.25],"faces":{"east":{"uv":[7.6895,8.4395,7.8105,8.5605],"tintindex":0,"rotation":0,"texture":"#0"},"south":{"uv":[5.752,8.252,5.9355,8.373],"tintindex":0,"rotation":0,"texture":"#0"},"north":{"uv":[6.4395,8.1895,6.623,8.3105],"tintindex":0,"rotation":0,"texture":"#0"},"west":{"uv":[8.4395,8.377,8.5605,8.498],"tintindex":0,"rotation":0,"texture":"#0"},"up":{"uv":[6.998,8.373,6.8145,8.252],"tintindex":0,"rotation":0,"texture":"#0"},"down":{"uv":[7.248,8.252,7.0645,8.373],"tintindex":0,"rotation":0,"texture":"#0"}},"rotation":{"origin":[27.715963,10.389278,6.75],"angle":-45.0,"axis":"z"}},{"from":[7.1161175,5.176777,3.525],"to":[9.1161175,8.176777,5.475],"faces":{"east":{"uv":[3.9395,3.127,4.0605,3.3105],"tintindex":0,"rotation":0,"texture":"#0"},"south":{"uv":[2.0645,4.0645,2.1855,4.248],"tintindex":0,"rotation":0,"texture":"#0"},"north":{"uv":[3.752,2.1895,3.873,2.373],"tintindex":0,"rotation":0,"texture":"#0"},"west":{"uv":[2.127,6.502,2.248,6.6855],"tintindex":0,"rotation":0,"texture":"#0"},"up":{"uv":[4.873,0.8105,4.752,0.6895],"tintindex":0,"rotation":0,"texture":"#0"},"down":{"uv":[3.3105,7.252,3.1895,7.373],"tintindex":0,"rotation":0,"texture":"#0"}}},{"from":[7.1161175,5.176777,5.775],"to":[9.1161175,8.176777,7.725],"faces":{"east":{"uv":[3.9395,3.127,4.0605,3.3105],"tintindex":0,"rotation":0,"texture":"#0"},"south":{"uv":[2.0645,4.0645,2.1855,4.248],"tintindex":0,"rotation":0,"texture":"#0"},"north":{"uv":[3.752,2.1895,3.873,2.373],"tintindex":0,"rotation":0,"texture":"#0"},"west":{"uv":[2.127,6.502,2.248,6.6855],"tintindex":0,"rotation":0,"texture":"#0"},"up":{"uv":[4.873,0.8105,4.752,0.6895],"tintindex":0,"rotation":0,"texture":"#0"},"down":{"uv":[3.3105,7.252,3.1895,7.373],"tintindex":0,"rotation":0,"texture":"#0"}}},{"from":[16.835466,-7.862808,5.75],"to":[19.835466,-5.862808,7.75],"faces":{"east":{"uv":[7.6895,8.4395,7.8105,8.5605],"tintindex":0,"rotation":0,"texture":"#0"},"south":{"uv":[5.752,8.252,5.9355,8.373],"tintindex":0,"rotation":0,"texture":"#0"},"north":{"uv":[6.4395,8.1895,6.623,8.3105],"tintindex":0,"rotation":0,"texture":"#0"},"west":{"uv":[8.4395,8.377,8.5605,8.498],"tintindex":0,"rotation":0,"texture":"#0"},"up":{"uv":[6.998,8.373,6.8145,8.252],"tintindex":0,"rotation":0,"texture":"#0"},"down":{"uv":[7.248,8.252,7.0645,8.373],"tintindex":0,"rotation":0,"texture":"#0"}},"rotation":{"origin":[27.715963,10.389278,6.75],"angle":-45.0,"axis":"z"}},{"from":[7.1161175,5.176777,10.525],"to":[9.1161175,8.176777,12.475],"faces":{"east":{"uv":[3.9395,3.127,4.0605,3.3105],"tintindex":0,"rotation":0,"texture":"#0"},"south":{"uv":[2.0645,4.0645,2.1855,4.248],"tintindex":0,"rotation":0,"texture":"#0"},"north":{"uv":[3.752,2.1895,3.873,2.373],"tintindex":0,"rotation":0,"texture":"#0"},"west":{"uv":[2.127,6.502,2.248,6.6855],"tintindex":0,"rotation":0,"texture":"#0"},"up":{"uv":[4.873,0.8105,4.752,0.6895],"tintindex":0,"rotation":0,"texture":"#0"},"down":{"uv":[3.3105,7.252,3.1895,7.373],"tintindex":0,"rotation":0,"texture":"#0"}}}],"display":{"gui":{"rotation":[30,225,0]}}}