{"textures":{"0":"modelengine:entity/orc_giant"},"elements":[{"from":[-6.3914824,-2.5620804,7.6584606],"to":[-4.3914824,-1.5620804,8.658461],"faces":{"east":{"uv":[3.1895,8.5645,3.3105,8.6855],"tintindex":0,"rotation":0,"texture":"#0"},"south":{"uv":[8.1895,5.6895,8.4355,5.8105],"tintindex":0,"rotation":0,"texture":"#0"},"north":{"uv":[8.1895,5.502,8.4355,5.623],"tintindex":0,"rotation":0,"texture":"#0"},"west":{"uv":[8.5645,3.1895,8.6855,3.3105],"tintindex":0,"rotation":0,"texture":"#0"},"up":{"uv":[8.4355,5.998,8.1895,5.877],"tintindex":0,"rotation":0,"texture":"#0"},"down":{"uv":[6.373,8.1895,6.127,8.3105],"tintindex":0,"rotation":0,"texture":"#0"}},"rotation":{"origin":[13.2180195,-4.319845,7.5334606],"angle":-45.0,"axis":"z"}},{"from":[7.580444,5.573904,5.4084606],"to":[9.080444,8.073904,10.908461],"faces":{"east":{"uv":[6.5645,2.8145,7.248,3.123],"tintindex":0,"rotation":0,"texture":"#0"},"south":{"uv":[3.377,7.9395,3.5605,8.248],"tintindex":0,"rotation":0,"texture":"#0"},"north":{"uv":[3.127,7.9395,3.3105,8.248],"tintindex":0,"rotation":0,"texture":"#0"},"west":{"uv":[6.5645,3.1895,7.248,3.498],"tintindex":0,"rotation":0,"texture":"#0"},"up":{"uv":[5.498,7.748,5.3145,7.0645],"tintindex":0,"rotation":0,"texture":"#0"},"down":{"uv":[4.8105,7.377,4.627,8.0605],"tintindex":0,"rotation":0,"texture":"#0"}}},{"from":[3.5804434,5.073904,5.9084606],"to":[6.580444,9.573904,10.408461],"faces":{"east":{"uv":[5.1895,5.502,5.748,6.0605],"tintindex":0,"rotation":0,"texture":"#0"},"south":{"uv":[3.377,6.8145,3.748,7.373],"tintindex":0,"rotation":0,"texture":"#0"},"north":{"uv":[0.002,6.627,0.373,7.1855],"tintindex":0,"rotation":0,"texture":"#0"},"west":{"uv":[5.627,1.377,6.1855,1.9355],"tintindex":0,"rotation":0,"texture":"#0"},"up":{"uv":[4.1855,7.373,3.8145,6.8145],"tintindex":0,"rotation":0,"texture":"#0"},"down":{"uv":[5.9355,6.8145,5.5645,7.373],"tintindex":0,"rotation":0,"texture":"#0"}}},{"from":[4.0804434,4.073904,4.9084606],"to":[7.580444,9.073904,11.408461],"faces":{"east":{"uv":[2.877,1.752,3.6855,2.373],"tintindex":0,"rotation":0,"texture":"#0"},"south":{"uv":[5.627,6.127,6.0605,6.748],"tintindex":0,"rotation":0,"texture":"#0"},"north":{"uv":[3.877,6.127,4.3105,6.748],"tintindex":0,"rotation":0,"texture":"#0"},"west":{"uv":[0.752,3.127,1.5605,3.748],"tintindex":0,"rotation":0,"texture":"#0"},"up":{"uv":[3.1855,6.0605,2.752,5.252],"tintindex":0,"rotation":0,"texture":"#0"},"down":{"uv":[3.6855,5.252,3.252,6.0605],"tintindex":0,"rotation":0,"texture":"#0"}}},{"from":[4.580596,1.573904,5.9084606],"to":[8.580597,8.573904,10.408461],"faces":{"east":{"uv":[2.252,3.377,2.8105,4.248],"tintindex":0,"rotation":0,"texture":"#0"},"south":{"uv":[0.6895,4.752,1.1855,5.623],"tintindex":0,"rotation":0,"texture":"#0"},"north":{"uv":[4.377,0.877,4.873,1.748],"tintindex":0,"rotation":0,"texture":"#0"},"west":{"uv":[2.877,3.377,3.4355,4.248],"tintindex":0,"rotation":0,"texture":"#0"},"up":{"uv":[6.4355,4.9355,5.9395,4.377],"tintindex":0,"rotation":0,"texture":"#0"},"down":{"uv":[6.498,2.877,6.002,3.4355],"tintindex":0,"rotation":0,"texture":"#0"}}},{"from":[-2.3500853,3.5601826,7.1584606],"to":[-0.3500862,5.0601826,9.158461],"faces":{"east":{"uv":[8.002,0.377,8.248,0.5605],"tintindex":0,"rotation":0,"texture":"#0"},"south":{"uv":[8.002,0.627,8.248,0.8105],"tintindex":0,"rotation":0,"texture":"#0"},"north":{"uv":[5.6895,2.877,5.9355,3.0605],"tintindex":0,"rotation":0,"texture":"#0"},"west":{"uv":[8.002,1.9395,8.248,2.123],"tintindex":0,"rotation":0,"texture":"#0"},"up":{"uv":[3.0605,8.123,2.8145,7.877],"tintindex":0,"rotation":0,"texture":"#0"},"down":{"uv":[4.3105,7.877,4.0645,8.123],"tintindex":0,"rotation":0,"texture":"#0"}},"rotation":{"origin":[13.2180195,-4.319845,7.5334606],"angle":-22.5,"axis":"z"}},{"from":[-4.6237154,-4.3298473,7.6584606],"to":[-2.6237154,-3.3298473,8.658461],"faces":{"east":{"uv":[3.1895,8.5645,3.3105,8.6855],"tintindex":0,"rotation":0,"texture":"#0"},"south":{"uv":[8.1895,5.6895,8.4355,5.8105],"tintindex":0,"rotation":0,"texture":"#0"},"north":{"uv":[8.1895,5.502,8.4355,5.623],"tintindex":0,"rotation":0,"texture":"#0"},"west":{"uv":[8.5645,3.1895,8.6855,3.3105],"tintindex":0,"rotation":0,"texture":"#0"},"up":{"uv":[8.4355,5.998,8.1895,5.877],"tintindex":0,"rotation":0,"texture":"#0"},"down":{"uv":[6.373,8.1895,6.127,8.3105],"tintindex":0,"rotation":0,"texture":"#0"}},"rotation":{"origin":[13.2180195,-4.319845,7.5334606],"angle":-45.0,"axis":"z"}},{"from":[-1.3933773,1.2504826,7.1584606],"to":[0.6066227,2.7504826,9.158461],"faces":{"east":{"uv":[8.002,0.377,8.248,0.5605],"tintindex":0,"rotation":0,"texture":"#0"},"south":{"uv":[8.002,0.627,8.248,0.8105],"tintindex":0,"rotation":0,"texture":"#0"},"north":{"uv":[5.6895,2.877,5.9355,3.0605],"tintindex":0,"rotation":0,"texture":"#0"},"west":{"uv":[8.002,1.9395,8.248,2.123],"tintindex":0,"rotation":0,"texture":"#0"},"up":{"uv":[3.0605,8.123,2.8145,7.877],"tintindex":0,"rotation":0,"texture":"#0"},"down":{"uv":[4.3105,7.877,4.0645,8.123],"tintindex":0,"rotation":0,"texture":"#0"}},"rotation":{"origin":[13.2180195,-4.319845,7.5334606],"angle":-22.5,"axis":"z"}}],"display":{"gui":{"rotation":[30,225,0]}}}