{"textures":{"0":"modelengine:entity/orc_giant"},"elements":[{"from":[4.006904,-5.4068184,3.2921667],"to":[12.006905,8.593182,12.292167],"faces":{"east":{"uv":[1.627,3.127,2.1855,3.998],"tintindex":0,"rotation":0,"texture":"#0"},"south":{"uv":[3.252,4.3145,3.748,5.1855],"tintindex":0,"rotation":0,"texture":"#0"},"north":{"uv":[2.6895,4.3145,3.1855,5.1855],"tintindex":0,"rotation":0,"texture":"#0"},"west":{"uv":[3.3145,2.4395,3.873,3.3105],"tintindex":0,"rotation":0,"texture":"#0"},"up":{"uv":[6.3105,6.0605,5.8145,5.502],"tintindex":0,"rotation":0,"texture":"#0"},"down":{"uv":[4.873,5.877,4.377,6.4355],"tintindex":0,"rotation":0,"texture":"#0"}}},{"from":[3.5069041,1.5931816,2.7921667],"to":[12.506905,3.5931816,12.792167],"faces":{"east":{"uv":[7.6895,6.752,8.3105,6.873],"tintindex":0,"rotation":0,"texture":"#0"},"south":{"uv":[7.877,3.9395,8.4355,4.0605],"tintindex":0,"rotation":0,"texture":"#0"},"north":{"uv":[6.5645,3.9395,7.123,4.0605],"tintindex":0,"rotation":0,"texture":"#0"},"west":{"uv":[7.752,3.502,8.373,3.623],"tintindex":0,"rotation":0,"texture":"#0"},"up":{"uv":[6.0605,0.623,5.502,0.002],"tintindex":0,"rotation":0,"texture":"#0"},"down":{"uv":[6.0605,0.6895,5.502,1.3105],"tintindex":0,"rotation":0,"texture":"#0"}}}],"display":{"gui":{"rotation":[30,225,0]}}}