{"textures":{"0":"modelengine:entity/orc_giant"},"elements":[{"from":[9.787917,-2.0356293,3.3320131],"to":[12.787917,1.9643707,13.332013],"faces":{"east":{"uv":[7.252,2.252,7.873,2.498],"tintindex":0,"rotation":0,"texture":"#0"},"south":{"uv":[7.9395,5.752,8.123,5.998],"tintindex":0,"rotation":0,"texture":"#0"},"north":{"uv":[7.9395,5.4395,8.123,5.6855],"tintindex":0,"rotation":0,"texture":"#0"},"west":{"uv":[7.3145,2.5645,7.873,2.8105],"tintindex":0,"rotation":0,"texture":"#0"},"up":{"uv":[3.998,7.998,3.8145,7.377],"tintindex":0,"rotation":0,"texture":"#0"},"down":{"uv":[5.748,7.377,5.5645,7.998],"tintindex":0,"rotation":0,"texture":"#0"}}},{"from":[2.2879162,-2.0356293,1.8320131],"to":[8.287917,3.9643707,14.832013],"faces":{"east":{"uv":[5.627,2.002,6.4355,2.373],"tintindex":0,"rotation":0,"texture":"#0"},"south":{"uv":[7.3145,3.3145,7.6855,3.6855],"tintindex":0,"rotation":0,"texture":"#0"},"north":{"uv":[7.3145,2.877,7.6855,3.248],"tintindex":0,"rotation":0,"texture":"#0"},"west":{"uv":[5.6895,2.4395,6.498,2.8105],"tintindex":0,"rotation":0,"texture":"#0"},"up":{"uv":[0.9355,6.498,0.5645,5.6895],"tintindex":0,"rotation":0,"texture":"#0"},"down":{"uv":[0.373,5.752,0.002,6.5605],"tintindex":0,"rotation":0,"texture":"#0"}}},{"from":[3.2879162,-4.0356293,2.8320131],"to":[10.287917,5.9643707,13.832013],"faces":{"east":{"uv":[4.752,0.002,5.4355,0.623],"tintindex":0,"rotation":0,"texture":"#0"},"south":{"uv":[3.377,6.127,3.8105,6.748],"tintindex":0,"rotation":0,"texture":"#0"},"north":{"uv":[2.877,6.127,3.3105,6.748],"tintindex":0,"rotation":0,"texture":"#0"},"west":{"uv":[4.877,1.8145,5.5605,2.4355],"tintindex":0,"rotation":0,"texture":"#0"},"up":{"uv":[2.248,6.4355,1.8145,5.752],"tintindex":0,"rotation":0,"texture":"#0"},"down":{"uv":[1.4355,5.8145,1.002,6.498],"tintindex":0,"rotation":0,"texture":"#0"}}},{"from":[0.7879162,2.688137,10.570508],"to":[2.7879162,5.688137,12.570508],"faces":{"east":{"uv":[7.3145,8.377,7.4355,8.5605],"tintindex":0,"rotation":0,"texture":"#0"},"south":{"uv":[7.502,8.377,7.623,8.5605],"tintindex":0,"rotation":0,"texture":"#0"},"north":{"uv":[8.377,6.627,8.498,6.8105],"tintindex":0,"rotation":0,"texture":"#0"},"west":{"uv":[7.877,8.377,7.998,8.5605],"tintindex":0,"rotation":0,"texture":"#0"},"up":{"uv":[8.6855,0.123,8.5645,0.002],"tintindex":0,"rotation":0,"texture":"#0"},"down":{"uv":[8.6855,0.1895,8.5645,0.3105],"tintindex":0,"rotation":0,"texture":"#0"}},"rotation":{"origin":[24.912764,-3.8231277,7.082013],"angle":-45.0,"axis":"x"}},{"from":[0.28791618,-4.0356293,5.832013],"to":[3.2879162,-1.0356293,10.832013],"faces":{"east":{"uv":[7.9395,1.002,8.248,1.1855],"tintindex":0,"rotation":0,"texture":"#0"},"south":{"uv":[1.377,3.8145,1.5605,3.998],"tintindex":0,"rotation":0,"texture":"#0"},"north":{"uv":[2.252,3.127,2.4355,3.3105],"tintindex":0,"rotation":0,"texture":"#0"},"west":{"uv":[7.9395,1.4395,8.248,1.623],"tintindex":0,"rotation":0,"texture":"#0"},"up":{"uv":[1.998,5.1855,1.8145,4.877],"tintindex":0,"rotation":0,"texture":"#0"},"down":{"uv":[4.5605,5.502,4.377,5.8105],"tintindex":0,"rotation":0,"texture":"#0"}}},{"from":[3.2879162,-8.035629,2.8320131],"to":[7.287917,-4.0356293,13.832013],"faces":{"east":{"uv":[0.002,7.252,0.6855,7.498],"tintindex":0,"rotation":0,"texture":"#0"},"south":{"uv":[1.6895,7.877,1.9355,8.123],"tintindex":0,"rotation":0,"texture":"#0"},"north":{"uv":[5.1895,7.8145,5.4355,8.0605],"tintindex":0,"rotation":0,"texture":"#0"},"west":{"uv":[7.252,1.9395,7.9355,2.1855],"tintindex":0,"rotation":0,"texture":"#0"},"up":{"uv":[3.6855,1.623,3.4395,0.9395],"tintindex":0,"rotation":0,"texture":"#0"},"down":{"uv":[6.623,7.002,6.377,7.6855],"tintindex":0,"rotation":0,"texture":"#0"}}},{"from":[1.2879162,3.6394806,-0.101760864],"to":[2.2879162,6.6394806,0.8982396],"faces":{"east":{"uv":[8.627,2.502,8.6855,2.6855],"tintindex":0,"rotation":0,"texture":"#0"},"south":{"uv":[4.127,8.627,4.1855,8.8105],"tintindex":0,"rotation":0,"texture":"#0"},"north":{"uv":[0.877,8.627,0.9355,8.8105],"tintindex":0,"rotation":0,"texture":"#0"},"west":{"uv":[4.252,8.627,4.3105,8.8105],"tintindex":0,"rotation":0,"texture":"#0"},"up":{"uv":[6.1855,1.3105,6.127,1.252],"tintindex":0,"rotation":0,"texture":"#0"},"down":{"uv":[1.748,6.377,1.6895,6.4355],"tintindex":0,"rotation":0,"texture":"#0"}},"rotation":{"origin":[24.912764,-3.8231277,7.082013],"angle":22.5,"axis":"x"}},{"from":[0.7879162,4.4657097,3.371088],"to":[2.7879162,7.4657097,5.371088],"faces":{"east":{"uv":[7.877,8.377,7.998,8.5605],"tintindex":0,"rotation":0,"texture":"#0"},"south":{"uv":[8.377,6.627,8.498,6.8105],"tintindex":0,"rotation":0,"texture":"#0"},"north":{"uv":[7.502,8.377,7.623,8.5605],"tintindex":0,"rotation":0,"texture":"#0"},"west":{"uv":[7.3145,8.377,7.4355,8.5605],"tintindex":0,"rotation":0,"texture":"#0"},"up":{"uv":[8.6855,0.123,8.5645,0.002],"tintindex":0,"rotation":180,"texture":"#0"},"down":{"uv":[8.6855,0.1895,8.5645,0.3105],"tintindex":0,"rotation":180,"texture":"#0"}},"rotation":{"origin":[24.912764,-3.8231277,7.082013],"angle":45.0,"axis":"x"}},{"from":[0.28791618,-1.0356293,4.832013],"to":[3.2879162,4.9643707,11.832013],"faces":{"east":{"uv":[0.752,7.252,1.1855,7.623],"tintindex":0,"rotation":0,"texture":"#0"},"south":{"uv":[6.4395,7.752,6.623,8.123],"tintindex":0,"rotation":0,"texture":"#0"},"north":{"uv":[6.1895,7.752,6.373,8.123],"tintindex":0,"rotation":0,"texture":"#0"},"west":{"uv":[2.6895,7.252,3.123,7.623],"tintindex":0,"rotation":0,"texture":"#0"},"up":{"uv":[0.9355,8.123,0.752,7.6895],"tintindex":0,"rotation":0,"texture":"#0"},"down":{"uv":[1.1855,7.6895,1.002,8.123],"tintindex":0,"rotation":0,"texture":"#0"}}},{"from":[1.2879162,2.6774635,15.588294],"to":[2.2879162,5.6774635,16.588295],"faces":{"east":{"uv":[4.252,8.627,4.3105,8.8105],"tintindex":0,"rotation":0,"texture":"#0"},"south":{"uv":[0.877,8.627,0.9355,8.8105],"tintindex":0,"rotation":0,"texture":"#0"},"north":{"uv":[4.127,8.627,4.1855,8.8105],"tintindex":0,"rotation":0,"texture":"#0"},"west":{"uv":[8.627,2.502,8.6855,2.6855],"tintindex":0,"rotation":0,"texture":"#0"},"up":{"uv":[6.1855,1.3105,6.127,1.252],"tintindex":0,"rotation":180,"texture":"#0"},"down":{"uv":[1.748,6.377,1.6895,6.4355],"tintindex":0,"rotation":180,"texture":"#0"}},"rotation":{"origin":[24.912764,-3.8231277,7.082013],"angle":-22.5,"axis":"x"}},{"from":[4.287916,-6.0356293,3.8320131],"to":[12.287917,7.9643707,12.832013],"faces":{"east":{"uv":[3.502,0.002,4.0605,0.873],"tintindex":0,"rotation":0,"texture":"#0"},"south":{"uv":[4.752,4.0645,5.248,4.9355],"tintindex":0,"rotation":0,"texture":"#0"},"north":{"uv":[4.752,3.127,5.248,3.998],"tintindex":0,"rotation":0,"texture":"#0"},"west":{"uv":[3.502,3.377,4.0605,4.248],"tintindex":0,"rotation":0,"texture":"#0"},"up":{"uv":[6.498,4.0605,6.002,3.502],"tintindex":0,"rotation":0,"texture":"#0"},"down":{"uv":[6.623,0.002,6.127,0.5605],"tintindex":0,"rotation":0,"texture":"#0"}}}],"display":{"gui":{"rotation":[30,225,0]}}}