{"textures":{"0":"modelengine:entity/orc_giant"},"elements":[{"from":[7.153281,6.0205994,7.025],"to":[9.153281,8.020599,8.975],"faces":{"east":{"uv":[8.502,2.8145,8.623,2.9355],"tintindex":0,"rotation":0,"texture":"#0"},"south":{"uv":[8.502,3.002,8.623,3.123],"tintindex":0,"rotation":0,"texture":"#0"},"north":{"uv":[2.377,8.502,2.498,8.623],"tintindex":0,"rotation":0,"texture":"#0"},"west":{"uv":[8.502,3.627,8.623,3.748],"tintindex":0,"rotation":0,"texture":"#0"},"up":{"uv":[3.873,8.623,3.752,8.502],"tintindex":0,"rotation":0,"texture":"#0"},"down":{"uv":[8.623,3.8145,8.502,3.9355],"tintindex":0,"rotation":0,"texture":"#0"}}},{"from":[9.726754,-0.49212074,7.0],"to":[11.726754,1.5078793,9.0],"faces":{"east":{"uv":[8.502,0.5645,8.623,0.6855],"tintindex":0,"rotation":0,"texture":"#0"},"south":{"uv":[8.502,1.002,8.623,1.123],"tintindex":0,"rotation":0,"texture":"#0"},"north":{"uv":[8.502,0.377,8.623,0.498],"tintindex":0,"rotation":0,"texture":"#0"},"west":{"uv":[1.8145,8.502,1.9355,8.623],"tintindex":0,"rotation":0,"texture":"#0"},"up":{"uv":[2.123,8.623,2.002,8.502],"tintindex":0,"rotation":0,"texture":"#0"},"down":{"uv":[8.623,2.3145,8.502,2.4355],"tintindex":0,"rotation":0,"texture":"#0"}},"rotation":{"origin":[21.783504,10.233101,10.25],"angle":-22.5,"axis":"z"}}],"display":{"gui":{"rotation":[30,225,0]}}}