{"textures":{"0":"modelengine:entity/orc_giant"},"elements":[{"from":[3.4930959,1.5931816,2.7921667],"to":[12.493095,3.5931816,12.792167],"faces":{"east":{"uv":[8.373,3.502,7.752,3.623],"tintindex":0,"rotation":0,"texture":"#0"},"south":{"uv":[8.4355,3.9395,7.877,4.0605],"tintindex":0,"rotation":0,"texture":"#0"},"north":{"uv":[7.123,3.9395,6.5645,4.0605],"tintindex":0,"rotation":0,"texture":"#0"},"west":{"uv":[8.3105,6.752,7.6895,6.873],"tintindex":0,"rotation":0,"texture":"#0"},"up":{"uv":[5.502,0.623,6.0605,0.002],"tintindex":0,"rotation":0,"texture":"#0"},"down":{"uv":[5.502,0.6895,6.0605,1.3105],"tintindex":0,"rotation":0,"texture":"#0"}}},{"from":[3.9930959,-5.4068184,3.2921667],"to":[11.993095,8.593182,12.292167],"faces":{"east":{"uv":[3.873,2.4395,3.3145,3.3105],"tintindex":0,"rotation":0,"texture":"#0"},"south":{"uv":[3.748,4.3145,3.252,5.1855],"tintindex":0,"rotation":0,"texture":"#0"},"north":{"uv":[3.1855,4.3145,2.6895,5.1855],"tintindex":0,"rotation":0,"texture":"#0"},"west":{"uv":[2.1855,3.127,1.627,3.998],"tintindex":0,"rotation":0,"texture":"#0"},"up":{"uv":[5.8145,6.0605,6.3105,5.502],"tintindex":0,"rotation":0,"texture":"#0"},"down":{"uv":[4.377,5.877,4.873,6.4355],"tintindex":0,"rotation":0,"texture":"#0"}}}],"display":{"gui":{"rotation":[30,225,0]}}}