{"textures":{"0":"modelengine:entity/orc_giant"},"elements":[{"from":[13.212084,4.4657097,3.371088],"to":[15.212084,7.4657097,5.371088],"faces":{"east":{"uv":[7.4355,8.377,7.3145,8.5605],"tintindex":0,"rotation":0,"texture":"#0"},"south":{"uv":[8.498,6.627,8.377,6.8105],"tintindex":0,"rotation":0,"texture":"#0"},"north":{"uv":[7.623,8.377,7.502,8.5605],"tintindex":0,"rotation":0,"texture":"#0"},"west":{"uv":[7.998,8.377,7.877,8.5605],"tintindex":0,"rotation":0,"texture":"#0"},"up":{"uv":[8.5645,0.123,8.6855,0.002],"tintindex":0,"rotation":180,"texture":"#0"},"down":{"uv":[8.5645,0.1895,8.6855,0.3105],"tintindex":0,"rotation":180,"texture":"#0"}},"rotation":{"origin":[-8.912764,-3.8231277,7.082013],"angle":45.0,"axis":"x"}},{"from":[7.712083,-2.0356293,1.8320131],"to":[13.712084,3.9643707,14.832013],"faces":{"east":{"uv":[6.498,2.4395,5.6895,2.8105],"tintindex":0,"rotation":0,"texture":"#0"},"south":{"uv":[7.6855,3.3145,7.3145,3.6855],"tintindex":0,"rotation":0,"texture":"#0"},"north":{"uv":[7.6855,2.877,7.3145,3.248],"tintindex":0,"rotation":0,"texture":"#0"},"west":{"uv":[6.4355,2.002,5.627,2.373],"tintindex":0,"rotation":0,"texture":"#0"},"up":{"uv":[0.5645,6.498,0.9355,5.6895],"tintindex":0,"rotation":0,"texture":"#0"},"down":{"uv":[0.002,5.752,0.373,6.5605],"tintindex":0,"rotation":0,"texture":"#0"}}},{"from":[12.712084,-1.0356293,4.832013],"to":[15.712084,4.9643707,11.832013],"faces":{"east":{"uv":[3.123,7.252,2.6895,7.623],"tintindex":0,"rotation":0,"texture":"#0"},"south":{"uv":[6.623,7.752,6.4395,8.123],"tintindex":0,"rotation":0,"texture":"#0"},"north":{"uv":[6.373,7.752,6.1895,8.123],"tintindex":0,"rotation":0,"texture":"#0"},"west":{"uv":[1.1855,7.252,0.752,7.623],"tintindex":0,"rotation":0,"texture":"#0"},"up":{"uv":[0.752,8.123,0.9355,7.6895],"tintindex":0,"rotation":0,"texture":"#0"},"down":{"uv":[1.002,7.6895,1.1855,8.123],"tintindex":0,"rotation":0,"texture":"#0"}}},{"from":[13.712084,2.6774635,15.588294],"to":[14.712084,5.6774635,16.588295],"faces":{"east":{"uv":[8.6855,2.502,8.627,2.6855],"tintindex":0,"rotation":0,"texture":"#0"},"south":{"uv":[0.9355,8.627,0.877,8.8105],"tintindex":0,"rotation":0,"texture":"#0"},"north":{"uv":[4.1855,8.627,4.127,8.8105],"tintindex":0,"rotation":0,"texture":"#0"},"west":{"uv":[4.3105,8.627,4.252,8.8105],"tintindex":0,"rotation":0,"texture":"#0"},"up":{"uv":[6.127,1.3105,6.1855,1.252],"tintindex":0,"rotation":180,"texture":"#0"},"down":{"uv":[1.6895,6.377,1.748,6.4355],"tintindex":0,"rotation":180,"texture":"#0"}},"rotation":{"origin":[-8.912764,-3.8231277,7.082013],"angle":-22.5,"axis":"x"}},{"from":[3.2120829,-2.0356293,3.3320131],"to":[6.212083,1.9643707,13.332013],"faces":{"east":{"uv":[7.873,2.5645,7.3145,2.8105],"tintindex":0,"rotation":0,"texture":"#0"},"south":{"uv":[8.123,5.752,7.9395,5.998],"tintindex":0,"rotation":0,"texture":"#0"},"north":{"uv":[8.123,5.4395,7.9395,5.6855],"tintindex":0,"rotation":0,"texture":"#0"},"west":{"uv":[7.873,2.252,7.252,2.498],"tintindex":0,"rotation":0,"texture":"#0"},"up":{"uv":[3.8145,7.998,3.998,7.377],"tintindex":0,"rotation":0,"texture":"#0"},"down":{"uv":[5.5645,7.377,5.748,7.998],"tintindex":0,"rotation":0,"texture":"#0"}}},{"from":[3.7120829,-6.0356293,3.8320131],"to":[11.712084,7.9643707,12.832013],"faces":{"east":{"uv":[4.0605,3.377,3.502,4.248],"tintindex":0,"rotation":0,"texture":"#0"},"south":{"uv":[5.248,4.0645,4.752,4.9355],"tintindex":0,"rotation":0,"texture":"#0"},"north":{"uv":[5.248,3.127,4.752,3.998],"tintindex":0,"rotation":0,"texture":"#0"},"west":{"uv":[4.0605,0.002,3.502,0.873],"tintindex":0,"rotation":0,"texture":"#0"},"up":{"uv":[6.002,4.0605,6.498,3.502],"tintindex":0,"rotation":0,"texture":"#0"},"down":{"uv":[6.127,0.002,6.623,0.5605],"tintindex":0,"rotation":0,"texture":"#0"}}},{"from":[5.712083,-4.0356293,2.8320131],"to":[12.712084,5.9643707,13.832013],"faces":{"east":{"uv":[5.5605,1.8145,4.877,2.4355],"tintindex":0,"rotation":0,"texture":"#0"},"south":{"uv":[3.8105,6.127,3.377,6.748],"tintindex":0,"rotation":0,"texture":"#0"},"north":{"uv":[3.3105,6.127,2.877,6.748],"tintindex":0,"rotation":0,"texture":"#0"},"west":{"uv":[5.4355,0.002,4.752,0.623],"tintindex":0,"rotation":0,"texture":"#0"},"up":{"uv":[1.8145,6.4355,2.248,5.752],"tintindex":0,"rotation":0,"texture":"#0"},"down":{"uv":[1.002,5.8145,1.4355,6.498],"tintindex":0,"rotation":0,"texture":"#0"}}},{"from":[13.212084,2.688137,10.570508],"to":[15.212084,5.688137,12.570508],"faces":{"east":{"uv":[7.998,8.377,7.877,8.5605],"tintindex":0,"rotation":0,"texture":"#0"},"south":{"uv":[7.623,8.377,7.502,8.5605],"tintindex":0,"rotation":0,"texture":"#0"},"north":{"uv":[8.498,6.627,8.377,6.8105],"tintindex":0,"rotation":0,"texture":"#0"},"west":{"uv":[7.4355,8.377,7.3145,8.5605],"tintindex":0,"rotation":0,"texture":"#0"},"up":{"uv":[8.5645,0.123,8.6855,0.002],"tintindex":0,"rotation":0,"texture":"#0"},"down":{"uv":[8.5645,0.1895,8.6855,0.3105],"tintindex":0,"rotation":0,"texture":"#0"}},"rotation":{"origin":[-8.912764,-3.8231277,7.082013],"angle":-45.0,"axis":"x"}},{"from":[13.712084,3.6394806,-0.101760864],"to":[14.712084,6.6394806,0.8982396],"faces":{"east":{"uv":[4.3105,8.627,4.252,8.8105],"tintindex":0,"rotation":0,"texture":"#0"},"south":{"uv":[4.1855,8.627,4.127,8.8105],"tintindex":0,"rotation":0,"texture":"#0"},"north":{"uv":[0.9355,8.627,0.877,8.8105],"tintindex":0,"rotation":0,"texture":"#0"},"west":{"uv":[8.6855,2.502,8.627,2.6855],"tintindex":0,"rotation":0,"texture":"#0"},"up":{"uv":[6.127,1.3105,6.1855,1.252],"tintindex":0,"rotation":0,"texture":"#0"},"down":{"uv":[1.6895,6.377,1.748,6.4355],"tintindex":0,"rotation":0,"texture":"#0"}},"rotation":{"origin":[-8.912764,-3.8231277,7.082013],"angle":22.5,"axis":"x"}},{"from":[12.712084,-4.0356293,5.832013],"to":[15.712084,-1.0356293,10.832013],"faces":{"east":{"uv":[8.248,1.4395,7.9395,1.623],"tintindex":0,"rotation":0,"texture":"#0"},"south":{"uv":[1.5605,3.8145,1.377,3.998],"tintindex":0,"rotation":0,"texture":"#0"},"north":{"uv":[2.4355,3.127,2.252,3.3105],"tintindex":0,"rotation":0,"texture":"#0"},"west":{"uv":[8.248,1.002,7.9395,1.1855],"tintindex":0,"rotation":0,"texture":"#0"},"up":{"uv":[1.8145,5.1855,1.998,4.877],"tintindex":0,"rotation":0,"texture":"#0"},"down":{"uv":[4.377,5.502,4.5605,5.8105],"tintindex":0,"rotation":0,"texture":"#0"}}},{"from":[8.712083,-8.035629,2.8320131],"to":[12.712084,-4.0356293,13.832013],"faces":{"east":{"uv":[7.9355,1.9395,7.252,2.1855],"tintindex":0,"rotation":0,"texture":"#0"},"south":{"uv":[1.9355,7.877,1.6895,8.123],"tintindex":0,"rotation":0,"texture":"#0"},"north":{"uv":[5.4355,7.8145,5.1895,8.0605],"tintindex":0,"rotation":0,"texture":"#0"},"west":{"uv":[0.6855,7.252,0.002,7.498],"tintindex":0,"rotation":0,"texture":"#0"},"up":{"uv":[3.4395,1.623,3.6855,0.9395],"tintindex":0,"rotation":0,"texture":"#0"},"down":{"uv":[6.377,7.002,6.623,7.6855],"tintindex":0,"rotation":0,"texture":"#0"}}}],"display":{"gui":{"rotation":[30,225,0]}}}