{"textures":{"0":"modelengine:entity/orc_giant"},"elements":[{"from":[-8.830296,9.622195,0.6218748],"to":[-5.8302965,11.622195,3.6218748],"faces":{"east":{"uv":[8.623,7.6895,8.4395,7.8105],"tintindex":0,"rotation":0,"texture":"#0"},"south":{"uv":[7.248,8.4395,7.0645,8.5605],"tintindex":0,"rotation":0,"texture":"#0"},"north":{"uv":[8.623,6.4395,8.4395,6.5605],"tintindex":0,"rotation":0,"texture":"#0"},"west":{"uv":[6.998,8.4395,6.8145,8.5605],"tintindex":0,"rotation":0,"texture":"#0"},"up":{"uv":[8.1895,2.373,8.373,2.1895],"tintindex":0,"rotation":0,"texture":"#0"},"down":{"uv":[2.752,8.1895,2.9355,8.373],"tintindex":0,"rotation":0,"texture":"#0"}},"rotation":{"origin":[5.146698,40.37731,6.871875],"angle":22.5,"axis":"z"}},{"from":[21.413246,11.813199,0.6218748],"to":[24.413246,13.813199,3.6218748],"faces":{"east":{"uv":[5.8105,8.4395,5.627,8.5605],"tintindex":0,"rotation":0,"texture":"#0"},"south":{"uv":[4.373,8.4395,4.1895,8.5605],"tintindex":0,"rotation":0,"texture":"#0"},"north":{"uv":[8.623,3.4395,8.4395,3.5605],"tintindex":0,"rotation":0,"texture":"#0"},"west":{"uv":[8.623,4.127,8.4395,4.248],"tintindex":0,"rotation":0,"texture":"#0"},"up":{"uv":[1.002,8.373,1.1855,8.1895],"tintindex":0,"rotation":0,"texture":"#0"},"down":{"uv":[1.627,8.1895,1.8105,8.373],"tintindex":0,"rotation":0,"texture":"#0"}},"rotation":{"origin":[5.146698,40.37731,6.871875],"angle":-22.5,"axis":"z"}},{"from":[3.9718504,4.1648083,-0.3781252],"to":[11.97185,8.164808,12.621875],"faces":{"east":{"uv":[1.248,6.9395,0.4395,7.1855],"tintindex":0,"rotation":0,"texture":"#0"},"south":{"uv":[7.873,5.877,7.377,6.123],"tintindex":0,"rotation":0,"texture":"#0"},"north":{"uv":[7.873,5.5645,7.377,5.8105],"tintindex":0,"rotation":0,"texture":"#0"},"west":{"uv":[7.623,4.9395,6.8145,5.1855],"tintindex":0,"rotation":0,"texture":"#0"},"up":{"uv":[4.9395,1.498,5.4355,0.6895],"tintindex":0,"rotation":0,"texture":"#0"},"down":{"uv":[4.627,5.002,5.123,5.8105],"tintindex":0,"rotation":0,"texture":"#0"}}},{"from":[6.009383,7.6103334,0.6468754],"to":[10.009383,9.610333,2.6218748],"faces":{"east":{"uv":[3.123,8.5645,3.002,8.6855],"tintindex":0,"rotation":0,"texture":"#0"},"south":{"uv":[8.4355,3.6895,8.1895,3.8105],"tintindex":0,"rotation":0,"texture":"#0"},"north":{"uv":[8.4355,2.4395,8.1895,2.5605],"tintindex":0,"rotation":0,"texture":"#0"},"west":{"uv":[8.6855,1.9395,8.5645,2.0605],"tintindex":0,"rotation":0,"texture":"#0"},"up":{"uv":[8.1895,5.248,8.4355,5.127],"tintindex":0,"rotation":0,"texture":"#0"},"down":{"uv":[8.1895,5.3145,8.4355,5.4355],"tintindex":0,"rotation":0,"texture":"#0"}}}],"display":{"gui":{"rotation":[30,225,0]}}}