{"textures":{"0":"modelengine:entity/orc_giant"},"elements":[{"from":[6.838807,-4.852192,3.8169212],"to":[14.838808,9.147808,12.816921],"faces":{"east":{"uv":[3.4355,3.377,2.877,4.248],"tintindex":0,"rotation":0,"texture":"#0"},"south":{"uv":[1.1855,4.752,0.6895,5.623],"tintindex":0,"rotation":0,"texture":"#0"},"north":{"uv":[4.873,0.877,4.377,1.748],"tintindex":0,"rotation":0,"texture":"#0"},"west":{"uv":[2.8105,3.377,2.252,4.248],"tintindex":0,"rotation":0,"texture":"#0"},"up":{"uv":[5.9395,4.9355,6.4355,4.377],"tintindex":0,"rotation":0,"texture":"#0"},"down":{"uv":[6.002,2.877,6.498,3.4355],"tintindex":0,"rotation":0,"texture":"#0"}}}],"display":{"gui":{"rotation":[30,225,0]}}}