{"textures":{"0":"modelengine:entity/orc_giant"},"elements":[{"from":[-3.6224384,17.900333,1.5],"to":[-2.6224384,19.900333,14.5],"faces":{"east":{"uv":[7.3145,3.752,8.123,3.873],"tintindex":0,"rotation":0,"texture":"#0"},"south":{"uv":[0.4395,6.377,0.498,6.498],"tintindex":0,"rotation":0,"texture":"#0"},"north":{"uv":[5.502,1.377,5.5605,1.498],"tintindex":0,"rotation":0,"texture":"#0"},"west":{"uv":[7.4395,0.002,8.248,0.123],"tintindex":0,"rotation":0,"texture":"#0"},"up":{"uv":[0.623,5.623,0.5645,4.8145],"tintindex":0,"rotation":0,"texture":"#0"},"down":{"uv":[2.3105,7.9395,2.252,8.748],"tintindex":0,"rotation":0,"texture":"#0"}}},{"from":[1.5628862,14.576153,1.5],"to":[3.5628862,15.576153,2.5],"faces":{"east":{"uv":[6.002,8.252,6.0605,8.3105],"tintindex":0,"rotation":0,"texture":"#0"},"south":{"uv":[7.4395,4.8145,7.5605,4.873],"tintindex":0,"rotation":0,"texture":"#0"},"north":{"uv":[7.252,4.8145,7.373,4.873],"tintindex":0,"rotation":0,"texture":"#0"},"west":{"uv":[8.252,6.627,8.3105,6.6855],"tintindex":0,"rotation":0,"texture":"#0"},"up":{"uv":[2.498,7.623,2.377,7.5645],"tintindex":0,"rotation":0,"texture":"#0"},"down":{"uv":[7.8105,5.127,7.6895,5.1855],"tintindex":0,"rotation":0,"texture":"#0"}},"rotation":{"origin":[6.3534636,-4.9189377,6.75],"angle":-22.5,"axis":"z"}},{"from":[0.56288624,11.576153,1.5],"to":[1.5628862,15.576153,2.5],"faces":{"east":{"uv":[5.877,8.4395,5.9355,8.6855],"tintindex":0,"rotation":0,"texture":"#0"},"south":{"uv":[8.5645,6.627,8.623,6.873],"tintindex":0,"rotation":0,"texture":"#0"},"north":{"uv":[6.5645,8.377,6.623,8.623],"tintindex":0,"rotation":0,"texture":"#0"},"west":{"uv":[8.4395,8.5645,8.498,8.8105],"tintindex":0,"rotation":0,"texture":"#0"},"up":{"uv":[2.623,7.623,2.5645,7.5645],"tintindex":0,"rotation":0,"texture":"#0"},"down":{"uv":[1.9355,8.1895,1.877,8.248],"tintindex":0,"rotation":0,"texture":"#0"}},"rotation":{"origin":[6.3534636,-4.9189377,6.75],"angle":-22.5,"axis":"z"}},{"from":[-11.437113,12.576153,13.5],"to":[12.562886,14.576153,14.5],"faces":{"east":{"uv":[2.127,8.3145,2.1855,8.4355],"tintindex":0,"rotation":0,"texture":"#0"},"south":{"uv":[7.1895,4.3145,8.6855,4.4355],"tintindex":0,"rotation":0,"texture":"#0"},"north":{"uv":[7.002,6.252,8.498,6.373],"tintindex":0,"rotation":0,"texture":"#0"},"west":{"uv":[8.5645,6.9395,8.623,7.0605],"tintindex":0,"rotation":0,"texture":"#0"},"up":{"uv":[9.0605,1.873,7.5645,1.8145],"tintindex":0,"rotation":0,"texture":"#0"},"down":{"uv":[9.1855,5.002,7.6895,5.0605],"tintindex":0,"rotation":0,"texture":"#0"}},"rotation":{"origin":[6.3534636,-4.9189377,6.75],"angle":-22.5,"axis":"z"}},{"from":[-11.437113,12.576153,1.5],"to":[0.56288624,14.576153,2.5],"faces":{"east":{"uv":[4.252,6.8145,4.3105,6.9355],"tintindex":0,"rotation":0,"texture":"#0"},"south":{"uv":[7.6895,4.8145,8.4355,4.9355],"tintindex":0,"rotation":0,"texture":"#0"},"north":{"uv":[2.377,7.6895,3.123,7.8105],"tintindex":0,"rotation":0,"texture":"#0"},"west":{"uv":[6.002,6.8145,6.0605,6.9355],"tintindex":0,"rotation":0,"texture":"#0"},"up":{"uv":[8.6855,1.748,7.9395,1.6895],"tintindex":0,"rotation":0,"texture":"#0"},"down":{"uv":[8.6855,4.6895,7.9395,4.748],"tintindex":0,"rotation":0,"texture":"#0"}},"rotation":{"origin":[6.3534636,-4.9189377,6.75],"angle":-22.5,"axis":"z"}},{"from":[1.5628862,11.576153,1.5],"to":[3.5628862,12.576153,2.5],"faces":{"east":{"uv":[7.3145,8.252,7.373,8.3105],"tintindex":0,"rotation":0,"texture":"#0"},"south":{"uv":[8.0645,6.627,8.1855,6.6855],"tintindex":0,"rotation":0,"texture":"#0"},"north":{"uv":[4.0645,7.752,4.1855,7.8105],"tintindex":0,"rotation":0,"texture":"#0"},"west":{"uv":[2.627,8.3145,2.6855,8.373],"tintindex":0,"rotation":0,"texture":"#0"},"up":{"uv":[8.3105,7.748,8.1895,7.6895],"tintindex":0,"rotation":0,"texture":"#0"},"down":{"uv":[8.373,7.377,8.252,7.4355],"tintindex":0,"rotation":0,"texture":"#0"}},"rotation":{"origin":[6.3534636,-4.9189377,6.75],"angle":-22.5,"axis":"z"}},{"from":[-2.9716892,7.868561,2.5],"to":[19.02831,20.86856,13.5],"faces":{"east":{"uv":[2.6895,0.877,3.373,1.6855],"tintindex":0,"rotation":0,"texture":"#0"},"south":{"uv":[0.002,0.877,1.373,1.6855],"tintindex":0,"rotation":0,"texture":"#0"},"north":{"uv":[0.002,0.002,1.373,0.8105],"tintindex":0,"rotation":0,"texture":"#0"},"west":{"uv":[0.002,3.127,0.6855,3.9355],"tintindex":0,"rotation":0,"texture":"#0"},"up":{"uv":[1.373,2.4355,0.002,1.752],"tintindex":0,"rotation":0,"texture":"#0"},"down":{"uv":[2.8105,1.752,1.4395,2.4355],"tintindex":0,"rotation":0,"texture":"#0"}}},{"from":[4.562886,12.576153,1.5],"to":[12.562886,14.576153,2.5],"faces":{"east":{"uv":[2.002,7.002,2.0605,7.123],"tintindex":0,"rotation":0,"texture":"#0"},"south":{"uv":[7.877,7.8145,8.373,7.9355],"tintindex":0,"rotation":0,"texture":"#0"},"north":{"uv":[7.877,4.127,8.373,4.248],"tintindex":0,"rotation":0,"texture":"#0"},"west":{"uv":[5.377,8.127,5.4355,8.248],"tintindex":0,"rotation":0,"texture":"#0"},"up":{"uv":[6.873,6.0605,6.377,6.002],"tintindex":0,"rotation":0,"texture":"#0"},"down":{"uv":[8.498,0.877,8.002,0.9355],"tintindex":0,"rotation":0,"texture":"#0"}},"rotation":{"origin":[6.3534636,-4.9189377,6.75],"angle":-22.5,"axis":"z"}},{"from":[18.785305,8.868172,1.5],"to":[19.785305,10.868172,14.5],"faces":{"east":{"uv":[7.4395,0.1895,8.248,0.3105],"tintindex":0,"rotation":0,"texture":"#0"},"south":{"uv":[4.502,8.627,4.5605,8.748],"tintindex":0,"rotation":0,"texture":"#0"},"north":{"uv":[4.377,8.627,4.4355,8.748],"tintindex":0,"rotation":0,"texture":"#0"},"west":{"uv":[7.5645,1.252,8.373,1.373],"tintindex":0,"rotation":0,"texture":"#0"},"up":{"uv":[3.6855,8.748,3.627,7.9395],"tintindex":0,"rotation":0,"texture":"#0"},"down":{"uv":[6.748,7.9395,6.6895,8.748],"tintindex":0,"rotation":0,"texture":"#0"}}},{"from":[3.5628862,11.576153,1.5],"to":[4.562886,15.576153,2.5],"faces":{"east":{"uv":[0.002,8.627,0.0605,8.873],"tintindex":0,"rotation":0,"texture":"#0"},"south":{"uv":[0.127,8.627,0.1855,8.873],"tintindex":0,"rotation":0,"texture":"#0"},"north":{"uv":[8.5645,8.5645,8.623,8.8105],"tintindex":0,"rotation":0,"texture":"#0"},"west":{"uv":[0.252,8.627,0.3105,8.873],"tintindex":0,"rotation":0,"texture":"#0"},"up":{"uv":[3.0605,8.248,3.002,8.1895],"tintindex":0,"rotation":0,"texture":"#0"},"down":{"uv":[4.5605,8.252,4.502,8.3105],"tintindex":0,"rotation":0,"texture":"#0"}},"rotation":{"origin":[6.3534636,-4.9189377,6.75],"angle":-22.5,"axis":"z"}}],"display":{"gui":{"rotation":[30,225,0]}}}