{"textures":{"0":"modelengine:entity/txarthur"},"elements":[{"from":[6.2406263,10.829932,5.854447],"to":[9.440626,14.029932,9.054447],"rotation":{"angle":0.0,"axis":"y","origin":[7.8406262,1.6299319,7.4544473]},"faces":{"east":{"uv":[6.504,6.254,7.496,7.246],"rotation":0,"texture":"#0","tintindex":0},"south":{"uv":[3.754,6.629,4.746,7.621],"rotation":0,"texture":"#0","tintindex":0},"north":{"uv":[6.504,5.254,7.496,6.246],"rotation":0,"texture":"#0","tintindex":0},"west":{"uv":[4.754,6.754,5.746,7.746],"rotation":0,"texture":"#0","tintindex":0},"up":{"uv":[7.996,1.871,7.004,0.879],"rotation":0,"texture":"#0","tintindex":0},"down":{"uv":[1.996,7.129,1.004,8.121],"rotation":0,"texture":"#0","tintindex":0}}},{"from":[7.040626,14.412616,5.9305677],"to":[9.440626,14.412616,7.9305677],"rotation":{"angle":22.5,"axis":"x","origin":[8.240626,14.412616,6.9305677]},"faces":{"east":{"uv":[0.004,0.004,0.621,0.004],"rotation":0,"texture":"#0","tintindex":0},"south":{"uv":[0.004,0.004,0.746,0.004],"rotation":0,"texture":"#0","tintindex":0},"north":{"uv":[0.004,0.004,0.746,0.004],"rotation":0,"texture":"#0","tintindex":0},"west":{"uv":[0.004,0.004,0.621,0.004],"rotation":0,"texture":"#0","tintindex":0},"up":{"uv":[3.246,10.496,2.504,9.879],"rotation":0,"texture":"#0","tintindex":0},"down":{"uv":[2.504,9.879,3.246,10.496],"rotation":0,"texture":"#0","tintindex":0}}},{"from":[9.208923,11.929933,7.1005354],"to":[9.608924,13.129932,7.9005356],"rotation":{"angle":22.5,"axis":"y","origin":[9.408924,12.529932,7.5005355]},"faces":{"east":{"uv":[11.379,8.879,11.621,9.246],"rotation":0,"texture":"#0","tintindex":0},"south":{"uv":[11.504,11.379,11.621,11.746],"rotation":0,"texture":"#0","tintindex":0},"north":{"uv":[11.504,11.004,11.621,11.371],"rotation":0,"texture":"#0","tintindex":0},"west":{"uv":[10.379,11.379,10.621,11.746],"rotation":0,"texture":"#0","tintindex":0},"up":{"uv":[3.121,11.871,3.004,11.629],"rotation":0,"texture":"#0","tintindex":0},"down":{"uv":[3.246,11.629,3.129,11.871],"rotation":0,"texture":"#0","tintindex":0}}},{"from":[6.102777,11.929933,7.2536087],"to":[6.502777,13.129932,8.053609],"rotation":{"angle":-22.5,"axis":"y","origin":[6.672329,12.529932,7.5005355]},"faces":{"east":{"uv":[10.621,11.379,10.379,11.746],"rotation":0,"texture":"#0","tintindex":0},"south":{"uv":[11.621,11.379,11.504,11.746],"rotation":0,"texture":"#0","tintindex":0},"north":{"uv":[11.621,11.004,11.504,11.371],"rotation":0,"texture":"#0","tintindex":0},"west":{"uv":[11.621,8.879,11.379,9.246],"rotation":0,"texture":"#0","tintindex":0},"up":{"uv":[3.004,11.871,3.121,11.629],"rotation":0,"texture":"#0","tintindex":0},"down":{"uv":[3.129,11.629,3.246,11.871],"rotation":0,"texture":"#0","tintindex":0}}},{"from":[7.440626,12.029932,5.454447],"to":[8.240626,12.429933,5.854447],"rotation":{"angle":0.0,"axis":"y","origin":[7.8406262,1.6299319,7.4544473]},"faces":{"east":{"uv":[5.254,6.629,5.371,6.746],"rotation":0,"texture":"#0","tintindex":0},"south":{"uv":[11.254,6.629,11.496,6.746],"rotation":0,"texture":"#0","tintindex":0},"north":{"uv":[11.129,9.754,11.371,9.871],"rotation":0,"texture":"#0","tintindex":0},"west":{"uv":[8.754,1.004,8.871,1.121],"rotation":0,"texture":"#0","tintindex":0},"up":{"uv":[11.621,5.621,11.379,5.504],"rotation":0,"texture":"#0","tintindex":0},"down":{"uv":[11.621,9.754,11.379,9.871],"rotation":0,"texture":"#0","tintindex":0}}},{"from":[7.440626,13.059543,5.9001193],"to":[9.840626,14.259542,5.9001193],"rotation":{"angle":22.5,"axis":"x","origin":[7.8406262,14.259542,5.3001194]},"faces":{"east":{"uv":[0.004,0.004,0.004,0.371],"rotation":0,"texture":"#0","tintindex":0},"south":{"uv":[11.621,9.879,10.879,10.246],"rotation":0,"texture":"#0","tintindex":0},"north":{"uv":[10.879,9.879,11.621,10.246],"rotation":0,"texture":"#0","tintindex":0},"west":{"uv":[0.004,0.004,0.004,0.371],"rotation":0,"texture":"#0","tintindex":0},"up":{"uv":[0.746,0.004,0.004,0.004],"rotation":0,"texture":"#0","tintindex":0},"down":{"uv":[0.746,0.004,0.004,0.004],"rotation":0,"texture":"#0","tintindex":0}}},{"from":[5.840626,13.059543,5.9001193],"to":[8.240626,14.259542,5.9001193],"rotation":{"angle":22.5,"axis":"x","origin":[8.240626,14.259542,5.3001194]},"faces":{"east":{"uv":[0.004,0.004,0.004,0.371],"rotation":0,"texture":"#0","tintindex":0},"south":{"uv":[10.879,9.879,11.621,10.246],"rotation":0,"texture":"#0","tintindex":0},"north":{"uv":[11.621,9.879,10.879,10.246],"rotation":0,"texture":"#0","tintindex":0},"west":{"uv":[0.004,0.004,0.004,0.371],"rotation":0,"texture":"#0","tintindex":0},"up":{"uv":[0.004,0.004,0.746,0.004],"rotation":0,"texture":"#0","tintindex":0},"down":{"uv":[0.004,0.004,0.746,0.004],"rotation":0,"texture":"#0","tintindex":0}}}],"display":{"head":{"translation":[0.0,-6.4,0.0],"scale":[4.0,4.0,4.0]}}}