{"textures":{"0":"modelengine:entity/txarthur"},"elements":[{"from":[7.115962,8.218112,5.4329667],"to":[8.715962,11.018112,7.832967],"rotation":{"angle":0.0,"axis":"y","origin":[11.915962,4.218112,6.632967]},"faces":{"east":{"uv":[8.504,5.629,9.246,6.496],"rotation":0,"texture":"#0","tintindex":0},"south":{"uv":[10.004,0.004,10.496,0.871],"rotation":0,"texture":"#0","tintindex":0},"north":{"uv":[7.504,0.004,7.996,0.871],"rotation":0,"texture":"#0","tintindex":0},"west":{"uv":[8.504,6.504,9.246,7.371],"rotation":0,"texture":"#0","tintindex":0},"up":{"uv":[10.746,6.371,10.254,5.629],"rotation":0,"texture":"#0","tintindex":0},"down":{"uv":[10.871,10.129,10.379,10.871],"rotation":0,"texture":"#0","tintindex":0}}},{"from":[7.9142857,6.6156034,5.2329664],"to":[9.514286,8.215604,8.032967],"rotation":{"angle":22.5,"axis":"z","origin":[7.5142856,6.6156034,7.832967]},"faces":{"east":{"uv":[0.879,10.004,1.746,10.496],"rotation":0,"texture":"#0","tintindex":0},"south":{"uv":[2.004,10.879,2.496,11.371],"rotation":0,"texture":"#0","tintindex":0},"north":{"uv":[5.254,7.754,5.746,8.246],"rotation":0,"texture":"#0","tintindex":0},"west":{"uv":[10.004,3.754,10.871,4.246],"rotation":0,"texture":"#0","tintindex":0},"up":{"uv":[6.371,10.871,5.879,10.004],"rotation":0,"texture":"#0","tintindex":0},"down":{"uv":[6.871,10.004,6.379,10.871],"rotation":0,"texture":"#0","tintindex":0}}}],"display":{"head":{"translation":[0.0,-6.4,0.0],"scale":[4.0,4.0,4.0]}}}