{"textures":{"0":"modelengine:entity/txarthur"},"elements":[{"from":[5.9159617,7.8181124,6.232967],"to":[7.9159617,11.818112,9.432967],"rotation":{"angle":0.0,"axis":"y","origin":[11.115962,2.218112,7.832967]},"faces":{"east":{"uv":[1.254,5.879,2.246,7.121],"rotation":0,"texture":"#0","tintindex":0},"south":{"uv":[8.254,1.129,8.871,2.371],"rotation":0,"texture":"#0","tintindex":0},"north":{"uv":[0.004,8.254,0.621,9.496],"rotation":0,"texture":"#0","tintindex":0},"west":{"uv":[0.004,6.004,0.996,7.246],"rotation":0,"texture":"#0","tintindex":0},"up":{"uv":[9.121,8.371,8.504,7.379],"rotation":0,"texture":"#0","tintindex":0},"down":{"uv":[9.121,8.379,8.504,9.371],"rotation":0,"texture":"#0","tintindex":0}}}],"display":{"head":{"translation":[0.0,-6.4,0.0],"scale":[4.0,4.0,4.0]}}}