{"textures":{"0":"modelengine:entity/txarthur"},"elements":[{"from":[6.714286,9.015604,7.832967],"to":[9.114285,11.015604,10.232967],"rotation":{"angle":0.0,"axis":"y","origin":[6.5142856,9.415604,9.232967]},"faces":{"east":{"uv":[10.621,8.254,9.879,8.871],"rotation":0,"texture":"#0","tintindex":0},"south":{"uv":[10.621,7.629,9.879,8.246],"rotation":0,"texture":"#0","tintindex":0},"north":{"uv":[10.621,7.004,9.879,7.621],"rotation":0,"texture":"#0","tintindex":0},"west":{"uv":[8.371,9.879,7.629,10.496],"rotation":0,"texture":"#0","tintindex":0},"up":{"uv":[9.129,8.121,9.871,7.379],"rotation":0,"texture":"#0","tintindex":0},"down":{"uv":[7.629,9.129,8.371,9.871],"rotation":0,"texture":"#0","tintindex":0}}},{"from":[7.1142855,7.0156035,7.832967],"to":[8.714286,9.015604,9.832967],"rotation":{"angle":0.0,"axis":"y","origin":[6.5142856,7.4156036,9.232967]},"faces":{"east":{"uv":[4.746,10.254,4.129,10.871],"rotation":0,"texture":"#0","tintindex":0},"south":{"uv":[8.121,10.504,7.629,11.121],"rotation":0,"texture":"#0","tintindex":0},"north":{"uv":[2.996,10.504,2.504,11.121],"rotation":0,"texture":"#0","tintindex":0},"west":{"uv":[3.246,4.754,2.629,5.371],"rotation":0,"texture":"#0","tintindex":0},"up":{"uv":[10.629,5.246,11.121,4.629],"rotation":0,"texture":"#0","tintindex":0},"down":{"uv":[10.629,6.754,11.121,7.371],"rotation":0,"texture":"#0","tintindex":0}}},{"from":[7.1142855,7.0156035,7.4329667],"to":[8.714286,7.8156037,7.832967],"rotation":{"angle":0.0,"axis":"y","origin":[6.5142856,7.4156036,9.232967]},"faces":{"east":{"uv":[8.496,9.129,8.379,9.371],"rotation":0,"texture":"#0","tintindex":0},"south":{"uv":[11.746,2.004,11.254,2.246],"rotation":0,"texture":"#0","tintindex":0},"north":{"uv":[9.746,7.004,9.254,7.246],"rotation":0,"texture":"#0","tintindex":0},"west":{"uv":[0.996,9.004,0.879,9.246],"rotation":0,"texture":"#0","tintindex":0},"up":{"uv":[2.629,5.496,3.121,5.379],"rotation":0,"texture":"#0","tintindex":0},"down":{"uv":[4.754,6.629,5.246,6.746],"rotation":0,"texture":"#0","tintindex":0}}}],"display":{"head":{"translation":[0.0,-6.4,0.0],"scale":[4.0,4.0,4.0]}}}