{"textures":{"0":"modelengine:entity/txarthur"},"elements":[{"from":[7.1126094,8.218112,5.4329667],"to":[8.712609,11.018112,7.832967],"rotation":{"angle":0.0,"axis":"y","origin":[3.912609,4.218112,6.632967]},"faces":{"east":{"uv":[9.246,6.504,8.504,7.371],"rotation":0,"texture":"#0","tintindex":0},"south":{"uv":[10.496,0.004,10.004,0.871],"rotation":0,"texture":"#0","tintindex":0},"north":{"uv":[7.996,0.004,7.504,0.871],"rotation":0,"texture":"#0","tintindex":0},"west":{"uv":[9.246,5.629,8.504,6.496],"rotation":0,"texture":"#0","tintindex":0},"up":{"uv":[10.254,6.371,10.746,5.629],"rotation":0,"texture":"#0","tintindex":0},"down":{"uv":[10.379,10.129,10.871,10.871],"rotation":0,"texture":"#0","tintindex":0}}},{"from":[6.3142858,6.6156034,5.2329664],"to":[7.9142857,8.215604,8.032967],"rotation":{"angle":-22.5,"axis":"z","origin":[8.314285,6.6156034,7.832967]},"faces":{"east":{"uv":[10.871,3.754,10.004,4.246],"rotation":0,"texture":"#0","tintindex":0},"south":{"uv":[2.496,10.879,2.004,11.371],"rotation":0,"texture":"#0","tintindex":0},"north":{"uv":[5.746,7.754,5.254,8.246],"rotation":0,"texture":"#0","tintindex":0},"west":{"uv":[1.746,10.004,0.879,10.496],"rotation":0,"texture":"#0","tintindex":0},"up":{"uv":[5.879,10.871,6.371,10.004],"rotation":0,"texture":"#0","tintindex":0},"down":{"uv":[6.379,10.004,6.871,10.871],"rotation":0,"texture":"#0","tintindex":0}}}],"display":{"head":{"translation":[0.0,-6.4,0.0],"scale":[4.0,4.0,4.0]}}}