{"textures":{"0":"modelengine:entity/txarthur"},"elements":[{"from":[7.3142858,8.615603,6.4329667],"to":[9.714286,12.215604,9.632967],"rotation":{"angle":0.0,"axis":"y","origin":[7.1142855,10.615603,7.832967]},"faces":{"east":{"uv":[7.246,3.254,6.254,4.371],"rotation":0,"texture":"#0","tintindex":0},"south":{"uv":[8.746,0.004,8.004,1.121],"rotation":0,"texture":"#0","tintindex":0},"north":{"uv":[8.496,6.879,7.754,7.996],"rotation":0,"texture":"#0","tintindex":0},"west":{"uv":[7.246,2.129,6.254,3.246],"rotation":0,"texture":"#0","tintindex":0},"up":{"uv":[8.254,3.371,8.996,2.379],"rotation":0,"texture":"#0","tintindex":0},"down":{"uv":[5.254,8.254,5.996,9.246],"rotation":0,"texture":"#0","tintindex":0}}}],"display":{"head":{"translation":[0.0,-6.4,0.0],"scale":[4.0,4.0,4.0]}}}