{"textures":{"0":"modelengine:entity/txarthur"},"elements":[{"from":[5.3999996,9.348306,6.503627],"to":[10.6,12.548306,10.903626],"rotation":{"angle":0.0,"axis":"x","origin":[7.8,7.842212,8.090576]},"faces":{"east":{"uv":[2.629,5.504,3.996,6.496],"rotation":0,"texture":"#0","tintindex":0},"south":{"uv":[4.629,0.004,6.246,0.996],"rotation":0,"texture":"#0","tintindex":0},"north":{"uv":[3.254,4.504,4.871,5.496],"rotation":0,"texture":"#0","tintindex":0},"west":{"uv":[4.004,5.629,5.371,6.621],"rotation":0,"texture":"#0","tintindex":0},"up":{"uv":[1.621,3.621,0.004,2.254],"rotation":0,"texture":"#0","tintindex":0},"down":{"uv":[3.246,2.254,1.629,3.621],"rotation":0,"texture":"#0","tintindex":0}}},{"from":[5.8,6.710169,6.513139],"to":[10.2,10.310169,10.113139],"rotation":{"angle":22.5,"axis":"x","origin":[7.8,7.842212,8.090576]},"faces":{"east":{"uv":[5.379,5.629,6.496,6.746],"rotation":0,"texture":"#0","tintindex":0},"south":{"uv":[4.879,2.254,6.246,3.371],"rotation":0,"texture":"#0","tintindex":0},"north":{"uv":[1.254,4.754,2.621,5.871],"rotation":0,"texture":"#0","tintindex":0},"west":{"uv":[6.496,5.629,5.379,6.746],"rotation":0,"texture":"#0","tintindex":0},"up":{"uv":[6.246,4.496,4.879,3.379],"rotation":0,"texture":"#0","tintindex":0},"down":{"uv":[6.246,4.504,4.879,5.621],"rotation":0,"texture":"#0","tintindex":0}}},{"from":[7.2,9.348306,6.1036267],"to":[8.8,11.348307,6.503627],"rotation":{"angle":0.0,"axis":"x","origin":[8.0,7.842212,8.090576]},"faces":{"east":{"uv":[2.504,5.879,2.621,6.496],"rotation":0,"texture":"#0","tintindex":0},"south":{"uv":[10.629,8.004,11.121,8.621],"rotation":0,"texture":"#0","tintindex":0},"north":{"uv":[10.629,7.379,11.121,7.996],"rotation":0,"texture":"#0","tintindex":0},"west":{"uv":[1.629,10.504,1.746,11.121],"rotation":0,"texture":"#0","tintindex":0},"up":{"uv":[9.496,3.371,9.004,3.254],"rotation":0,"texture":"#0","tintindex":0},"down":{"uv":[9.746,7.254,9.254,7.371],"rotation":0,"texture":"#0","tintindex":0}}},{"from":[7.2,7.510169,5.7131386],"to":[8.8,10.310169,6.513139],"rotation":{"angle":22.5,"axis":"x","origin":[8.0,7.842212,8.090576]},"faces":{"east":{"uv":[2.004,7.129,2.246,7.996],"rotation":0,"texture":"#0","tintindex":0},"south":{"uv":[10.129,0.879,10.621,1.746],"rotation":0,"texture":"#0","tintindex":0},"north":{"uv":[6.879,10.004,7.371,10.871],"rotation":0,"texture":"#0","tintindex":0},"west":{"uv":[7.379,10.629,7.621,11.496],"rotation":0,"texture":"#0","tintindex":0},"up":{"uv":[6.371,11.496,5.879,11.254],"rotation":0,"texture":"#0","tintindex":0},"down":{"uv":[6.871,11.254,6.379,11.496],"rotation":0,"texture":"#0","tintindex":0}}},{"from":[6.4,10.148306,6.1036267],"to":[7.2,11.348307,6.503627],"rotation":{"angle":0.0,"axis":"x","origin":[8.0,7.842212,8.090576]},"faces":{"east":{"uv":[7.504,11.504,7.621,11.871],"rotation":0,"texture":"#0","tintindex":0},"south":{"uv":[2.129,11.379,2.371,11.746],"rotation":0,"texture":"#0","tintindex":0},"north":{"uv":[1.879,11.379,2.121,11.746],"rotation":0,"texture":"#0","tintindex":0},"west":{"uv":[11.504,10.629,11.621,10.996],"rotation":0,"texture":"#0","tintindex":0},"up":{"uv":[7.246,9.996,7.004,9.879],"rotation":0,"texture":"#0","tintindex":0},"down":{"uv":[10.871,3.629,10.629,3.746],"rotation":0,"texture":"#0","tintindex":0}}},{"from":[8.8,10.148306,6.1036267],"to":[9.6,11.348307,6.503627],"rotation":{"angle":0.0,"axis":"x","origin":[8.0,7.842212,8.090576]},"faces":{"east":{"uv":[9.754,7.004,9.871,7.371],"rotation":0,"texture":"#0","tintindex":0},"south":{"uv":[9.629,11.254,9.871,11.621],"rotation":0,"texture":"#0","tintindex":0},"north":{"uv":[9.379,11.254,9.621,11.621],"rotation":0,"texture":"#0","tintindex":0},"west":{"uv":[7.379,11.504,7.496,11.871],"rotation":0,"texture":"#0","tintindex":0},"up":{"uv":[3.996,6.621,3.754,6.504],"rotation":0,"texture":"#0","tintindex":0},"down":{"uv":[4.746,7.629,4.504,7.746],"rotation":0,"texture":"#0","tintindex":0}}},{"from":[7.0,12.556432,7.3663483],"to":[9.4,13.356432,9.766349],"rotation":{"angle":0.0,"axis":"x","origin":[7.8,7.842212,8.090576]},"faces":{"east":{"uv":[11.129,4.504,11.871,4.746],"rotation":0,"texture":"#0","tintindex":0},"south":{"uv":[11.129,4.754,11.871,4.996],"rotation":0,"texture":"#0","tintindex":0},"north":{"uv":[11.129,4.254,11.871,4.496],"rotation":0,"texture":"#0","tintindex":0},"west":{"uv":[11.129,5.004,11.871,5.246],"rotation":0,"texture":"#0","tintindex":0},"up":{"uv":[2.746,9.871,2.004,9.129],"rotation":0,"texture":"#0","tintindex":0},"down":{"uv":[3.496,9.129,2.754,9.871],"rotation":0,"texture":"#0","tintindex":0}}}],"display":{"head":{"translation":[0.0,-6.4,0.0],"scale":[4.0,4.0,4.0]}}}