{"textures":{"0":"modelengine:entity/furbeak"},"elements":[{"from":[10.569382,6.678995,3.079043],"to":[11.190681,7.300295,4.321643],"faces":{"east":{"uv":[10.015,10.015,10.125,10.125],"tintindex":0,"rotation":0,"texture":"#0"},"south":{"uv":[0.015,10.265,0.125,10.375],"tintindex":0,"rotation":0,"texture":"#0"},"north":{"uv":[10.015,9.515,10.125,9.625],"tintindex":0,"rotation":0,"texture":"#0"},"west":{"uv":[10.265,0.015,10.375,0.125],"tintindex":0,"rotation":0,"texture":"#0"},"up":{"uv":[0.625,10.375,0.515,10.265],"tintindex":0,"rotation":0,"texture":"#0"},"down":{"uv":[10.375,0.515,10.265,0.625],"tintindex":0,"rotation":0,"texture":"#0"}},"rotation":{"origin":[12.344351,19.57097,3.0460043],"angle":-22.5,"axis":"y"}},{"from":[7.0633006,6.119825,2.9008818],"to":[8.9272,7.983725,6.628682],"faces":{"east":{"uv":[9.515,0.515,9.875,0.735],"tintindex":0,"rotation":0,"texture":"#0"},"south":{"uv":[3.515,9.765,3.735,9.985],"tintindex":0,"rotation":0,"texture":"#0"},"north":{"uv":[3.015,9.765,3.235,9.985],"tintindex":0,"rotation":0,"texture":"#0"},"west":{"uv":[9.515,1.015,9.875,1.235],"tintindex":0,"rotation":0,"texture":"#0"},"up":{"uv":[0.735,9.875,0.515,9.515],"tintindex":0,"rotation":0,"texture":"#0"},"down":{"uv":[6.735,9.515,6.515,9.875],"tintindex":0,"rotation":0,"texture":"#0"}}},{"from":[5.4832497,6.678995,-0.3381071],"to":[6.10455,7.300295,0.90449286],"faces":{"east":{"uv":[10.015,6.515,10.125,6.625],"tintindex":0,"rotation":0,"texture":"#0"},"south":{"uv":[7.015,10.015,7.125,10.125],"tintindex":0,"rotation":0,"texture":"#0"},"north":{"uv":[6.015,10.015,6.125,10.125],"tintindex":0,"rotation":0,"texture":"#0"},"west":{"uv":[10.015,7.015,10.125,7.125],"tintindex":0,"rotation":0,"texture":"#0"},"up":{"uv":[7.625,10.125,7.515,10.015],"tintindex":0,"rotation":0,"texture":"#0"},"down":{"uv":[10.125,7.515,10.015,7.625],"tintindex":0,"rotation":0,"texture":"#0"}},"rotation":{"origin":[12.344351,19.57097,3.0460043],"angle":22.5,"axis":"y"}},{"from":[4.86195,6.057695,0.90449286],"to":[6.7258496,7.921595,6.496193],"faces":{"east":{"uv":[5.515,8.765,6.125,8.985],"tintindex":0,"rotation":0,"texture":"#0"},"south":{"uv":[9.765,4.015,9.985,4.235],"tintindex":0,"rotation":0,"texture":"#0"},"north":{"uv":[9.765,3.515,9.985,3.735],"tintindex":0,"rotation":0,"texture":"#0"},"west":{"uv":[0.015,9.015,0.625,9.235],"tintindex":0,"rotation":0,"texture":"#0"},"up":{"uv":[1.235,9.625,1.015,9.015],"tintindex":0,"rotation":0,"texture":"#0"},"down":{"uv":[1.735,9.015,1.515,9.625],"tintindex":0,"rotation":0,"texture":"#0"}},"rotation":{"origin":[12.344351,19.57097,3.0460043],"angle":22.5,"axis":"y"}},{"from":[9.948082,6.057695,4.259513],"to":[11.811982,7.921595,9.851213],"faces":{"east":{"uv":[9.015,7.265,9.625,7.485],"tintindex":0,"rotation":0,"texture":"#0"},"south":{"uv":[9.765,5.015,9.985,5.235],"tintindex":0,"rotation":0,"texture":"#0"},"north":{"uv":[9.765,4.515,9.985,4.735],"tintindex":0,"rotation":0,"texture":"#0"},"west":{"uv":[9.015,7.765,9.625,7.985],"tintindex":0,"rotation":0,"texture":"#0"},"up":{"uv":[2.235,9.625,2.015,9.015],"tintindex":0,"rotation":0,"texture":"#0"},"down":{"uv":[8.735,9.015,8.515,9.625],"tintindex":0,"rotation":0,"texture":"#0"}},"rotation":{"origin":[12.344351,19.57097,3.0460043],"angle":-22.5,"axis":"y"}},{"from":[7.7176566,6.678995,1.6764235],"to":[8.338957,7.300295,2.9190235],"faces":{"east":{"uv":[10.015,8.015,10.125,8.125],"tintindex":0,"rotation":0,"texture":"#0"},"south":{"uv":[8.515,10.015,8.625,10.125],"tintindex":0,"rotation":0,"texture":"#0"},"north":{"uv":[8.015,10.015,8.125,10.125],"tintindex":0,"rotation":0,"texture":"#0"},"west":{"uv":[10.015,8.515,10.125,8.625],"tintindex":0,"rotation":0,"texture":"#0"},"up":{"uv":[10.125,9.125,10.015,9.015],"tintindex":0,"rotation":0,"texture":"#0"},"down":{"uv":[9.625,10.015,9.515,10.125],"tintindex":0,"rotation":0,"texture":"#0"}}}],"display":{"gui":{"rotation":[30,225,0]}}}