{"textures":{"0":"modelengine:entity/furbeak"},"elements":[{"from":[8.0,14.363899,8.4768],"to":[8.0,24.3047,18.4176],"faces":{"east":{"uv":[2.235,6.765,1.265,7.735],"tintindex":0,"rotation":0,"texture":"#0"},"west":{"uv":[1.265,6.765,2.235,7.735],"tintindex":0,"rotation":0,"texture":"#0"}}},{"from":[3.0296001,0.07400036,5.9916],"to":[12.9704,14.985201,18.4176],"faces":{"east":{"uv":[3.015,3.765,4.235,5.235],"tintindex":0,"rotation":0,"texture":"#0"},"south":{"uv":[4.515,4.265,5.485,5.735],"tintindex":0,"rotation":0,"texture":"#0"},"north":{"uv":[1.515,4.015,2.485,5.485],"tintindex":0,"rotation":0,"texture":"#0"},"west":{"uv":[0.015,4.015,1.235,5.485],"tintindex":0,"rotation":0,"texture":"#0"},"up":{"uv":[5.985,1.235,5.015,0.015],"tintindex":0,"rotation":0,"texture":"#0"},"down":{"uv":[3.735,5.515,2.765,6.735],"tintindex":0,"rotation":0,"texture":"#0"}}}],"display":{"gui":{"rotation":[30,225,0]}}}