{"textures":{"0":"modelengine:entity/furbeak"},"elements":[{"from":[8.0,12.31065,8.143499],"to":[8.0,19.76625,15.5991],"faces":{"east":{"uv":[4.485,8.265,3.765,8.985],"tintindex":0,"rotation":0,"texture":"#0"},"west":{"uv":[3.765,8.265,4.485,8.985],"tintindex":0,"rotation":0,"texture":"#0"}}},{"from":[4.2722,2.99115,5.6582994],"to":[11.7278,12.93195,15.5991],"faces":{"east":{"uv":[6.265,2.515,7.235,3.485],"tintindex":0,"rotation":0,"texture":"#0"},"south":{"uv":[7.515,3.765,8.235,4.735],"tintindex":0,"rotation":0,"texture":"#0"},"north":{"uv":[7.515,2.515,8.235,3.485],"tintindex":0,"rotation":0,"texture":"#0"},"west":{"uv":[5.765,6.265,6.735,7.235],"tintindex":0,"rotation":0,"texture":"#0"},"up":{"uv":[8.235,5.985,7.515,5.015],"tintindex":0,"rotation":0,"texture":"#0"},"down":{"uv":[6.235,7.515,5.515,8.485],"tintindex":0,"rotation":0,"texture":"#0"}}}],"display":{"gui":{"rotation":[30,225,0]}}}