{"textures":{"0":"modelengine:entity/furbeak"},"elements":[{"from":[9.895451,6.8289948,-0.5881071],"to":[10.51675,7.450295,0.65449286],"faces":{"east":{"uv":[10.125,7.015,10.015,7.125],"tintindex":0,"rotation":0,"texture":"#0"},"south":{"uv":[7.125,10.015,7.015,10.125],"tintindex":0,"rotation":0,"texture":"#0"},"north":{"uv":[6.125,10.015,6.015,10.125],"tintindex":0,"rotation":0,"texture":"#0"},"west":{"uv":[10.125,6.515,10.015,6.625],"tintindex":0,"rotation":0,"texture":"#0"},"up":{"uv":[7.515,10.125,7.625,10.015],"tintindex":0,"rotation":0,"texture":"#0"},"down":{"uv":[10.015,7.515,10.125,7.625],"tintindex":0,"rotation":0,"texture":"#0"}},"rotation":{"origin":[3.6556492,19.72097,2.7960043],"angle":-22.5,"axis":"y"}},{"from":[7.6610436,6.8289948,1.4264235],"to":[8.282343,7.450295,2.6690235],"faces":{"east":{"uv":[10.125,8.515,10.015,8.625],"tintindex":0,"rotation":0,"texture":"#0"},"south":{"uv":[8.625,10.015,8.515,10.125],"tintindex":0,"rotation":0,"texture":"#0"},"north":{"uv":[8.125,10.015,8.015,10.125],"tintindex":0,"rotation":0,"texture":"#0"},"west":{"uv":[10.125,8.015,10.015,8.125],"tintindex":0,"rotation":0,"texture":"#0"},"up":{"uv":[10.015,9.125,10.125,9.015],"tintindex":0,"rotation":0,"texture":"#0"},"down":{"uv":[9.515,10.015,9.625,10.125],"tintindex":0,"rotation":0,"texture":"#0"}}},{"from":[9.274151,6.207695,0.65449286],"to":[11.13805,8.071595,6.246193],"faces":{"east":{"uv":[0.625,9.015,0.015,9.235],"tintindex":0,"rotation":0,"texture":"#0"},"south":{"uv":[9.985,4.015,9.765,4.235],"tintindex":0,"rotation":0,"texture":"#0"},"north":{"uv":[9.985,3.515,9.765,3.735],"tintindex":0,"rotation":0,"texture":"#0"},"west":{"uv":[6.125,8.765,5.515,8.985],"tintindex":0,"rotation":0,"texture":"#0"},"up":{"uv":[1.015,9.625,1.235,9.015],"tintindex":0,"rotation":0,"texture":"#0"},"down":{"uv":[1.515,9.015,1.735,9.625],"tintindex":0,"rotation":0,"texture":"#0"}},"rotation":{"origin":[3.6556492,19.72097,2.7960043],"angle":-22.5,"axis":"y"}},{"from":[4.809318,6.8289948,2.829043],"to":[5.4306183,7.450295,4.071643],"faces":{"east":{"uv":[10.375,0.015,10.265,0.125],"tintindex":0,"rotation":0,"texture":"#0"},"south":{"uv":[0.125,10.265,0.015,10.375],"tintindex":0,"rotation":0,"texture":"#0"},"north":{"uv":[10.125,9.515,10.015,9.625],"tintindex":0,"rotation":0,"texture":"#0"},"west":{"uv":[10.125,10.015,10.015,10.125],"tintindex":0,"rotation":0,"texture":"#0"},"up":{"uv":[0.515,10.375,0.625,10.265],"tintindex":0,"rotation":0,"texture":"#0"},"down":{"uv":[10.265,0.515,10.375,0.625],"tintindex":0,"rotation":0,"texture":"#0"}},"rotation":{"origin":[3.6556492,19.72097,2.7960043],"angle":22.5,"axis":"y"}},{"from":[7.072799,6.269825,2.6508818],"to":[8.936699,8.133725,6.378682],"faces":{"east":{"uv":[9.875,1.015,9.515,1.235],"tintindex":0,"rotation":0,"texture":"#0"},"south":{"uv":[3.735,9.765,3.515,9.985],"tintindex":0,"rotation":0,"texture":"#0"},"north":{"uv":[3.235,9.765,3.015,9.985],"tintindex":0,"rotation":0,"texture":"#0"},"west":{"uv":[9.875,0.515,9.515,0.735],"tintindex":0,"rotation":0,"texture":"#0"},"up":{"uv":[0.515,9.875,0.735,9.515],"tintindex":0,"rotation":0,"texture":"#0"},"down":{"uv":[6.515,9.515,6.735,9.875],"tintindex":0,"rotation":0,"texture":"#0"}}},{"from":[4.188018,6.207695,4.009513],"to":[6.051918,8.071595,9.601213],"faces":{"east":{"uv":[9.625,7.765,9.015,7.985],"tintindex":0,"rotation":0,"texture":"#0"},"south":{"uv":[9.985,5.015,9.765,5.235],"tintindex":0,"rotation":0,"texture":"#0"},"north":{"uv":[9.985,4.515,9.765,4.735],"tintindex":0,"rotation":0,"texture":"#0"},"west":{"uv":[9.625,7.265,9.015,7.485],"tintindex":0,"rotation":0,"texture":"#0"},"up":{"uv":[2.015,9.625,2.235,9.015],"tintindex":0,"rotation":0,"texture":"#0"},"down":{"uv":[8.515,9.015,8.735,9.625],"tintindex":0,"rotation":0,"texture":"#0"}},"rotation":{"origin":[3.6556492,19.72097,2.7960043],"angle":22.5,"axis":"y"}}],"display":{"gui":{"rotation":[30,225,0]}}}