{"textures":{"0":"modelengine:entity/queen"},"elements":[{"from":[3.0,3.249999,3.5],"to":[13.0,8.25,10.5],"faces":{"east":{"uv":[7.7625,4.7625,8.6125,5.3625],"tintindex":0,"rotation":0,"texture":"#0"},"south":{"uv":[3.2625,6.7625,4.4875,7.3625],"tintindex":0,"rotation":0,"texture":"#0"},"north":{"uv":[6.5125,0.6375,7.7375,1.2375],"tintindex":0,"rotation":0,"texture":"#0"},"west":{"uv":[7.7625,6.7625,8.6125,7.3625],"tintindex":0,"rotation":0,"texture":"#0"},"up":{"uv":[6.4875,0.8625,5.2625,0.0125],"tintindex":0,"rotation":0,"texture":"#0"},"down":{"uv":[6.4875,0.8875,5.2625,1.7375],"tintindex":0,"rotation":0,"texture":"#0"}}},{"from":[4.0,-11.75,3.5],"to":[12.0,3.249999,11.5],"faces":{"east":{"uv":[5.5125,9.7625,6.4875,11.6125],"tintindex":0,"rotation":0,"texture":"#0"},"south":{"uv":[3.5125,9.7625,4.4875,11.6125],"tintindex":0,"rotation":0,"texture":"#0"},"north":{"uv":[2.5125,9.7625,3.4875,11.6125],"tintindex":0,"rotation":0,"texture":"#0"},"west":{"uv":[6.4875,9.7625,5.5125,11.6125],"tintindex":0,"rotation":0,"texture":"#0"},"up":{"uv":[3.4875,12.6125,2.5125,11.6375],"tintindex":0,"rotation":0,"texture":"#0"},"down":{"uv":[4.4875,11.6375,3.5125,12.6125],"tintindex":0,"rotation":0,"texture":"#0"}}}],"display":{"gui":{"rotation":[30,225,0]}}}