{"textures":{"0":"modelengine:entity/queen"},"elements":[{"from":[11.494262,8.951139,6.160636],"to":[12.494262,11.951139,8.160636],"faces":{"east":{"uv":[7.7625,0.8875,7.9875,1.2375],"tintindex":0,"rotation":0,"texture":"#0"},"south":{"uv":[5.2625,1.7625,5.3625,2.1125],"tintindex":0,"rotation":0,"texture":"#0"},"north":{"uv":[3.3875,4.5125,3.4875,4.8625],"tintindex":0,"rotation":0,"texture":"#0"},"west":{"uv":[3.7625,8.0125,3.9875,8.3625],"tintindex":0,"rotation":0,"texture":"#0"},"up":{"uv":[5.9875,7.4875,5.8875,7.2625],"tintindex":0,"rotation":0,"texture":"#0"},"down":{"uv":[7.7375,4.7625,7.6375,4.9875],"tintindex":0,"rotation":0,"texture":"#0"}},"rotation":{"origin":[11.994262,7.4511395,7.1606364],"angle":22.5,"axis":"y"}},{"from":[2.3235183,12.201139,2.045415],"to":[4.323518,16.20114,13.045415],"faces":{"east":{"uv":[6.8875,5.7625,8.2375,6.2375],"tintindex":0,"rotation":0,"texture":"#0"},"south":{"uv":[2.0125,7.5125,2.2375,7.9875],"tintindex":0,"rotation":0,"texture":"#0"},"north":{"uv":[3.6375,6.2625,3.8625,6.7375],"tintindex":0,"rotation":0,"texture":"#0"},"west":{"uv":[6.8875,6.2625,8.2375,6.7375],"tintindex":0,"rotation":0,"texture":"#0"},"up":{"uv":[1.9875,9.4875,1.7625,8.1375],"tintindex":0,"rotation":0,"texture":"#0"},"down":{"uv":[6.9875,8.3875,6.7625,9.7375],"tintindex":0,"rotation":0,"texture":"#0"}},"rotation":{"origin":[3.8235183,13.201139,4.545415],"angle":-22.5,"axis":"z"}},{"from":[4.6681414,14.433676,1.5454149],"to":[12.668141,18.433676,13.045415],"faces":{"east":{"uv":[6.5125,1.2625,7.9875,1.7375],"tintindex":0,"rotation":0,"texture":"#0"},"south":{"uv":[7.7625,7.8875,8.7375,8.3625],"tintindex":0,"rotation":0,"texture":"#0"},"north":{"uv":[7.7625,7.3875,8.7375,7.8625],"tintindex":0,"rotation":0,"texture":"#0"},"west":{"uv":[4.5125,6.7625,5.9875,7.2375],"tintindex":0,"rotation":0,"texture":"#0"},"up":{"uv":[4.4875,3.7375,3.5125,2.2625],"tintindex":0,"rotation":0,"texture":"#0"},"down":{"uv":[4.4875,3.7625,3.5125,5.2375],"tintindex":0,"rotation":0,"texture":"#0"}},"rotation":{"origin":[4.6681414,13.933676,3.045415],"angle":-22.5,"axis":"z"}},{"from":[6.823518,9.239199,1.9867568],"to":[8.823518,11.239199,3.9867568],"faces":{"east":{"uv":[2.6375,6.0125,2.8625,6.2375],"tintindex":0,"rotation":0,"texture":"#0"},"south":{"uv":[3.0125,7.1375,3.2375,7.3625],"tintindex":0,"rotation":0,"texture":"#0"},"north":{"uv":[3.2625,5.0125,3.4875,5.2375],"tintindex":0,"rotation":0,"texture":"#0"},"west":{"uv":[5.3875,7.2625,5.6125,7.4875],"tintindex":0,"rotation":0,"texture":"#0"},"up":{"uv":[5.8625,7.4875,5.6375,7.2625],"tintindex":0,"rotation":0,"texture":"#0"},"down":{"uv":[8.6125,4.5125,8.3875,4.7375],"tintindex":0,"rotation":0,"texture":"#0"}},"rotation":{"origin":[7.8235183,10.451139,2.045415],"angle":22.5,"axis":"x"}},{"from":[4.823518,19.45114,10.545415],"to":[10.823518,23.45114,10.545415],"faces":{"east":{"uv":[8.3875,4.0125,9.1125,4.4875],"tintindex":0,"rotation":0,"texture":"#0"},"south":{"uv":[4.5125,8.3875,5.2375,8.8625],"tintindex":0,"rotation":0,"texture":"#0"},"north":{"uv":[3.7625,8.3875,4.4875,8.8625],"tintindex":0,"rotation":0,"texture":"#0"},"west":{"uv":[5.2625,8.3875,5.9875,8.8625],"tintindex":0,"rotation":0,"texture":"#0"},"up":{"uv":[8.3625,4.7375,7.6375,4.0125],"tintindex":0,"rotation":0,"texture":"#0"},"down":{"uv":[7.1125,7.6375,6.3875,8.3625],"tintindex":0,"rotation":0,"texture":"#0"}}},{"from":[3.8235183,6.4511395,2.545415],"to":[11.823518,14.451139,10.545415],"faces":{"east":{"uv":[5.7625,3.7625,6.7375,4.7375],"tintindex":0,"rotation":0,"texture":"#0"},"south":{"uv":[3.8875,5.7625,4.8625,6.7375],"tintindex":0,"rotation":0,"texture":"#0"},"north":{"uv":[5.3875,2.7625,6.3625,3.7375],"tintindex":0,"rotation":0,"texture":"#0"},"west":{"uv":[5.7625,4.7625,6.7375,5.7375],"tintindex":0,"rotation":0,"texture":"#0"},"up":{"uv":[5.8625,6.7375,4.8875,5.7625],"tintindex":0,"rotation":0,"texture":"#0"},"down":{"uv":[6.8625,5.7625,5.8875,6.7375],"tintindex":0,"rotation":0,"texture":"#0"}}},{"from":[10.823518,19.45114,4.545415],"to":[10.823518,23.45114,10.545415],"faces":{"east":{"uv":[8.3875,4.0125,9.1125,4.4875],"tintindex":0,"rotation":0,"texture":"#0"},"south":{"uv":[4.5125,8.3875,5.2375,8.8625],"tintindex":0,"rotation":0,"texture":"#0"},"north":{"uv":[3.7625,8.3875,4.4875,8.8625],"tintindex":0,"rotation":0,"texture":"#0"},"west":{"uv":[5.2625,8.3875,5.9875,8.8625],"tintindex":0,"rotation":0,"texture":"#0"},"up":{"uv":[8.3625,4.7375,7.6375,4.0125],"tintindex":0,"rotation":0,"texture":"#0"},"down":{"uv":[7.1125,7.6375,6.3875,8.3625],"tintindex":0,"rotation":0,"texture":"#0"}}},{"from":[4.823518,15.451139,4.545415],"to":[10.823518,19.45114,10.545415],"faces":{"east":{"uv":[8.3875,2.5125,9.1125,2.9875],"tintindex":0,"rotation":0,"texture":"#0"},"south":{"uv":[8.3875,3.0125,9.1125,3.4875],"tintindex":0,"rotation":0,"texture":"#0"},"north":{"uv":[8.3875,0.2625,9.1125,0.7375],"tintindex":0,"rotation":0,"texture":"#0"},"west":{"uv":[8.3875,3.5125,9.1125,3.9875],"tintindex":0,"rotation":0,"texture":"#0"},"up":{"uv":[8.3625,3.2375,7.6375,2.5125],"tintindex":0,"rotation":0,"texture":"#0"},"down":{"uv":[8.3625,3.2625,7.6375,3.9875],"tintindex":0,"rotation":0,"texture":"#0"}}},{"from":[3.3235183,6.7011395,8.545415],"to":[12.323519,13.701139,13.545415],"faces":{"east":{"uv":[7.1375,7.6375,7.7375,8.4875],"tintindex":0,"rotation":0,"texture":"#0"},"south":{"uv":[1.1375,6.0125,2.2375,6.8625],"tintindex":0,"rotation":0,"texture":"#0"},"north":{"uv":[0.0125,6.0125,1.1125,6.8625],"tintindex":0,"rotation":0,"texture":"#0"},"west":{"uv":[7.7625,0.0125,8.3625,0.8625],"tintindex":0,"rotation":0,"texture":"#0"},"up":{"uv":[1.1125,7.4875,0.0125,6.8875],"tintindex":0,"rotation":0,"texture":"#0"},"down":{"uv":[2.2375,6.8875,1.1375,7.4875],"tintindex":0,"rotation":0,"texture":"#0"}},"rotation":{"origin":[7.8235183,9.951139,8.545415],"angle":-22.5,"axis":"x"}},{"from":[3.1527748,8.951139,6.160636],"to":[4.1527743,11.951139,8.160636],"faces":{"east":{"uv":[3.9875,8.0125,3.7625,8.3625],"tintindex":0,"rotation":0,"texture":"#0"},"south":{"uv":[5.3625,1.7625,5.2625,2.1125],"tintindex":0,"rotation":0,"texture":"#0"},"north":{"uv":[3.4875,4.5125,3.3875,4.8625],"tintindex":0,"rotation":0,"texture":"#0"},"west":{"uv":[7.9875,0.8875,7.7625,1.2375],"tintindex":0,"rotation":0,"texture":"#0"},"up":{"uv":[5.8875,7.4875,5.9875,7.2625],"tintindex":0,"rotation":0,"texture":"#0"},"down":{"uv":[7.6375,4.7625,7.7375,4.9875],"tintindex":0,"rotation":0,"texture":"#0"}},"rotation":{"origin":[3.6527748,7.4511395,7.1606364],"angle":-22.5,"axis":"y"}},{"from":[4.823518,19.45114,4.545415],"to":[10.823518,23.45114,4.545415],"faces":{"east":{"uv":[8.3875,4.0125,9.1125,4.4875],"tintindex":0,"rotation":0,"texture":"#0"},"south":{"uv":[4.5125,8.3875,5.2375,8.8625],"tintindex":0,"rotation":0,"texture":"#0"},"north":{"uv":[3.7625,8.3875,4.4875,8.8625],"tintindex":0,"rotation":0,"texture":"#0"},"west":{"uv":[5.2625,8.3875,5.9875,8.8625],"tintindex":0,"rotation":0,"texture":"#0"},"up":{"uv":[8.3625,4.7375,7.6375,4.0125],"tintindex":0,"rotation":0,"texture":"#0"},"down":{"uv":[7.1125,7.6375,6.3875,8.3625],"tintindex":0,"rotation":0,"texture":"#0"}}},{"from":[4.823518,19.45114,4.545415],"to":[4.823518,23.45114,10.545415],"faces":{"east":{"uv":[8.3875,4.0125,9.1125,4.4875],"tintindex":0,"rotation":0,"texture":"#0"},"south":{"uv":[4.5125,8.3875,5.2375,8.8625],"tintindex":0,"rotation":0,"texture":"#0"},"north":{"uv":[3.7625,8.3875,4.4875,8.8625],"tintindex":0,"rotation":0,"texture":"#0"},"west":{"uv":[5.2625,8.3875,5.9875,8.8625],"tintindex":0,"rotation":0,"texture":"#0"},"up":{"uv":[8.3625,4.7375,7.6375,4.0125],"tintindex":0,"rotation":0,"texture":"#0"},"down":{"uv":[7.1125,7.6375,6.3875,8.3625],"tintindex":0,"rotation":0,"texture":"#0"}}},{"from":[4.323518,9.701139,13.545415],"to":[11.323518,16.70114,19.545414],"faces":{"east":{"uv":[7.0125,6.7625,7.7375,7.6125],"tintindex":0,"rotation":0,"texture":"#0"},"south":{"uv":[6.7625,4.1375,7.6125,4.9875],"tintindex":0,"rotation":0,"texture":"#0"},