{"textures":{"0":"modelengine:entity/queen"},"elements":[{"from":[2.0,9.716116,3.3159847],"to":[4.0,17.716116,11.315985],"faces":{"east":{"uv":[6.3625,1.7625,5.3875,2.7375],"tintindex":0,"rotation":0,"texture":"#0"},"south":{"uv":[2.7375,8.6375,2.5125,9.6125],"tintindex":0,"rotation":0,"texture":"#0"},"north":{"uv":[1.7375,8.6375,1.5125,9.6125],"tintindex":0,"rotation":0,"texture":"#0"},"west":{"uv":[3.8625,5.2625,2.8875,6.2375],"tintindex":0,"rotation":0,"texture":"#0"},"up":{"uv":[2.7625,9.6125,2.9875,8.6375],"tintindex":0,"rotation":0,"texture":"#0"},"down":{"uv":[3.0125,8.6375,3.2375,9.6125],"tintindex":0,"rotation":0,"texture":"#0"}},"rotation":{"origin":[2.0,11.966116,5.8159847],"angle":22.5,"axis":"z"}},{"from":[3.0,7.5,3.5],"to":[13.0,12.5,11.5],"faces":{"east":{"uv":[3.0125,7.3875,3.9875,7.9875],"tintindex":0,"rotation":0,"texture":"#0"},"south":{"uv":[6.5125,0.0125,7.7375,0.6125],"tintindex":0,"rotation":0,"texture":"#0"},"north":{"uv":[6.3875,2.6375,7.6125,3.2375],"tintindex":0,"rotation":0,"texture":"#0"},"west":{"uv":[0.0125,7.5125,0.9875,8.1125],"tintindex":0,"rotation":0,"texture":"#0"},"up":{"uv":[5.7375,4.7375,4.5125,3.7625],"tintindex":0,"rotation":0,"texture":"#0"},"down":{"uv":[5.7375,4.7625,4.5125,5.7375],"tintindex":0,"rotation":0,"texture":"#0"}},"rotation":{"origin":[8.0,8.0,8.0],"angle":-22.5,"axis":"x"}},{"from":[4.0,1.8774529,5.42492],"to":[12.0,8.877453,11.42492],"faces":{"east":{"uv":[1.0125,10.5125,1.7375,11.3625],"tintindex":0,"rotation":0,"texture":"#0"},"south":{"uv":[0.0125,10.6375,0.9875,11.4875],"tintindex":0,"rotation":0,"texture":"#0"},"north":{"uv":[0.0125,9.7625,0.9875,10.6125],"tintindex":0,"rotation":0,"texture":"#0"},"west":{"uv":[1.7625,10.5125,2.4875,11.3625],"tintindex":0,"rotation":0,"texture":"#0"},"up":{"uv":[0.9875,12.2375,0.0125,11.5125],"tintindex":0,"rotation":0,"texture":"#0"},"down":{"uv":[1.9875,9.7625,1.0125,10.4875],"tintindex":0,"rotation":0,"texture":"#0"}}},{"from":[12.0,9.716116,3.3159847],"to":[14.0,17.716116,11.315985],"faces":{"east":{"uv":[2.8875,5.2625,3.8625,6.2375],"tintindex":0,"rotation":0,"texture":"#0"},"south":{"uv":[2.5125,8.6375,2.7375,9.6125],"tintindex":0,"rotation":0,"texture":"#0"},"north":{"uv":[1.5125,8.6375,1.7375,9.6125],"tintindex":0,"rotation":0,"texture":"#0"},"west":{"uv":[5.3875,1.7625,6.3625,2.7375],"tintindex":0,"rotation":0,"texture":"#0"},"up":{"uv":[2.9875,9.6125,2.7625,8.6375],"tintindex":0,"rotation":0,"texture":"#0"},"down":{"uv":[3.2375,8.6375,3.0125,9.6125],"tintindex":0,"rotation":0,"texture":"#0"}},"rotation":{"origin":[14.0,11.966116,5.8159847],"angle":-22.5,"axis":"z"}},{"from":[6.0,12.5,7.5],"to":[10.0,15.5,11.5],"faces":{"east":{"uv":[8.7625,5.6375,9.2375,5.9875],"tintindex":0,"rotation":0,"texture":"#0"},"south":{"uv":[8.7625,6.0125,9.2375,6.3625],"tintindex":0,"rotation":0,"texture":"#0"},"north":{"uv":[8.7625,1.1375,9.2375,1.4875],"tintindex":0,"rotation":0,"texture":"#0"},"west":{"uv":[8.7625,7.2625,9.2375,7.6125],"tintindex":0,"rotation":0,"texture":"#0"},"up":{"uv":[3.3625,4.9875,2.8875,4.5125],"tintindex":0,"rotation":0,"texture":"#0"},"down":{"uv":[4.3625,5.2625,3.8875,5.7375],"tintindex":0,"rotation":0,"texture":"#0"}},"rotation":{"origin":[8.0,8.0,8.0],"angle":-22.5,"axis":"x"}},{"from":[1.0,7.5,11.5],"to":[15.0,16.500002,13.5],"faces":{"east":{"uv":[7.0125,8.5125,7.2375,9.6125],"tintindex":0,"rotation":0,"texture":"#0"},"south":{"uv":[0.0125,1.1375,1.7375,2.2375],"tintindex":0,"rotation":0,"texture":"#0"},"north":{"uv":[0.0125,0.0125,1.7375,1.1125],"tintindex":0,"rotation":0,"texture":"#0"},"west":{"uv":[7.2625,8.5125,7.4875,9.6125],"tintindex":0,"rotation":0,"texture":"#0"},"up":{"uv":[9.4875,5.6125,7.7625,5.3875],"tintindex":0,"rotation":0,"texture":"#0"},"down":{"uv":[9.7375,1.5125,8.0125,1.7375],"tintindex":0,"rotation":0,"texture":"#0"}},"rotation":{"origin":[8.0,8.0,8.0],"angle":-22.5,"axis":"x"}}],"display":{"gui":{"rotation":[30,225,0]}}}