{"textures":{"0":"modelengine:entity/lol_torre_a"},"elements":[{"from":[23.600647,-2.2235851,7.057364],"to":[24.560646,1.6164169,8.017364],"faces":{"east":{"uv":[4.5,10.625,4.625,11.125],"tintindex":0,"rotation":0,"texture":"#0"},"south":{"uv":[4.625,10.625,4.75,11.125],"tintindex":0,"rotation":0,"texture":"#0"},"north":{"uv":[4.375,10.625,4.5,11.125],"tintindex":0,"rotation":0,"texture":"#0"},"west":{"uv":[4.75,10.625,4.875,11.125],"tintindex":0,"rotation":0,"texture":"#0"},"up":{"uv":[10.5,1.875,10.375,1.75],"tintindex":0,"rotation":0,"texture":"#0"},"down":{"uv":[10.5,6.375,10.375,6.5],"tintindex":0,"rotation":0,"texture":"#0"}},"rotation":{"origin":[15.920647,-20.463583,11.857364],"angle":45.0,"axis":"z"}},{"from":[24.560646,6.416417,13.777365],"to":[25.520647,8.336415,16.657364],"faces":{"east":{"uv":[10.375,0.875,10.75,1.125],"tintindex":0,"rotation":0,"texture":"#0"},"south":{"uv":[10.875,3.75,11.0,4.0],"tintindex":0,"rotation":0,"texture":"#0"},"north":{"uv":[3.625,10.875,3.75,11.125],"tintindex":0,"rotation":0,"texture":"#0"},"west":{"uv":[1.5,10.5,1.875,10.75],"tintindex":0,"rotation":0,"texture":"#0"},"up":{"uv":[2.75,11.125,2.625,10.75],"tintindex":0,"rotation":0,"texture":"#0"},"down":{"uv":[2.875,10.75,2.75,11.125],"tintindex":0,"rotation":0,"texture":"#0"}},"rotation":{"origin":[15.920647,-20.463583,11.857364],"angle":45.0,"axis":"z"}},{"from":[24.560646,3.5364175,9.937364],"to":[25.520647,6.416417,11.857364],"faces":{"east":{"uv":[10.5,0.0,10.75,0.375],"tintindex":0,"rotation":0,"texture":"#0"},"south":{"uv":[10.75,2.5,10.875,2.875],"tintindex":0,"rotation":0,"texture":"#0"},"north":{"uv":[2.5,10.75,2.625,11.125],"tintindex":0,"rotation":0,"texture":"#0"},"west":{"uv":[10.5,0.375,10.75,0.75],"tintindex":0,"rotation":0,"texture":"#0"},"up":{"uv":[11.0,2.75,10.875,2.5],"tintindex":0,"rotation":0,"texture":"#0"},"down":{"uv":[11.0,2.75,10.875,3.0],"tintindex":0,"rotation":0,"texture":"#0"}},"rotation":{"origin":[15.920647,-20.463583,11.857364],"angle":45.0,"axis":"z"}},{"from":[24.560646,-2.2235851,8.017364],"to":[25.520647,3.5364175,9.937364],"faces":{"east":{"uv":[2.25,10.0,2.5,10.75],"tintindex":0,"rotation":0,"texture":"#0"},"south":{"uv":[10.375,10.375,10.5,11.125],"tintindex":0,"rotation":0,"texture":"#0"},"north":{"uv":[10.125,10.375,10.25,11.125],"tintindex":0,"rotation":0,"texture":"#0"},"west":{"uv":[2.5,10.0,2.75,10.75],"tintindex":0,"rotation":0,"texture":"#0"},"up":{"uv":[11.0,2.25,10.875,2.0],"tintindex":0,"rotation":0,"texture":"#0"},"down":{"uv":[11.0,2.25,10.875,2.5],"tintindex":0,"rotation":0,"texture":"#0"}},"rotation":{"origin":[15.920647,-20.463583,11.857364],"angle":45.0,"axis":"z"}},{"from":[23.600647,-2.2235851,8.017364],"to":[24.560646,3.5364175,9.937364],"faces":{"east":{"uv":[4.75,9.875,5.0,10.625],"tintindex":0,"rotation":0,"texture":"#0"},"south":{"uv":[10.0,10.375,10.125,11.125],"tintindex":0,"rotation":0,"texture":"#0"},"north":{"uv":[10.375,9.625,10.5,10.375],"tintindex":0,"rotation":0,"texture":"#0"},"west":{"uv":[5.0,9.875,5.25,10.625],"tintindex":0,"rotation":0,"texture":"#0"},"up":{"uv":[10.875,10.75,10.75,10.5],"tintindex":0,"rotation":0,"texture":"#0"},"down":{"uv":[10.75,10.75,10.625,11.0],"tintindex":0,"rotation":0,"texture":"#0"}},"rotation":{"origin":[15.920647,-20.463583,11.857364],"angle":45.0,"axis":"z"}},{"from":[23.600647,1.6164169,13.777365],"to":[24.560646,8.336415,16.657364],"faces":{"east":{"uv":[3.5,8.75,3.875,9.625],"tintindex":0,"rotation":0,"texture":"#0"},"south":{"uv":[10.375,0.0,10.5,0.875],"tintindex":0,"rotation":0,"texture":"#0"},"north":{"uv":[10.25,10.125,10.375,11.0],"tintindex":0,"rotation":0,"texture":"#0"},"west":{"uv":[3.875,8.75,4.25,9.625],"tintindex":0,"rotation":0,"texture":"#0"},"up":{"uv":[10.75,10.75,10.625,10.375],"tintindex":0,"rotation":0,"texture":"#0"},"down":{"uv":[10.875,0.0,10.75,0.375],"tintindex":0,"rotation":0,"texture":"#0"}},"rotation":{"origin":[15.920647,-20.463583,11.857364],"angle":45.0,"axis":"z"}},{"from":[24.560646,4.4964166,11.857364],"to":[25.520647,6.416417,13.777365],"faces":{"east":{"uv":[10.5,9.875,10.75,10.125],"tintindex":0,"rotation":0,"texture":"#0"},"south":{"uv":[10.875,3.25,11.0,3.5],"tintindex":0,"rotation":0,"texture":"#0"},"north":{"uv":[10.875,3.0,11.0,3.25],"tintindex":0,"rotation":0,"texture":"#0"},"west":{"uv":[10.5,10.125,10.75,10.375],"tintindex":0,"rotation":0,"texture":"#0"},"up":{"uv":[3.625,11.125,3.5,10.875],"tintindex":0,"rotation":0,"texture":"#0"},"down":{"uv":[11.0,3.5,10.875,3.75],"tintindex":0,"rotation":0,"texture":"#0"}},"rotation":{"origin":[15.920647,-20.463583,11.857364],"angle":45.0,"axis":"z"}},{"from":[24.560646,8.336415,16.657364],"to":[25.520647,10.256416,20.497364],"faces":{"east":{"uv":[10.0,6.875,10.5,7.125],"tintindex":0,"rotation":0,"texture":"#0"},"south":{"uv":[10.875,4.25,11.0,4.5],"tintindex":0,"rotation":0,"texture":"#0"},"north":{"uv":[10.875,4.0,11.0,4.25],"tintindex":0,"rotation":0,"texture":"#0"},"west":{"uv":[10.125,1.125,10.625,1.375],"tintindex":0,"rotation":0,"texture":"#0"},"up":{"uv":[10.625,10.875,10.5,10.375],"tintindex":0,"rotation":0,"texture":"#0"},"down":{"uv":[10.75,1.75,10.625,2.25],"tintindex":0,"rotation":0,"texture":"#0"}},"rotation":{"origin":[15.920647,-20.463583,11.857364],"angle":45.0,"axis":"z"}},{"from":[23.600647,3.5364175,16.657364],"to":[24.560646,10.256416,18.577364],"faces":{"east":{"uv":[9.625,7.125,9.875,8.0],"tintindex":0,"rotation":0,"texture":"#0"},"south":{"uv":[10.25,9.25,10.375,10.125],"tintindex":0,"rotation":0,"texture":"#0"},"north":{"uv":[8.375,10.25,8.5,11.125],"tintindex":0,"rotation":0,"texture":"#0"},"west":{"uv":[9.625,9.25,9.875,10.125],"tintindex":0,"rotation":0,"texture":"#0"},"up":{"uv":[10.875,9.0,10.75,8.75],"tintindex":0,"rotation":0,"texture":"#0"},"down":{"uv":[10.875,9.0,10.75,9.25],"tintindex":0,"rotation":0,"texture":"#0"}},"rotation":{"origin":[15.920647,-20.463583,11.857364],"angle":45.0,"axis":"z"}},{"from":[23.600647,-2.2235851,9.937364],"to":[24.560646,6.416417,13.777365],"faces":{"east":{"uv":[1.5,4.0,2.0,5.125],"tintindex":0,"rotation":0,"texture":"#0"},"south":{"uv":[0.125,10.25,0.25,11.375],"tintindex":0,"rotation":0,"texture":"#0"},"north":{"uv":[10.25,0.0,10.375,1.125],"tintindex":0,"rotation":0,"texture":"#0"},"west":{"uv":[5.5,3.75,6.0,4.875],"tintindex":0,"rotation":0,"texture":"#0"},"up":{"uv":[4.25,11.0,4.125,10.5],"tintindex":0,"rotation":0,"texture":"#0"},"down":{"uv":[10.625,5.625,10.5,6.125],"tintindex":0,"rotation":0,"texture":"#0"}},"rotation":{"origin":[15.920647,-20.463583,11.857364],"angle":45.0,"axis":"z"}}],"display":{"gui":{"rotation":[30,225,0]}}}