{"textures":{"0":"modelengine:entity/lol_torre_a"},"elements":[{"from":[7.280647,-9.231586,26.209364],"to":[8.240646,-2.5115843,28.129364],"faces":{"east":{"uv":[3.5,9.625,3.75,10.5],"tintindex":0,"rotation":0,"texture":"#0"},"south":{"uv":[6.125,10.25,6.25,11.125],"tintindex":0,"rotation":0,"texture":"#0"},"north":{"uv":[10.25,5.625,10.375,6.5],"tintindex":0,"rotation":0,"texture":"#0"},"west":{"uv":[3.75,9.625,4.0,10.5],"tintindex":0,"rotation":0,"texture":"#0"},"up":{"uv":[10.875,7.125,10.75,6.875],"tintindex":0,"rotation":0,"texture":"#0"},"down":{"uv":[7.5,10.75,7.375,11.0],"tintindex":0,"rotation":0,"texture":"#0"}},"rotation":{"origin":[13.0406475,-27.471588,12.769363],"angle":-22.5,"axis":"x"}},{"from":[7.280647,-9.231586,17.569365],"to":[8.240646,-0.5915861,26.209364],"faces":{"east":{"uv":[7.25,5.625,8.375,6.75],"tintindex":0,"rotation":0,"texture":"#0"},"south":{"uv":[10.125,0.0,10.25,1.125],"tintindex":0,"rotation":0,"texture":"#0"},"north":{"uv":[10.0,9.25,10.125,10.375],"tintindex":0,"rotation":0,"texture":"#0"},"west":{"uv":[7.25,6.75,8.375,7.875],"tintindex":0,"rotation":0,"texture":"#0"},"up":{"uv":[10.25,4.125,10.125,3.0],"tintindex":0,"rotation":0,"texture":"#0"},"down":{"uv":[10.25,5.625,10.125,6.75],"tintindex":0,"rotation":0,"texture":"#0"}},"rotation":{"origin":[13.0406475,-27.471588,12.769363],"angle":-22.5,"axis":"x"}},{"from":[7.280647,-9.231586,28.129364],"to":[8.240646,-5.3915844,29.089363],"faces":{"east":{"uv":[7.125,10.5,7.25,11.0],"tintindex":0,"rotation":0,"texture":"#0"},"south":{"uv":[10.5,8.875,10.625,9.375],"tintindex":0,"rotation":0,"texture":"#0"},"north":{"uv":[7.0,10.5,7.125,11.0],"tintindex":0,"rotation":0,"texture":"#0"},"west":{"uv":[9.125,10.5,9.25,11.0],"tintindex":0,"rotation":0,"texture":"#0"},"up":{"uv":[9.125,8.625,9.0,8.5],"tintindex":0,"rotation":0,"texture":"#0"},"down":{"uv":[9.25,4.75,9.125,4.875],"tintindex":0,"rotation":0,"texture":"#0"}},"rotation":{"origin":[13.0406475,-27.471588,12.769363],"angle":-22.5,"axis":"x"}}],"display":{"gui":{"rotation":[30,225,0]}}}