{"textures":{"0":"modelengine:entity/lol_torre_a"},"elements":[{"from":[20.239223,-1.9486542,9.887327],"to":[21.679224,2.3713455,12.767328],"faces":{"east":{"uv":[10.375,7.375,10.625,7.75],"tintindex":0,"rotation":0,"texture":"#0"},"south":{"uv":[1.125,10.75,1.25,11.125],"tintindex":0,"rotation":0,"texture":"#0"},"north":{"uv":[1.0,10.75,1.125,11.125],"tintindex":0,"rotation":0,"texture":"#0"},"west":{"uv":[10.375,8.5,10.625,8.875],"tintindex":0,"rotation":0,"texture":"#0"},"up":{"uv":[10.875,10.0,10.75,9.75],"tintindex":0,"rotation":0,"texture":"#0"},"down":{"uv":[10.0,10.75,9.875,11.0],"tintindex":0,"rotation":0,"texture":"#0"}},"rotation":{"origin":[11.599224,-37.948654,15.647327],"angle":22.5,"axis":"z"}},{"from":[20.239223,-9.148655,7.007328],"to":[21.679224,2.3713455,9.887327],"faces":{"east":{"uv":[8.0,9.25,8.25,10.25],"tintindex":0,"rotation":0,"texture":"#0"},"south":{"uv":[0.875,10.25,1.0,11.25],"tintindex":0,"rotation":0,"texture":"#0"},"north":{"uv":[0.75,10.25,0.875,11.25],"tintindex":0,"rotation":0,"texture":"#0"},"west":{"uv":[8.25,9.25,8.5,10.25],"tintindex":0,"rotation":0,"texture":"#0"},"up":{"uv":[10.875,4.25,10.75,4.0],"tintindex":0,"rotation":0,"texture":"#0"},"down":{"uv":[10.875,5.625,10.75,5.875],"tintindex":0,"rotation":0,"texture":"#0"}},"rotation":{"origin":[11.599224,-37.948654,15.647327],"angle":22.5,"axis":"z"}}],"display":{"gui":{"rotation":[30,225,0]}}}