{"textures":{"0":"modelengine:entity/lol_torre_a"},"elements":[{"from":[7.7606463,-9.231586,28.129364],"to":[8.720647,-5.3915844,29.089363],"faces":{"east":{"uv":[9.375,10.5,9.5,11.0],"tintindex":0,"rotation":0,"texture":"#0"},"south":{"uv":[10.5,9.375,10.625,9.875],"tintindex":0,"rotation":0,"texture":"#0"},"north":{"uv":[9.25,10.5,9.375,11.0],"tintindex":0,"rotation":0,"texture":"#0"},"west":{"uv":[9.5,10.5,9.625,11.0],"tintindex":0,"rotation":0,"texture":"#0"},"up":{"uv":[10.25,4.25,10.125,4.125],"tintindex":0,"rotation":0,"texture":"#0"},"down":{"uv":[10.25,6.75,10.125,6.875],"tintindex":0,"rotation":0,"texture":"#0"}},"rotation":{"origin":[4.400646,-27.471588,12.769363],"angle":-22.5,"axis":"x"}},{"from":[7.7606463,-9.231586,26.209364],"to":[8.720647,-2.5115843,28.129364],"faces":{"east":{"uv":[4.0,9.625,4.25,10.5],"tintindex":0,"rotation":0,"texture":"#0"},"south":{"uv":[7.75,10.25,7.875,11.125],"tintindex":0,"rotation":0,"texture":"#0"},"north":{"uv":[6.25,10.25,6.375,11.125],"tintindex":0,"rotation":0,"texture":"#0"},"west":{"uv":[5.25,9.625,5.5,10.5],"tintindex":0,"rotation":0,"texture":"#0"},"up":{"uv":[10.875,7.625,10.75,7.375],"tintindex":0,"rotation":0,"texture":"#0"},"down":{"uv":[7.625,10.75,7.5,11.0],"tintindex":0,"rotation":0,"texture":"#0"}},"rotation":{"origin":[4.400646,-27.471588,12.769363],"angle":-22.5,"axis":"x"}},{"from":[7.756767,-9.231586,17.569365],"to":[8.716767,-0.5915861,26.209364],"faces":{"east":{"uv":[7.5,3.75,8.625,4.875],"tintindex":0,"rotation":0,"texture":"#0"},"south":{"uv":[9.625,10.125,9.75,11.25],"tintindex":0,"rotation":0,"texture":"#0"},"north":{"uv":[10.125,9.25,10.25,10.375],"tintindex":0,"rotation":0,"texture":"#0"},"west":{"uv":[5.25,7.5,6.375,8.625],"tintindex":0,"rotation":0,"texture":"#0"},"up":{"uv":[9.875,11.25,9.75,10.125],"tintindex":0,"rotation":0,"texture":"#0"},"down":{"uv":[0.125,10.25,0.0,11.375],"tintindex":0,"rotation":0,"texture":"#0"}},"rotation":{"origin":[2.9567666,-27.471588,12.769363],"angle":-22.5,"axis":"x"}}],"display":{"gui":{"rotation":[30,225,0]}}}