{"textures":{"0":"modelengine:entity/dragon_blue"},"elements":[{"from":[10.667265,10.026903,7.615556],"to":[16.167265,11.776903,9.365556],"faces":{"east":{"uv":[0.25,1.25,0.75,1.75],"tintindex":0,"rotation":0,"texture":"#0"},"south":{"uv":[0.25,1.25,0.75,1.75],"tintindex":0,"rotation":0,"texture":"#0"},"north":{"uv":[0.25,1.25,0.75,1.75],"tintindex":0,"rotation":0,"texture":"#0"},"west":{"uv":[0.25,1.25,0.75,1.75],"tintindex":0,"rotation":0,"texture":"#0"},"up":{"uv":[0.25,1.25,0.75,1.75],"tintindex":0,"rotation":0,"texture":"#0"},"down":{"uv":[0.25,1.25,0.75,1.75],"tintindex":0,"rotation":0,"texture":"#0"}},"rotation":{"origin":[10.854765,8.401903,11.740556],"angle":45.0,"axis":"z"}},{"from":[14.792265,10.026903,9.865556],"to":[16.542265,11.776903,20.115555],"faces":{"east":{"uv":[0.75,1.25,0.25,1.75],"tintindex":0,"rotation":0,"texture":"#0"},"south":{"uv":[0.75,1.25,0.25,1.75],"tintindex":0,"rotation":0,"texture":"#0"},"north":{"uv":[0.75,1.25,0.25,1.75],"tintindex":0,"rotation":0,"texture":"#0"},"west":{"uv":[0.75,1.25,0.25,1.75],"tintindex":0,"rotation":0,"texture":"#0"},"up":{"uv":[0.75,1.25,0.25,1.75],"tintindex":0,"rotation":0,"texture":"#0"},"down":{"uv":[0.75,1.25,0.25,1.75],"tintindex":0,"rotation":0,"texture":"#0"}},"rotation":{"origin":[10.854765,8.401903,11.740556],"angle":45.0,"axis":"z"}},{"from":[14.417265,9.776903,7.115556],"to":[16.917265,12.026903,9.865556],"faces":{"east":{"uv":[0.25,1.25,0.75,1.75],"tintindex":0,"rotation":0,"texture":"#0"},"south":{"uv":[0.25,1.25,0.75,1.75],"tintindex":0,"rotation":0,"texture":"#0"},"north":{"uv":[0.25,1.25,0.75,1.75],"tintindex":0,"rotation":0,"texture":"#0"},"west":{"uv":[0.25,1.25,0.75,1.75],"tintindex":0,"rotation":0,"texture":"#0"},"up":{"uv":[0.25,1.25,0.75,1.75],"tintindex":0,"rotation":0,"texture":"#0"},"down":{"uv":[0.25,1.25,0.75,1.75],"tintindex":0,"rotation":0,"texture":"#0"}},"rotation":{"origin":[10.854765,8.401903,11.740556],"angle":45.0,"axis":"z"}},{"from":[9.667265,10.776903,9.115556],"to":[16.417265,10.776903,21.615555],"faces":{"east":{"uv":[10.75,10.5,15.875,7.125],"tintindex":0,"rotation":0,"texture":"#0"},"south":{"uv":[10.75,10.5,15.875,7.125],"tintindex":0,"rotation":0,"texture":"#0"},"north":{"uv":[10.75,10.5,15.875,7.125],"tintindex":0,"rotation":0,"texture":"#0"},"west":{"uv":[10.75,10.5,15.875,7.125],"tintindex":0,"rotation":0,"texture":"#0"},"up":{"uv":[10.75,10.5,15.875,7.125],"tintindex":0,"rotation":0,"texture":"#0"},"down":{"uv":[10.75,7.125,15.875,10.5],"tintindex":0,"rotation":0,"texture":"#0"}},"rotation":{"origin":[10.854765,8.401903,11.740556],"angle":45.0,"axis":"z"}}],"display":{"gui":{"rotation":[30,225,0]}}}