{"textures":{"0":"modelengine:entity/dragon_blue"},"elements":[{"from":[-0.41726494,10.776903,9.115556],"to":[6.332735,10.776903,21.615555],"faces":{"east":{"uv":[15.875,10.5,10.75,7.125],"tintindex":0,"rotation":0,"texture":"#0"},"south":{"uv":[15.875,10.5,10.75,7.125],"tintindex":0,"rotation":0,"texture":"#0"},"north":{"uv":[15.875,10.5,10.75,7.125],"tintindex":0,"rotation":0,"texture":"#0"},"west":{"uv":[15.875,10.5,10.75,7.125],"tintindex":0,"rotation":0,"texture":"#0"},"up":{"uv":[15.875,10.5,10.75,7.125],"tintindex":0,"rotation":0,"texture":"#0"},"down":{"uv":[15.875,7.125,10.75,10.5],"tintindex":0,"rotation":0,"texture":"#0"}},"rotation":{"origin":[5.145235,8.401903,11.740556],"angle":-45.0,"axis":"z"}},{"from":[-0.91726494,9.776903,7.115556],"to":[1.5827351,12.026903,9.865556],"faces":{"east":{"uv":[0.75,1.25,0.25,1.75],"tintindex":0,"rotation":0,"texture":"#0"},"south":{"uv":[0.75,1.25,0.25,1.75],"tintindex":0,"rotation":0,"texture":"#0"},"north":{"uv":[0.75,1.25,0.25,1.75],"tintindex":0,"rotation":0,"texture":"#0"},"west":{"uv":[0.75,1.25,0.25,1.75],"tintindex":0,"rotation":0,"texture":"#0"},"up":{"uv":[0.75,1.25,0.25,1.75],"tintindex":0,"rotation":0,"texture":"#0"},"down":{"uv":[0.75,1.25,0.25,1.75],"tintindex":0,"rotation":0,"texture":"#0"}},"rotation":{"origin":[5.145235,8.401903,11.740556],"angle":-45.0,"axis":"z"}},{"from":[-0.16726494,10.026903,7.615556],"to":[5.332735,11.776903,9.365556],"faces":{"east":{"uv":[0.75,1.25,0.25,1.75],"tintindex":0,"rotation":0,"texture":"#0"},"south":{"uv":[0.75,1.25,0.25,1.75],"tintindex":0,"rotation":0,"texture":"#0"},"north":{"uv":[0.75,1.25,0.25,1.75],"tintindex":0,"rotation":0,"texture":"#0"},"west":{"uv":[0.75,1.25,0.25,1.75],"tintindex":0,"rotation":0,"texture":"#0"},"up":{"uv":[0.75,1.25,0.25,1.75],"tintindex":0,"rotation":0,"texture":"#0"},"down":{"uv":[0.75,1.25,0.25,1.75],"tintindex":0,"rotation":0,"texture":"#0"}},"rotation":{"origin":[5.145235,8.401903,11.740556],"angle":-45.0,"axis":"z"}},{"from":[-0.54226494,10.026903,9.865556],"to":[1.2077351,11.776903,20.115555],"faces":{"east":{"uv":[0.25,1.25,0.75,1.75],"tintindex":0,"rotation":0,"texture":"#0"},"south":{"uv":[0.25,1.25,0.75,1.75],"tintindex":0,"rotation":0,"texture":"#0"},"north":{"uv":[0.25,1.25,0.75,1.75],"tintindex":0,"rotation":0,"texture":"#0"},"west":{"uv":[0.25,1.25,0.75,1.75],"tintindex":0,"rotation":0,"texture":"#0"},"up":{"uv":[0.25,1.25,0.75,1.75],"tintindex":0,"rotation":0,"texture":"#0"},"down":{"uv":[0.25,1.25,0.75,1.75],"tintindex":0,"rotation":0,"texture":"#0"}},"rotation":{"origin":[5.145235,8.401903,11.740556],"angle":-45.0,"axis":"z"}}],"display":{"gui":{"rotation":[30,225,0]}}}