{"textures":{"0":"modelengine:entity/lr_tinkerer"},"elements":[{"from":[5.5,4.0,3.5],"to":[10.5,8.0,9.5],"faces":{"east":{"uv":[13.735,3.015,12.265,3.985],"tintindex":0,"rotation":0,"texture":"#0"},"south":{"uv":[14.235,0.015,13.015,0.985],"tintindex":0,"rotation":0,"texture":"#0"},"north":{"uv":[1.235,13.015,0.015,13.985],"tintindex":0,"rotation":0,"texture":"#0"},"west":{"uv":[13.735,2.015,12.265,2.985],"tintindex":0,"rotation":0,"texture":"#0"},"up":{"uv":[7.015,12.985,8.235,11.515],"tintindex":0,"rotation":0,"texture":"#0"},"down":{"uv":[8.265,11.515,9.485,12.985],"tintindex":0,"rotation":0,"texture":"#0"}}},{"from":[6.0401554,1.6882057,3.9899998],"to":[10.040155,5.688206,8.99],"faces":{"east":{"uv":[11.735,12.765,10.515,13.735],"tintindex":0,"rotation":0,"texture":"#0"},"south":{"uv":[14.735,5.515,13.765,6.485],"tintindex":0,"rotation":0,"texture":"#0"},"north":{"uv":[6.485,13.765,5.515,14.735],"tintindex":0,"rotation":0,"texture":"#0"},"west":{"uv":[13.985,6.515,12.765,7.485],"tintindex":0,"rotation":0,"texture":"#0"},"up":{"uv":[12.765,12.485,13.735,11.265],"tintindex":0,"rotation":0,"texture":"#0"},"down":{"uv":[12.765,12.515,13.735,13.735],"tintindex":0,"rotation":0,"texture":"#0"}},"rotation":{"origin":[7.5401554,4.1882057,6.49],"angle":-22.5,"axis":"z"}}],"display":{"gui":{"rotation":[30,225,0]}}}