{"textures":{"0":"modelengine:entity/lr_tinkerer"},"elements":[{"from":[5.0,14.663744,6.268517],"to":[10.0,17.663744,11.268517],"faces":{"east":{"uv":[13.765,10.765,14.985,11.485],"tintindex":0,"rotation":0,"texture":"#0"},"south":{"uv":[13.765,11.515,14.985,12.235],"tintindex":0,"rotation":0,"texture":"#0"},"north":{"uv":[2.015,6.515,3.235,7.235],"tintindex":0,"rotation":0,"texture":"#0"},"west":{"uv":[13.765,12.265,14.985,12.985],"tintindex":0,"rotation":0,"texture":"#0"},"up":{"uv":[10.735,12.735,9.515,11.515],"tintindex":0,"rotation":0,"texture":"#0"},"down":{"uv":[11.985,11.515,10.765,12.735],"tintindex":0,"rotation":0,"texture":"#0"}},"rotation":{"origin":[7.5,11.163744,6.768517],"angle":-22.5,"axis":"x"}},{"from":[2.5,1.5,4.5],"to":[12.5,5.5,4.5],"faces":{"south":{"uv":[7.985,10.265,5.515,11.235],"tintindex":0,"rotation":0,"texture":"#0"},"north":{"uv":[5.515,10.265,7.985,11.235],"tintindex":0,"rotation":0,"texture":"#0"}}},{"from":[2.5,5.5,4.5],"to":[12.5,11.5,11.5],"faces":{"east":{"uv":[2.015,9.265,3.735,10.735],"tintindex":0,"rotation":0,"texture":"#0"},"south":{"uv":[8.765,3.515,11.235,4.985],"tintindex":0,"rotation":0,"texture":"#0"},"north":{"uv":[8.265,0.015,10.735,1.485],"tintindex":0,"rotation":0,"texture":"#0"},"west":{"uv":[3.765,9.265,5.485,10.735],"tintindex":0,"rotation":0,"texture":"#0"},"up":{"uv":[8.735,5.235,6.265,3.515],"tintindex":0,"rotation":0,"texture":"#0"},"down":{"uv":[8.735,5.265,6.265,6.985],"tintindex":0,"rotation":0,"texture":"#0"}}},{"from":[3.0,9.663744,5.268517],"to":[12.0,14.663744,11.268517],"faces":{"east":{"uv":[10.515,8.765,11.985,9.985],"tintindex":0,"rotation":0,"texture":"#0"},"south":{"uv":[8.265,9.015,10.485,10.235],"tintindex":0,"rotation":0,"texture":"#0"},"north":{"uv":[6.015,9.015,8.235,10.235],"tintindex":0,"rotation":0,"texture":"#0"},"west":{"uv":[5.515,11.265,6.985,12.485],"tintindex":0,"rotation":0,"texture":"#0"},"up":{"uv":[10.985,6.485,8.765,5.015],"tintindex":0,"rotation":0,"texture":"#0"},"down":{"uv":[11.235,1.515,9.015,2.985],"tintindex":0,"rotation":0,"texture":"#0"}},"rotation":{"origin":[7.5,11.163744,6.768517],"angle":-22.5,"axis":"x"}}],"display":{"gui":{"rotation":[30,225,0]}}}