{"textures":{"0":"modelengine:entity/lol_torre_r"},"elements":[{"from":[8.540485,9.702183,-4.0371075],"to":[9.260485,11.142183,-3.3171072],"faces":{"east":{"uv":[10.875,9.75,11.0,10.0],"tintindex":0,"rotation":0,"texture":"#0"},"south":{"uv":[10.875,10.0,11.0,10.25],"tintindex":0,"rotation":0,"texture":"#0"},"north":{"uv":[10.875,9.5,11.0,9.75],"tintindex":0,"rotation":0,"texture":"#0"},"west":{"uv":[10.875,10.25,11.0,10.5],"tintindex":0,"rotation":0,"texture":"#0"},"up":{"uv":[10.75,9.875,10.625,9.75],"tintindex":0,"rotation":0,"texture":"#0"},"down":{"uv":[10.875,1.375,10.75,1.5],"tintindex":0,"rotation":0,"texture":"#0"}},"rotation":{"origin":[7.820485,-3.9778175,10.362893],"angle":45.0,"axis":"x"}},{"from":[7.460485,-10.051039,11.983802],"to":[8.180485,-5.731038,13.423802],"faces":{"east":{"uv":[9.125,9.75,9.375,10.5],"tintindex":0,"rotation":0,"texture":"#0"},"south":{"uv":[5.75,10.375,5.875,11.125],"tintindex":0,"rotation":0,"texture":"#0"},"north":{"uv":[10.375,5.625,10.5,6.375],"tintindex":0,"rotation":0,"texture":"#0"},"west":{"uv":[9.375,9.75,9.625,10.5],"tintindex":0,"rotation":0,"texture":"#0"},"up":{"uv":[10.875,6.625,10.75,6.375],"tintindex":0,"rotation":0,"texture":"#0"},"down":{"uv":[10.875,6.625,10.75,6.875],"tintindex":0,"rotation":0,"texture":"#0"}},"rotation":{"origin":[8.180485,0.028961658,4.063802],"angle":-45.0,"axis":"x"}},{"from":[7.460485,7.156598,18.668476],"to":[8.180485,7.8765984,19.388477],"faces":{"east":{"uv":[11.0,6.125,11.125,6.25],"tintindex":0,"rotation":0,"texture":"#0"},"south":{"uv":[11.0,6.25,11.125,6.375],"tintindex":0,"rotation":0,"texture":"#0"},"north":{"uv":[11.0,6.0,11.125,6.125],"tintindex":0,"rotation":0,"texture":"#0"},"west":{"uv":[11.0,6.375,11.125,6.5],"tintindex":0,"rotation":0,"texture":"#0"},"up":{"uv":[11.125,6.625,11.0,6.5],"tintindex":0,"rotation":0,"texture":"#0"},"down":{"uv":[11.125,6.625,11.0,6.75],"tintindex":0,"rotation":0,"texture":"#0"}}},{"from":[6.380485,3.9421825,-4.0371075],"to":[9.260485,9.702183,1.7228928],"faces":{"east":{"uv":[0.0,7.75,1.0,8.75],"tintindex":0,"rotation":0,"texture":"#0"},"south":{"uv":[4.75,8.375,5.25,9.375],"tintindex":0,"rotation":0,"texture":"#0"},"north":{"uv":[4.25,8.375,4.75,9.375],"tintindex":0,"rotation":0,"texture":"#0"},"west":{"uv":[6.375,7.875,7.375,8.875],"tintindex":0,"rotation":0,"texture":"#0"},"up":{"uv":[9.125,4.75,8.625,3.75],"tintindex":0,"rotation":0,"texture":"#0"},"down":{"uv":[5.75,8.625,5.25,9.625],"tintindex":0,"rotation":0,"texture":"#0"}},"rotation":{"origin":[7.820485,-3.9778175,10.362893],"angle":45.0,"axis":"x"}},{"from":[6.380485,9.342182,0.102892876],"to":[9.260485,12.222183,0.82289314],"faces":{"east":{"uv":[10.625,6.125,10.75,6.625],"tintindex":0,"rotation":0,"texture":"#0"},"south":{"uv":[6.375,9.375,6.875,9.875],"tintindex":0,"rotation":0,"texture":"#0"},"north":{"uv":[4.75,9.375,5.25,9.875],"tintindex":0,"rotation":0,"texture":"#0"},"west":{"uv":[10.625,6.625,10.75,7.125],"tintindex":0,"rotation":0,"texture":"#0"},"up":{"uv":[2.0,5.25,1.5,5.125],"tintindex":0,"rotation":0,"texture":"#0"},"down":{"uv":[8.875,7.75,8.375,7.875],"tintindex":0,"rotation":0,"texture":"#0"}},"rotation":{"origin":[7.820485,-3.9778175,10.362893],"angle":22.5,"axis":"x"}},{"from":[6.020485,10.422182,12.522893],"to":[9.620485,13.302183,16.122894],"faces":{"east":{"uv":[1.0,9.0,1.625,9.5],"tintindex":0,"rotation":0,"texture":"#0"},"south":{"uv":[1.625,9.0,2.25,9.5],"tintindex":0,"rotation":0,"texture":"#0"},"north":{"uv":[6.375,8.875,7.0,9.375],"tintindex":0,"rotation":0,"texture":"#0"},"west":{"uv":[9.0,7.125,9.625,7.625],"tintindex":0,"rotation":0,"texture":"#0"},"up":{"uv":[9.0,7.75,8.375,7.125],"tintindex":0,"rotation":0,"texture":"#0"},"down":{"uv":[6.375,8.625,5.75,9.25],"tintindex":0,"rotation":0,"texture":"#0"}}},{"from":[8.900485,12.582182,3.8828926],"to":[9.620485,14.022182,4.602893],"faces":{"east":{"uv":[11.0,1.75,11.125,2.0],"tintindex":0,"rotation":0,"texture":"#0"},"south":{"uv":[11.0,2.0,11.125,2.25],"tintindex":0,"rotation":0,"texture":"#0"},"north":{"uv":[11.0,1.25,11.125,1.5],"tintindex":0,"rotation":0,"texture":"#0"},"west":{"uv":[11.0,2.25,11.125,2.5],"tintindex":0,"rotation":0,"texture":"#0"},"up":{"uv":[11.125,2.75,11.0,2.625],"tintindex":0,"rotation":0,"texture":"#0"},"down":{"uv":[11.125,2.75,11.0,2.875],"tintindex":0,"rotation":0,"texture":"#0"}}},{"from":[6.380485,12.222183,0.102892876],"to":[7.100485,13.662182,0.82289314],"faces":{"east":{"uv":[10.875,10.5,11.0,10.75],"tintindex":0,"rotation":0,"texture":"#0"},"south":{"uv":[10.875,10.75,11.0,11.0],"tintindex":0,"rotation":0,"texture":"#0"},"north":{"uv":[10.5,10.875,10.625,11.125],"tintindex":0,"rotation":0,"texture":"#0"},"west":{"uv":[11.0,0.0,11.125,0.25],"tintindex":0,"rotation":0,"texture":"#0"},"up":{"uv":[10.875,2.25,10.75,2.125],"tintindex":0,"rotation":0,"texture":"#0"},"down":{"uv":[10.875,7.625,10.75,7.75],"tintindex":0,"rotation":0,"texture":"#0"}},"rotation":{"origin":[7.820485,-3.9778175,10.362893],"angle":22.5,"axis":"x"}},{"from":[7.460485,13.781324,3.4461393],"to":[8.180485,14.501326,4.1661396],"faces":{"east":{"uv":[4.0,11.0,4.125,11.125],"tintindex":0,"rotation":0,"texture":"#0"},"south":{"uv":[11.0,4.0,11.125,4.125],"tintindex":0,"rotation":0,"texture":"#0"},"north":{"uv":[11.0,3.875,11.125,4.0],"tintindex":0,"rotation":0,"texture":"#0"},"west":{"uv":[4.125,11.0,4.25,11.125],"tintindex":0,"rotation":0,"texture":"#0"},"up":{"uv":[11.125,4.25,11.0,4.125],"tintindex":0,"rotation":0,"texture":"#0"},"down":{"uv":[11.125,4.25,11.0,4.375],"tintindex":0,"rotation":0,"texture":"#0"}},"rotation":{"origin":[7.820485,-3.4986744,8.486139],"angle":45.0,"axis":"x"}},{"from":[7.460485,10.196312,11.577023],"to":[8.180485,10.916313,12.297023],"faces":{"east":{"uv":[11.0,6.875,11.125,7.0],"tintindex":0,"rotation":0,"texture":"#0"},"south":{"uv":[7.0,11.0,7.125,11.125],"tintindex":0,"rotation":0,"texture":"#0"},"north":{"uv":[11.0,6.75,11.125,6.875],"tintindex":0,"rotation":0,"texture":"#0"},"west":{"uv":[11.0,7.0,11.125,7.125],"tintindex":0,"rotation":0,"texture":"#0"},"up":{"uv":[7.25,11.125,7.125,11.0],"tintindex":0,"rotation":0,"texture":"#0"},"down":{"uv":[7.5,11.0,7.375,11.125],"tintindex":0,"rotation":0,"texture":"#0"}},"rotation":{"origin":[8.180485,0.8363123,7.977023],"angle":45.0,"axis":"x"}},{"from":[6.380485,10.901325,2.0061398],"to":[9.260485,13.781324,5.60614],"faces":{"east":{"uv":[9.125,3.75,9.75,4.25],"tintindex":0,"rotation":0,"texture":"#0"},"south":{"uv":[4.25,9.375,4.75,9.875],"tintindex":0,"rotation":0,"texture":"#0"},"north":{"uv":[9.125,9.25,9.625,9.75],"tintindex":0,"rotation":0,"texture":"#0"},"west":{"uv":[9.125,4.25,9.75,4.75],"tintindex":0,"rotation":0,"texture":"#0"},"up":{"uv":[2.75,9.625,2.25,9.0],"tintindex":0,"rotation":0,"texture":"#0"},"down":{"uv":[9.625,7.625,9.125,8.25],"tintindex":0,"rotation":0,"texture":"#0"}},"rotation":{"origin":[7.820485,-3.4986744,8.486139],"angle":45.0,"axis":"x"}},{"from":[6.020485,10.422182,3.8828926],"to":[9.620485,12.582182,7.482893],"faces":{"east":{"uv":[6.375,7.5,7.0,7.875],"tintindex":0,"rotation":0,"texture":"#0"},"south":{"uv":[2.25,9.625,2.875,10.0],"tintindex":0,"rotation":0,"texture":"#0"},"north":{"uv":[5.25,7.125,5.875,7.5],"tintindex":0,"rotation":0,"texture":"#0"},"west":{"uv":[2.875,9.625,3.5,10.0],"tintindex":0,"rotation":0,"texture":"#0"},"up":{"uv":[8.0,9.25,7.375,8.625],"tintindex":0,"rotation":0,"texture":"#0"},"down":{"uv":[8.625,8.625,8.0,9.25],"tintindex":0,"rotation":0,"texture":"#0"}}},{"from":[7.460485,9.316598,18.668476],"to":[8.180485,10.036598,19.388477],"faces":{"east":{"uv":[11.0,5.625,11.125,5.75],"tintindex":0,"rotation":0,"texture":"#0"},"south":{"uv":[11.0,5.75,11.125,5.875],"tintindex":0,"rotation":0,"texture":"#0"},"north":{"uv":[11.0,4.375,11.125,4.5],"tintindex":0,"rotation":0,"texture":"#0"},"west":{"uv":[5.875,11.0,6.0,11.125],"tintindex":0,"rotation":0,"texture":"#0"},"up":{"uv":[11.125,6.0,11.0,5.875],"tintindex":0,"rotation":0,"texture":"#0"},