{"textures":{"0":"modelengine:entity/lol_torre_r"},"elements":[{"from":[-5.68194,-9.148624,7.816182],"to":[-4.2419395,2.371376,10.696182],"faces":{"east":{"uv":[6.125,9.25,6.375,10.25],"tintindex":0,"rotation":0,"texture":"#0"},"south":{"uv":[0.625,10.25,0.75,11.25],"tintindex":0,"rotation":0,"texture":"#0"},"north":{"uv":[0.5,10.25,0.625,11.25],"tintindex":0,"rotation":0,"texture":"#0"},"west":{"uv":[7.75,9.25,8.0,10.25],"tintindex":0,"rotation":0,"texture":"#0"},"up":{"uv":[9.125,7.875,9.0,7.625],"tintindex":0,"rotation":0,"texture":"#0"},"down":{"uv":[4.125,10.75,4.0,11.0],"tintindex":0,"rotation":0,"texture":"#0"}},"rotation":{"origin":[4.3980603,-37.948624,16.45618],"angle":-22.5,"axis":"z"}},{"from":[-5.68194,-1.9486237,10.696182],"to":[-4.2419395,2.371376,13.576181],"faces":{"east":{"uv":[5.875,10.375,6.125,10.75],"tintindex":0,"rotation":0,"texture":"#0"},"south":{"uv":[10.75,0.75,10.875,1.125],"tintindex":0,"rotation":0,"texture":"#0"},"north":{"uv":[10.75,0.375,10.875,0.75],"tintindex":0,"rotation":0,"texture":"#0"},"west":{"uv":[7.375,10.375,7.625,10.75],"tintindex":0,"rotation":0,"texture":"#0"},"up":{"uv":[10.875,9.5,10.75,9.25],"tintindex":0,"rotation":0,"texture":"#0"},"down":{"uv":[10.875,9.5,10.75,9.75],"tintindex":0,"rotation":0,"texture":"#0"}},"rotation":{"origin":[4.3980603,-37.948624,16.45618],"angle":-22.5,"axis":"z"}}],"display":{"gui":{"rotation":[30,225,0]}}}