{"textures":{"0":"modelengine:entity/lol_torre_r"},"elements":[{"from":[-8.137333,-2.2235746,7.0093637],"to":[-7.177333,1.616427,7.9693637],"faces":{"east":{"uv":[5.0,10.625,5.125,11.125],"tintindex":0,"rotation":0,"texture":"#0"},"south":{"uv":[5.125,10.625,5.25,11.125],"tintindex":0,"rotation":0,"texture":"#0"},"north":{"uv":[4.875,10.625,5.0,11.125],"tintindex":0,"rotation":0,"texture":"#0"},"west":{"uv":[10.625,5.625,10.75,6.125],"tintindex":0,"rotation":0,"texture":"#0"},"up":{"uv":[10.625,0.875,10.5,0.75],"tintindex":0,"rotation":0,"texture":"#0"},"down":{"uv":[10.625,1.375,10.5,1.5],"tintindex":0,"rotation":0,"texture":"#0"}},"rotation":{"origin":[0.50266695,-20.463573,11.809364],"angle":-45.0,"axis":"z"}},{"from":[-8.137333,1.616427,13.729364],"to":[-7.177333,8.336426,16.609364],"faces":{"east":{"uv":[2.75,8.75,3.125,9.625],"tintindex":0,"rotation":0,"texture":"#0"},"south":{"uv":[8.0,10.25,8.125,11.125],"tintindex":0,"rotation":0,"texture":"#0"},"north":{"uv":[7.875,10.25,8.0,11.125],"tintindex":0,"rotation":0,"texture":"#0"},"west":{"uv":[3.125,8.75,3.5,9.625],"tintindex":0,"rotation":0,"texture":"#0"},"up":{"uv":[10.75,9.375,10.625,9.0],"tintindex":0,"rotation":0,"texture":"#0"},"down":{"uv":[10.75,9.375,10.625,9.75],"tintindex":0,"rotation":0,"texture":"#0"}},"rotation":{"origin":[0.50266695,-20.463573,11.809364],"angle":-45.0,"axis":"z"}},{"from":[-9.097332,-2.2235746,7.9693637],"to":[-8.137333,3.5364275,9.889363],"faces":{"east":{"uv":[2.75,10.0,3.0,10.75],"tintindex":0,"rotation":0,"texture":"#0"},"south":{"uv":[1.875,10.5,2.0,11.25],"tintindex":0,"rotation":0,"texture":"#0"},"north":{"uv":[10.5,1.75,10.625,2.5],"tintindex":0,"rotation":0,"texture":"#0"},"west":{"uv":[3.0,10.0,3.25,10.75],"tintindex":0,"rotation":0,"texture":"#0"},"up":{"uv":[5.375,11.125,5.25,10.875],"tintindex":0,"rotation":0,"texture":"#0"},"down":{"uv":[5.5,10.875,5.375,11.125],"tintindex":0,"rotation":0,"texture":"#0"}},"rotation":{"origin":[0.50266695,-20.463573,11.809364],"angle":-45.0,"axis":"z"}},{"from":[-8.137333,-2.2235746,9.889363],"to":[-7.177333,6.4164276,13.729364],"faces":{"east":{"uv":[1.0,7.75,1.5,8.875],"tintindex":0,"rotation":0,"texture":"#0"},"south":{"uv":[0.375,10.25,0.5,11.375],"tintindex":0,"rotation":0,"texture":"#0"},"north":{"uv":[0.25,10.25,0.375,11.375],"tintindex":0,"rotation":0,"texture":"#0"},"west":{"uv":[8.25,1.875,8.75,3.0],"tintindex":0,"rotation":0,"texture":"#0"},"up":{"uv":[10.625,6.625,10.5,6.125],"tintindex":0,"rotation":0,"texture":"#0"},"down":{"uv":[10.625,6.625,10.5,7.125],"tintindex":0,"rotation":0,"texture":"#0"}},"rotation":{"origin":[0.50266695,-20.463573,11.809364],"angle":-45.0,"axis":"z"}},{"from":[-8.137333,3.5364275,16.609364],"to":[-7.177333,10.256427,18.529364],"faces":{"east":{"uv":[5.5,9.625,5.75,10.5],"tintindex":0,"rotation":0,"texture":"#0"},"south":{"uv":[8.25,10.25,8.375,11.125],"tintindex":0,"rotation":0,"texture":"#0"},"north":{"uv":[8.125,10.25,8.25,11.125],"tintindex":0,"rotation":0,"texture":"#0"},"west":{"uv":[7.0,9.625,7.25,10.5],"tintindex":0,"rotation":0,"texture":"#0"},"up":{"uv":[10.875,8.5,10.75,8.25],"tintindex":0,"rotation":0,"texture":"#0"},"down":{"uv":[10.875,8.5,10.75,8.75],"tintindex":0,"rotation":0,"texture":"#0"}},"rotation":{"origin":[0.50266695,-20.463573,11.809364],"angle":-45.0,"axis":"z"}},{"from":[-9.097332,8.336426,16.609364],"to":[-8.137333,10.256427,20.449364],"faces":{"east":{"uv":[10.125,8.25,10.625,8.5],"tintindex":0,"rotation":0,"texture":"#0"},"south":{"uv":[10.875,8.25,11.0,8.5],"tintindex":0,"rotation":0,"texture":"#0"},"north":{"uv":[10.875,7.375,11.0,7.625],"tintindex":0,"rotation":0,"texture":"#0"},"west":{"uv":[10.25,3.0,10.75,3.25],"tintindex":0,"rotation":0,"texture":"#0"},"up":{"uv":[10.75,4.25,10.625,3.75],"tintindex":0,"rotation":0,"texture":"#0"},"down":{"uv":[4.375,10.625,4.25,11.125],"tintindex":0,"rotation":0,"texture":"#0"}},"rotation":{"origin":[0.50266695,-20.463573,11.809364],"angle":-45.0,"axis":"z"}},{"from":[-8.137333,-2.2235746,7.9693637],"to":[-7.177333,3.5364275,9.889363],"faces":{"east":{"uv":[4.25,9.875,4.5,10.625],"tintindex":0,"rotation":0,"texture":"#0"},"south":{"uv":[10.375,8.875,10.5,9.625],"tintindex":0,"rotation":0,"texture":"#0"},"north":{"uv":[7.625,10.375,7.75,11.125],"tintindex":0,"rotation":0,"texture":"#0"},"west":{"uv":[4.5,9.875,4.75,10.625],"tintindex":0,"rotation":0,"texture":"#0"},"up":{"uv":[10.875,10.25,10.75,10.0],"tintindex":0,"rotation":0,"texture":"#0"},"down":{"uv":[10.875,10.25,10.75,10.5],"tintindex":0,"rotation":0,"texture":"#0"}},"rotation":{"origin":[0.50266695,-20.463573,11.809364],"angle":-45.0,"axis":"z"}},{"from":[-9.097332,3.5364275,9.889363],"to":[-8.137333,6.4164276,11.809364],"faces":{"east":{"uv":[10.5,2.5,10.75,2.875],"tintindex":0,"rotation":0,"texture":"#0"},"south":{"uv":[10.75,2.875,10.875,3.25],"tintindex":0,"rotation":0,"texture":"#0"},"north":{"uv":[2.875,10.75,3.0,11.125],"tintindex":0,"rotation":0,"texture":"#0"},"west":{"uv":[3.5,10.5,3.75,10.875],"tintindex":0,"rotation":0,"texture":"#0"},"up":{"uv":[5.625,11.125,5.5,10.875],"tintindex":0,"rotation":0,"texture":"#0"},"down":{"uv":[5.75,10.875,5.625,11.125],"tintindex":0,"rotation":0,"texture":"#0"}},"rotation":{"origin":[0.50266695,-20.463573,11.809364],"angle":-45.0,"axis":"z"}},{"from":[-9.097332,6.4164276,13.729364],"to":[-8.137333,8.336426,16.609364],"faces":{"east":{"uv":[3.75,10.5,4.125,10.75],"tintindex":0,"rotation":0,"texture":"#0"},"south":{"uv":[10.875,6.875,11.0,7.125],"tintindex":0,"rotation":0,"texture":"#0"},"north":{"uv":[10.875,6.625,11.0,6.875],"tintindex":0,"rotation":0,"texture":"#0"},"west":{"uv":[10.5,4.25,10.875,4.5],"tintindex":0,"rotation":0,"texture":"#0"},"up":{"uv":[3.125,11.125,3.0,10.75],"tintindex":0,"rotation":0,"texture":"#0"},"down":{"uv":[3.25,10.75,3.125,11.125],"tintindex":0,"rotation":0,"texture":"#0"}},"rotation":{"origin":[0.50266695,-20.463573,11.809364],"angle":-45.0,"axis":"z"}},{"from":[-9.097332,4.4964266,11.809364],"to":[-8.137333,6.4164276,13.729364],"faces":{"east":{"uv":[10.625,1.125,10.875,1.375],"tintindex":0,"rotation":0,"texture":"#0"},"south":{"uv":[10.875,5.875,11.0,6.125],"tintindex":0,"rotation":0,"texture":"#0"},"north":{"uv":[10.875,5.625,11.0,5.875],"tintindex":0,"rotation":0,"texture":"#0"},"west":{"uv":[10.625,2.25,10.875,2.5],"tintindex":0,"rotation":0,"texture":"#0"},"up":{"uv":[11.0,6.375,10.875,6.125],"tintindex":0,"rotation":0,"texture":"#0"},"down":{"uv":[11.0,6.375,10.875,6.625],"tintindex":0,"rotation":0,"texture":"#0"}},"rotation":{"origin":[0.50266695,-20.463573,11.809364],"angle":-45.0,"axis":"z"}}],"display":{"gui":{"rotation":[30,225,0]}}}