{"textures":{"0":"modelengine:entity/alar"},"elements":[{"from":[5.41722,6.06291,16.82451],"to":[10.58278,12.30464,22.85101],"faces":{"east":{"uv":[2.0625,7.9375,2.4375,8.3125],"tintindex":0,"rotation":0,"texture":"#0"},"south":{"uv":[2.0,8.3125,2.3125,8.6875],"tintindex":0,"rotation":0,"texture":"#0"},"north":{"uv":[0.875,8.25,1.1875,8.625],"tintindex":0,"rotation":0,"texture":"#0"},"west":{"uv":[2.875,7.9375,3.25,8.3125],"tintindex":0,"rotation":0,"texture":"#0"},"up":{"uv":[3.1875,8.6875,2.875,8.3125],"tintindex":0,"rotation":0,"texture":"#0"},"down":{"uv":[8.625,4.5625,8.3125,4.9375],"tintindex":0,"rotation":0,"texture":"#0"}}},{"from":[4.5562897,4.34105,14.24173],"to":[11.44371,12.7351,18.1159],"faces":{"east":{"uv":[7.5625,8.0625,7.8125,8.5625],"tintindex":0,"rotation":0,"texture":"#0"},"south":{"uv":[3.4375,7.75,3.875,8.25],"tintindex":0,"rotation":0,"texture":"#0"},"north":{"uv":[2.4375,7.5625,2.875,8.0625],"tintindex":0,"rotation":0,"texture":"#0"},"west":{"uv":[1.75,8.125,2.0,8.625],"tintindex":0,"rotation":0,"texture":"#0"},"up":{"uv":[8.8125,0.875,8.375,0.625],"tintindex":0,"rotation":0,"texture":"#0"},"down":{"uv":[2.75,8.375,2.3125,8.625],"tintindex":0,"rotation":0,"texture":"#0"}},"rotation":{"origin":[8.0,10.044701,16.39405],"angle":-22.5,"axis":"x"}},{"from":[3.6953602,3.4801197,12.51987],"to":[12.30464,13.16556,16.82451],"faces":{"east":{"uv":[3.3125,5.4375,3.5625,6.0625],"tintindex":0,"rotation":0,"texture":"#0"},"south":{"uv":[0.9375,6.8125,1.5,7.4375],"tintindex":0,"rotation":0,"texture":"#0"},"north":{"uv":[1.8125,2.75,2.375,3.375],"tintindex":0,"rotation":0,"texture":"#0"},"west":{"uv":[0.0,7.8125,0.25,8.4375],"tintindex":0,"rotation":0,"texture":"#0"},"up":{"uv":[5.5,8.1875,4.9375,7.9375],"tintindex":0,"rotation":0,"texture":"#0"},"down":{"uv":[1.3125,8.0,0.75,8.25],"tintindex":0,"rotation":0,"texture":"#0"}}},{"from":[2.8344302,2.6191998,6.49338],"to":[13.165569,14.026489,12.51987],"faces":{"east":{"uv":[2.0625,7.25,2.4375,7.9375],"tintindex":0,"rotation":0,"texture":"#0"},"south":{"uv":[2.9375,6.6875,3.5625,7.375],"tintindex":0,"rotation":0,"texture":"#0"},"north":{"uv":[6.5,1.1875,7.125,1.875],"tintindex":0,"rotation":0,"texture":"#0"},"west":{"uv":[3.9375,7.4375,4.3125,8.125],"tintindex":0,"rotation":0,"texture":"#0"},"up":{"uv":[7.875,8.0625,7.25,7.6875],"tintindex":0,"rotation":0,"texture":"#0"},"down":{"uv":[8.375,0.625,7.75,1.0],"tintindex":0,"rotation":0,"texture":"#0"}}}],"display":{"gui":{"rotation":[30,225,0]}}}