{"textures":{"0":"magic_store:furnitures/blacksmith_pack/blacksmith"},"elements":[{"from":[1.2653699,13.27724,9.042609],"to":[3.2653694,15.27724,17.04261],"faces":{"east":{"uv":[2.0,6.125,1.5,6.25],"tintindex":0,"rotation":180,"texture":"#0"},"south":{"uv":[1.5,5.625,1.625,5.75],"tintindex":0,"rotation":180,"texture":"#0"},"north":{"uv":[1.625,5.625,1.5,5.75],"tintindex":0,"rotation":180,"texture":"#0"},"west":{"uv":[1.5,6.125,2.0,6.25],"tintindex":0,"rotation":180,"texture":"#0"},"up":{"uv":[1.5,6.375,2.0,6.5],"tintindex":0,"rotation":270,"texture":"#0"},"down":{"uv":[1.5,6.375,2.0,6.5],"tintindex":0,"rotation":90,"texture":"#0"}},"rotation":{"origin":[0.015369892,14.25,15.027239],"angle":-22.5,"axis":"y"}},{"from":[3.2653694,13.27724,12.042609],"to":[9.265369,15.27724,14.04261],"faces":{"east":{"uv":[1.1875,5.75,1.3125,5.6875],"tintindex":0,"rotation":270,"texture":"#0"},"south":{"uv":[1.1875,5.0,1.3125,4.625],"tintindex":0,"rotation":90,"texture":"#0"},"north":{"uv":[1.1875,5.0,1.3125,4.625],"tintindex":0,"rotation":270,"texture":"#0"},"west":{"uv":[1.1875,5.75,1.3125,5.6875],"tintindex":0,"rotation":90,"texture":"#0"},"up":{"uv":[1.3125,5.0,1.1875,4.625],"tintindex":0,"rotation":90,"texture":"#0"},"down":{"uv":[1.3125,5.0,1.1875,4.625],"tintindex":0,"rotation":90,"texture":"#0"}},"rotation":{"origin":[0.015369892,14.25,15.027239],"angle":-22.5,"axis":"y"}},{"from":[-13.734631,13.22276,12.01188],"to":[1.2653699,15.22276,14.011879],"faces":{"south":{"uv":[4.5625,2.25,4.625,3.1875],"tintindex":0,"rotation":90,"texture":"#0"},"north":{"uv":[4.5,2.25,4.5625,3.1875],"tintindex":0,"rotation":270,"texture":"#0"},"west":{"uv":[4.625,3.125,4.5,3.1875],"tintindex":0,"rotation":180,"texture":"#0"},"up":{"uv":[4.5,2.25,4.625,3.1875],"tintindex":0,"rotation":90,"texture":"#0"},"down":{"uv":[4.625,2.25,4.5,3.1875],"tintindex":0,"rotation":90,"texture":"#0"}},"rotation":{"origin":[0.015369892,14.25,15.027239],"angle":-22.5,"axis":"y"}}],"display":{"gui":{"rotation":[30,225,0]}}}