{"textures":{"0":"modelengine:entity/frostgoat"},"elements":[{"from":[9.459706,3.0513911,7.361592],"to":[10.148706,5.118391,8.050591],"faces":{"east":{"uv":[7.0,11.75,7.125,12.125],"tintindex":0,"rotation":0,"texture":"#0"},"south":{"uv":[7.5,11.75,7.625,12.125],"tintindex":0,"rotation":0,"texture":"#0"},"north":{"uv":[5.5,11.75,5.625,12.125],"tintindex":0,"rotation":0,"texture":"#0"},"west":{"uv":[11.75,7.5,11.875,7.875],"tintindex":0,"rotation":0,"texture":"#0"},"up":{"uv":[12.125,12.375,12.0,12.25],"tintindex":0,"rotation":0,"texture":"#0"},"down":{"uv":[12.625,0.0,12.5,0.125],"tintindex":0,"rotation":0,"texture":"#0"}},"rotation":{"origin":[15.557356,6.840891,8.050591],"angle":-22.5,"axis":"z"}},{"from":[6.944856,5.807391,7.0170918],"to":[9.011856,7.874391,9.084092],"faces":{"east":{"uv":[9.75,4.5,10.125,4.875],"tintindex":0,"rotation":0,"texture":"#0"},"south":{"uv":[4.75,9.75,5.125,10.125],"tintindex":0,"rotation":0,"texture":"#0"},"north":{"uv":[4.0,9.75,4.375,10.125],"tintindex":0,"rotation":0,"texture":"#0"},"west":{"uv":[9.75,5.25,10.125,5.625],"tintindex":0,"rotation":0,"texture":"#0"},"up":{"uv":[10.375,1.875,10.0,1.5],"tintindex":0,"rotation":0,"texture":"#0"},"down":{"uv":[10.375,2.25,10.0,2.625],"tintindex":0,"rotation":0,"texture":"#0"}}},{"from":[10.252056,5.807391,11.047742],"to":[11.285556,6.4963913,11.736742],"faces":{"east":{"uv":[5.0,12.5,5.125,12.625],"tintindex":0,"rotation":0,"texture":"#0"},"south":{"uv":[12.25,2.0,12.5,2.125],"tintindex":0,"rotation":0,"texture":"#0"},"north":{"uv":[2.0,12.25,2.25,12.375],"tintindex":0,"rotation":0,"texture":"#0"},"west":{"uv":[12.5,5.0,12.625,5.125],"tintindex":0,"rotation":0,"texture":"#0"},"up":{"uv":[2.75,12.375,2.5,12.25],"tintindex":0,"rotation":0,"texture":"#0"},"down":{"uv":[12.5,2.5,12.25,2.625],"tintindex":0,"rotation":0,"texture":"#0"}},"rotation":{"origin":[15.040606,6.1518908,7.0170918],"angle":-45.0,"axis":"y"}},{"from":[6.600356,5.807391,6.741492],"to":[7.633856,6.4963913,7.430492],"faces":{"east":{"uv":[3.5,12.5,3.625,12.625],"tintindex":0,"rotation":0,"texture":"#0"},"south":{"uv":[1.0,12.25,1.25,12.375],"tintindex":0,"rotation":0,"texture":"#0"},"north":{"uv":[0.5,12.25,0.75,12.375],"tintindex":0,"rotation":0,"texture":"#0"},"west":{"uv":[4.0,12.5,4.125,12.625],"tintindex":0,"rotation":0,"texture":"#0"},"up":{"uv":[1.75,12.375,1.5,12.25],"tintindex":0,"rotation":0,"texture":"#0"},"down":{"uv":[12.5,1.5,12.25,1.625],"tintindex":0,"rotation":0,"texture":"#0"}},"rotation":{"origin":[7.117106,6.1518908,7.0170918],"angle":45.0,"axis":"y"}},{"from":[6.255856,5.462891,7.361592],"to":[6.944856,7.529891,8.050591],"faces":{"east":{"uv":[4.0,11.75,4.125,12.125],"tintindex":0,"rotation":0,"texture":"#0"},"south":{"uv":[11.75,4.5,11.875,4.875],"tintindex":0,"rotation":0,"texture":"#0"},"north":{"uv":[3.5,11.75,3.625,12.125],"tintindex":0,"rotation":0,"texture":"#0"},"west":{"uv":[5.0,11.75,5.125,12.125],"tintindex":0,"rotation":0,"texture":"#0"},"up":{"uv":[12.375,8.625,12.25,8.5],"tintindex":0,"rotation":0,"texture":"#0"},"down":{"uv":[12.375,9.0,12.25,9.125],"tintindex":0,"rotation":0,"texture":"#0"}},"rotation":{"origin":[6.600356,6.840891,8.050591],"angle":22.5,"axis":"z"}},{"from":[7.68702,5.5401177,6.3280916],"to":[8.37602,7.6071177,7.0170918],"faces":{"east":{"uv":[9.5,11.75,9.625,12.125],"tintindex":0,"rotation":0,"texture":"#0"},"south":{"uv":[10.0,11.75,10.125,12.125],"tintindex":0,"rotation":0,"texture":"#0"},"north":{"uv":[11.75,9.0,11.875,9.375],"tintindex":0,"rotation":0,"texture":"#0"},"west":{"uv":[10.5,11.75,10.625,12.125],"tintindex":0,"rotation":0,"texture":"#0"},"up":{"uv":[12.625,0.625,12.5,0.5],"tintindex":0,"rotation":0,"texture":"#0"},"down":{"uv":[12.625,1.0,12.5,1.125],"tintindex":0,"rotation":0,"texture":"#0"}},"rotation":{"origin":[7.68702,6.9181175,7.0170918],"angle":-22.5,"axis":"x"}}],"display":{"gui":{"rotation":[30,225,0]}}}