{"textures":{"0":"modelengine:entity/frostgoat"},"elements":[{"from":[6.988144,5.807391,7.0170918],"to":[9.055143,7.874391,9.084092],"faces":{"east":{"uv":[10.125,5.25,9.75,5.625],"tintindex":0,"rotation":0,"texture":"#0"},"south":{"uv":[5.125,9.75,4.75,10.125],"tintindex":0,"rotation":0,"texture":"#0"},"north":{"uv":[4.375,9.75,4.0,10.125],"tintindex":0,"rotation":0,"texture":"#0"},"west":{"uv":[10.125,4.5,9.75,4.875],"tintindex":0,"rotation":0,"texture":"#0"},"up":{"uv":[10.0,1.875,10.375,1.5],"tintindex":0,"rotation":0,"texture":"#0"},"down":{"uv":[10.0,2.25,10.375,2.625],"tintindex":0,"rotation":0,"texture":"#0"}}},{"from":[7.62398,5.5401177,6.3280916],"to":[8.312981,7.6071177,7.0170918],"faces":{"east":{"uv":[10.625,11.75,10.5,12.125],"tintindex":0,"rotation":0,"texture":"#0"},"south":{"uv":[10.125,11.75,10.0,12.125],"tintindex":0,"rotation":0,"texture":"#0"},"north":{"uv":[11.875,9.0,11.75,9.375],"tintindex":0,"rotation":0,"texture":"#0"},"west":{"uv":[9.625,11.75,9.5,12.125],"tintindex":0,"rotation":0,"texture":"#0"},"up":{"uv":[12.5,0.625,12.625,0.5],"tintindex":0,"rotation":0,"texture":"#0"},"down":{"uv":[12.5,1.0,12.625,1.125],"tintindex":0,"rotation":0,"texture":"#0"}},"rotation":{"origin":[8.312981,6.9181175,7.0170918],"angle":-22.5,"axis":"x"}},{"from":[5.851294,3.0513911,7.361592],"to":[6.540294,5.118391,8.050591],"faces":{"east":{"uv":[11.875,7.5,11.75,7.875],"tintindex":0,"rotation":0,"texture":"#0"},"south":{"uv":[7.625,11.75,7.5,12.125],"tintindex":0,"rotation":0,"texture":"#0"},"north":{"uv":[5.625,11.75,5.5,12.125],"tintindex":0,"rotation":0,"texture":"#0"},"west":{"uv":[7.125,11.75,7.0,12.125],"tintindex":0,"rotation":0,"texture":"#0"},"up":{"uv":[12.0,12.375,12.125,12.25],"tintindex":0,"rotation":0,"texture":"#0"},"down":{"uv":[12.5,0.0,12.625,0.125],"tintindex":0,"rotation":0,"texture":"#0"}},"rotation":{"origin":[0.44264412,6.840891,8.050591],"angle":22.5,"axis":"z"}},{"from":[4.714444,5.807391,11.047742],"to":[5.747944,6.4963913,11.736742],"faces":{"east":{"uv":[12.625,5.0,12.5,5.125],"tintindex":0,"rotation":0,"texture":"#0"},"south":{"uv":[12.5,2.0,12.25,2.125],"tintindex":0,"rotation":0,"texture":"#0"},"north":{"uv":[2.25,12.25,2.0,12.375],"tintindex":0,"rotation":0,"texture":"#0"},"west":{"uv":[5.125,12.5,5.0,12.625],"tintindex":0,"rotation":0,"texture":"#0"},"up":{"uv":[2.5,12.375,2.75,12.25],"tintindex":0,"rotation":0,"texture":"#0"},"down":{"uv":[12.25,2.5,12.5,2.625],"tintindex":0,"rotation":0,"texture":"#0"}},"rotation":{"origin":[0.959394,6.1518908,7.0170918],"angle":45.0,"axis":"y"}},{"from":[9.055143,5.462891,7.361592],"to":[9.744144,7.529891,8.050591],"faces":{"east":{"uv":[5.125,11.75,5.0,12.125],"tintindex":0,"rotation":0,"texture":"#0"},"south":{"uv":[11.875,4.5,11.75,4.875],"tintindex":0,"rotation":0,"texture":"#0"},"north":{"uv":[3.625,11.75,3.5,12.125],"tintindex":0,"rotation":0,"texture":"#0"},"west":{"uv":[4.125,11.75,4.0,12.125],"tintindex":0,"rotation":0,"texture":"#0"},"up":{"uv":[12.25,8.625,12.375,8.5],"tintindex":0,"rotation":0,"texture":"#0"},"down":{"uv":[12.25,9.0,12.375,9.125],"tintindex":0,"rotation":0,"texture":"#0"}},"rotation":{"origin":[9.399644,6.840891,8.050591],"angle":-22.5,"axis":"z"}},{"from":[8.366144,5.807391,6.741492],"to":[9.399644,6.4963913,7.430492],"faces":{"east":{"uv":[4.125,12.5,4.0,12.625],"tintindex":0,"rotation":0,"texture":"#0"},"south":{"uv":[1.25,12.25,1.0,12.375],"tintindex":0,"rotation":0,"texture":"#0"},"north":{"uv":[0.75,12.25,0.5,12.375],"tintindex":0,"rotation":0,"texture":"#0"},"west":{"uv":[3.625,12.5,3.5,12.625],"tintindex":0,"rotation":0,"texture":"#0"},"up":{"uv":[1.5,12.375,1.75,12.25],"tintindex":0,"rotation":0,"texture":"#0"},"down":{"uv":[12.25,1.5,12.5,1.625],"tintindex":0,"rotation":0,"texture":"#0"}},"rotation":{"origin":[8.8828945,6.1518908,7.0170918],"angle":-45.0,"axis":"y"}}],"display":{"gui":{"rotation":[30,225,0]}}}