{"textures":{"0":"modelengine:entity/orc_warrior"},"elements":[{"from":[4.5,3.333332,5.0],"to":[8.5,7.333332,9.0],"faces":{"east":{"uv":[1.3145,6.1895,1.5605,6.4355],"tintindex":0,"rotation":0,"texture":"#0"},"south":{"uv":[6.002,6.1895,6.248,6.4355],"tintindex":0,"rotation":0,"texture":"#0"},"north":{"uv":[2.627,6.127,2.873,6.373],"tintindex":0,"rotation":0,"texture":"#0"},"west":{"uv":[0.9395,6.252,1.1855,6.498],"tintindex":0,"rotation":0,"texture":"#0"},"up":{"uv":[6.498,2.998,6.252,2.752],"tintindex":0,"rotation":0,"texture":"#0"},"down":{"uv":[6.498,3.5645,6.252,3.8105],"tintindex":0,"rotation":0,"texture":"#0"}}},{"from":[5.0,2.333332,5.5],"to":[10.0,8.333332,10.5],"faces":{"east":{"uv":[5.377,1.752,5.6855,2.123],"tintindex":0,"rotation":0,"texture":"#0"},"south":{"uv":[5.377,4.752,5.6855,5.123],"tintindex":0,"rotation":0,"texture":"#0"},"north":{"uv":[5.377,1.3145,5.6855,1.6855],"tintindex":0,"rotation":0,"texture":"#0"},"west":{"uv":[3.0645,5.502,3.373,5.873],"tintindex":0,"rotation":0,"texture":"#0"},"up":{"uv":[4.8105,6.0605,4.502,5.752],"tintindex":0,"rotation":0,"texture":"#0"},"down":{"uv":[6.0605,4.6895,5.752,4.998],"tintindex":0,"rotation":0,"texture":"#0"}}},{"from":[5.5,4.333332,6.0],"to":[11.5,7.333332,12.0],"faces":{"east":{"uv":[6.127,1.502,6.498,1.6855],"tintindex":0,"rotation":0,"texture":"#0"},"south":{"uv":[6.127,1.752,6.498,1.9355],"tintindex":0,"rotation":0,"texture":"#0"},"north":{"uv":[6.127,1.252,6.498,1.4355],"tintindex":0,"rotation":0,"texture":"#0"},"west":{"uv":[6.127,2.1895,6.498,2.373],"tintindex":0,"rotation":0,"texture":"#0"},"up":{"uv":[5.3105,1.748,4.9395,1.377],"tintindex":0,"rotation":0,"texture":"#0"},"down":{"uv":[5.3105,1.8145,4.9395,2.1855],"tintindex":0,"rotation":0,"texture":"#0"}}},{"from":[6.0,0.33333206,6.5],"to":[11.0,8.383333,11.5],"faces":{"east":{"uv":[2.502,4.502,2.8105,4.998],"tintindex":0,"rotation":0,"texture":"#0"},"south":{"uv":[1.9395,4.5645,2.248,5.0605],"tintindex":0,"rotation":0,"texture":"#0"},"north":{"uv":[4.4395,0.8145,4.748,1.3105],"tintindex":0,"rotation":0,"texture":"#0"},"west":{"uv":[4.5645,2.1895,4.873,2.6855],"tintindex":0,"rotation":0,"texture":"#0"},"up":{"uv":[5.998,5.998,5.6895,5.6895],"tintindex":0,"rotation":0,"texture":"#0"},"down":{"uv":[0.3105,5.752,0.002,6.0605],"tintindex":0,"rotation":0,"texture":"#0"}}}],"display":{"gui":{"rotation":[30,225,0]}}}