{"textures":{"0":"modelengine:entity/orc_warrior"},"elements":[{"from":[5.7151337,-2.9344807,8.390625],"to":[6.7151337,0.06551933,9.390625],"faces":{"east":{"uv":[3.8145,6.377,3.873,6.5605],"tintindex":0,"rotation":0,"texture":"#0"},"south":{"uv":[4.002,6.627,4.0605,6.8105],"tintindex":0,"rotation":0,"texture":"#0"},"north":{"uv":[1.3145,5.877,1.373,6.0605],"tintindex":0,"rotation":0,"texture":"#0"},"west":{"uv":[1.127,7.002,1.1855,7.1855],"tintindex":0,"rotation":0,"texture":"#0"},"up":{"uv":[1.123,3.248,1.0645,3.1895],"tintindex":0,"rotation":0,"texture":"#0"},"down":{"uv":[0.873,4.1895,0.8145,4.248],"tintindex":0,"rotation":0,"texture":"#0"}}},{"from":[12.09573,-6.5552597,5.765625],"to":[13.09573,-4.5552597,6.765625],"faces":{"east":{"uv":[7.002,7.0645,7.0605,7.1855],"tintindex":0,"rotation":0,"texture":"#0"},"south":{"uv":[0.002,7.127,0.0605,7.248],"tintindex":0,"rotation":0,"texture":"#0"},"north":{"uv":[6.877,7.0645,6.9355,7.1855],"tintindex":0,"rotation":0,"texture":"#0"},"west":{"uv":[0.127,7.127,0.1855,7.248],"tintindex":0,"rotation":0,"texture":"#0"},"up":{"uv":[5.998,0.8105,5.9395,0.752],"tintindex":0,"rotation":0,"texture":"#0"},"down":{"uv":[2.1855,5.9395,2.127,5.998],"tintindex":0,"rotation":0,"texture":"#0"}},"rotation":{"origin":[18.478016,2.8155193,7.4343038],"angle":-22.5,"axis":"z"}},{"from":[4.690134,3.0655193,4.765625],"to":[9.690134,7.0655193,11.765625],"faces":{"east":{"uv":[5.4395,2.9395,5.873,3.1855],"tintindex":0,"rotation":0,"texture":"#0"},"south":{"uv":[6.002,2.4395,6.3105,2.6855],"tintindex":0,"rotation":0,"texture":"#0"},"north":{"uv":[4.377,3.3145,4.6855,3.5605],"tintindex":0,"rotation":0,"texture":"#0"},"west":{"uv":[5.502,2.4395,5.9355,2.6855],"tintindex":0,"rotation":0,"texture":"#0"},"up":{"uv":[2.623,5.498,2.3145,5.0645],"tintindex":0,"rotation":0,"texture":"#0"},"down":{"uv":[2.1855,5.127,1.877,5.5605],"tintindex":0,"rotation":0,"texture":"#0"}}},{"from":[5.809757,-3.917018,5.765625],"to":[7.809757,-2.917018,6.765625],"faces":{"east":{"uv":[5.9355,5.0645,5.877,5.123],"tintindex":0,"rotation":270,"texture":"#0"},"south":{"uv":[7.0645,6.127,7.123,6.248],"tintindex":0,"rotation":270,"texture":"#0"},"north":{"uv":[7.002,5.377,7.0605,5.498],"tintindex":0,"rotation":90,"texture":"#0"},"west":{"uv":[5.8105,5.123,5.752,5.0645],"tintindex":0,"rotation":270,"texture":"#0"},"up":{"uv":[7.0645,3.252,7.123,3.373],"tintindex":0,"rotation":270,"texture":"#0"},"down":{"uv":[6.752,7.0645,6.8105,7.1855],"tintindex":0,"rotation":270,"texture":"#0"}}},{"from":[5.7151337,-2.9344807,5.765625],"to":[6.7151337,0.06551933,6.765625],"faces":{"east":{"uv":[3.8145,6.377,3.873,6.5605],"tintindex":0,"rotation":0,"texture":"#0"},"south":{"uv":[4.002,6.627,4.0605,6.8105],"tintindex":0,"rotation":0,"texture":"#0"},"north":{"uv":[1.3145,5.877,1.373,6.0605],"tintindex":0,"rotation":0,"texture":"#0"},"west":{"uv":[1.127,7.002,1.1855,7.1855],"tintindex":0,"rotation":0,"texture":"#0"},"up":{"uv":[1.123,3.248,1.0645,3.1895],"tintindex":0,"rotation":0,"texture":"#0"},"down":{"uv":[0.873,4.1895,0.8145,4.248],"tintindex":0,"rotation":0,"texture":"#0"}}},{"from":[5.809757,-3.917018,9.765625],"to":[7.809757,-2.917018,10.765625],"faces":{"east":{"uv":[5.9355,5.0645,5.877,5.123],"tintindex":0,"rotation":270,"texture":"#0"},"south":{"uv":[7.0645,6.127,7.123,6.248],"tintindex":0,"rotation":270,"texture":"#0"},"north":{"uv":[7.002,5.377,7.0605,5.498],"tintindex":0,"rotation":90,"texture":"#0"},"west":{"uv":[5.8105,5.123,5.752,5.0645],"tintindex":0,"rotation":270,"texture":"#0"},"up":{"uv":[7.0645,3.252,7.123,3.373],"tintindex":0,"rotation":270,"texture":"#0"},"down":{"uv":[6.752,7.0645,6.8105,7.1855],"tintindex":0,"rotation":270,"texture":"#0"}}},{"from":[5.809757,-3.917018,7.015625],"to":[7.809757,-2.917018,8.015625],"faces":{"east":{"uv":[5.9355,5.0645,5.877,5.123],"tintindex":0,"rotation":270,"texture":"#0"},"south":{"uv":[7.0645,6.127,7.123,6.248],"tintindex":0,"rotation":270,"texture":"#0"},"north":{"uv":[7.002,5.377,7.0605,5.498],"tintindex":0,"rotation":90,"texture":"#0"},"west":{"uv":[5.8105,5.123,5.752,5.0645],"tintindex":0,"rotation":270,"texture":"#0"},"up":{"uv":[7.0645,3.252,7.123,3.373],"tintindex":0,"rotation":270,"texture":"#0"},"down":{"uv":[6.752,7.0645,6.8105,7.1855],"tintindex":0,"rotation":270,"texture":"#0"}}},{"from":[5.2467194,10.199968,7.765625],"to":[6.2467194,13.199968,8.765625],"faces":{"east":{"uv":[5.4395,7.0645,5.498,7.248],"tintindex":0,"rotation":0,"texture":"#0"},"south":{"uv":[7.0645,5.877,7.123,6.0605],"tintindex":0,"rotation":0,"texture":"#0"},"north":{"uv":[5.3145,7.0645,5.373,7.248],"tintindex":0,"rotation":0,"texture":"#0"},"west":{"uv":[6.002,7.0645,6.0605,7.248],"tintindex":0,"rotation":0,"texture":"#0"},"up":{"uv":[7.1855,5.6855,7.127,5.627],"tintindex":0,"rotation":0,"texture":"#0"},"down":{"uv":[6.1855,7.127,6.127,7.1855],"tintindex":0,"rotation":0,"texture":"#0"}},"rotation":{"origin":[18.478016,2.8155193,7.4343038],"angle":22.5,"axis":"z"}},{"from":[9.190134,3.0655193,5.265625],"to":[11.190134,6.0655193,11.265625],"faces":{"east":{"uv":[5.5645,3.5645,5.9355,3.748],"tintindex":0,"rotation":0,"texture":"#0"},"south":{"uv":[4.002,6.877,4.123,7.0605],"tintindex":0,"rotation":0,"texture":"#0"},"north":{"uv":[3.627,6.877,3.748,7.0605],"tintindex":0,"rotation":0,"texture":"#0"},"west":{"uv":[6.127,0.002,6.498,0.1855],"tintindex":0,"rotation":0,"texture":"#0"},"up":{"uv":[1.1855,6.9355,1.0645,6.5645],"tintindex":0,"rotation":0,"texture":"#0"},"down":{"uv":[6.6855,1.1895,6.5645,1.5605],"tintindex":0,"rotation":0,"texture":"#0"}}},{"from":[5.690134,0.06551933,5.765625],"to":[10.690134,8.065519,10.765625],"faces":{"east":{"uv":[1.127,4.6895,1.4355,5.1855],"tintindex":0,"rotation":0,"texture":"#0"},"south":{"uv":[1.502,4.6895,1.8105,5.1855],"tintindex":0,"rotation":0,"texture":"#0"},"north":{"uv":[0.752,4.6895,1.0605,5.1855],"tintindex":0,"rotation":0,"texture":"#0"},"west":{"uv":[2.877,4.752,3.1855,5.248],"tintindex":0,"rotation":0,"texture":"#0"},"up":{"uv":[6.0605,1.5605,5.752,1.252],"tintindex":0,"rotation":0,"texture":"#0"},"down":{"uv":[6.0605,1.627,5.752,1.9355],"tintindex":0,"rotation":0,"texture":"#0"}}},{"from":[5.809757,-3.917018,8.390625],"to":[7.809757,-2.917018,9.390625],"faces":{"east":{"uv":[5.9355,5.0645,5.877,5.123],"tintindex":0,"rotation":270,"texture":"#0"},"south":{"uv":[7.0645,6.127,7.123,6.248],"tintindex":0,"rotation":270,"texture":"#0"},"north":{"uv":[7.002,5.377,7.0605,5.498],"tintindex":0,"rotation":90,"texture":"#0"},"west":{"uv":[5.8105,5.123,5.752,5.0645],"tintindex":0,"rotation":270,"texture":"#0"},"up":{"uv":[7.0645,3.252,7.123,3.373],"tintindex":0,"rotation":270,"texture":"#0"},"down":{"uv":[6.752,7.0645,6.8105,7.1855],"tintindex":0,"rotation":270,"texture":"#0"}}},{"from":[9.684757,-1.9344807,5.765625],"to":[10.684757,0.06551933,6.765625],"faces":{"east":{"uv":[0.5645,7.127,0.623,7.248],"tintindex":0,"rotation":0,"texture":"#0"},"south":{"uv":[0.6895,7.127,0.748,7.248],"tintindex":0,"rotation":0,"texture":"#0"},"north":{"uv":[0.252,7.127,0.3105,7.248],"tintindex":0,"rotation":0,"texture":"#0"},"west":{"uv":[0.8145,7.127,0.873,7.248],"tintindex":0,"rotation":0,"texture":"#0"},"up":{"uv":[6.1855,0.3105,6.127,0.252],"tintindex":0,"rotation":0,"texture":"#0"},"down":{"uv":[6.3105,3.0645,6.252,3.123],"tintindex":0,"rotation":0,"texture":"#0"}}},{"from":[3.506549,-1.5056543,7.265625],"to":[5.506549,0.49434662,9.265625],"faces":{"east":{"uv":[7.002,0.1895,7.123,0.3105],"tintindex":0,"rotation":0,"texture":"#0"},"south":{"uv":[0.377,7.002,0.498,7.123],"tintindex":0,"rotation":0,"texture":"#0"},"north":{"uv":[7.002,0.002,7.123,0.123],"tintindex":0,"rotation":0,"texture":"#0"},"west":{"uv":[7.002,0.377,7.123,0.498],"tintindex":0,"rotation":0,"texture":"#0"},"up":{"uv":[7.123,0.6855,7.002,0.5645],"tintindex":0,"rotation":0,"texture":"#0"},"down":{"uv":[7.123,0.752,7.002,0.873],"tintindex":0,"rotation":0,"texture":"#0"}},"rotation":{"origin":[18.478016,2.8155193,7.4343038],"angle":-22.5,