{"textures":{"0":"modelengine:entity/orc_warrior"},"elements":[{"from":[5.5,0.2999997,5.605],"to":[10.5,8.299999,10.605],"faces":{"east":{"uv":[5.123,3.3145,4.8145,3.8105],"tintindex":0,"rotation":0,"texture":"#0"},"south":{"uv":[5.123,0.8145,4.8145,1.3105],"tintindex":0,"rotation":0,"texture":"#0"},"north":{"uv":[4.5605,4.752,4.252,5.248],"tintindex":0,"rotation":0,"texture":"#0"},"west":{"uv":[4.9355,4.752,4.627,5.248],"tintindex":0,"rotation":0,"texture":"#0"},"up":{"uv":[2.627,6.0605,2.9355,5.752],"tintindex":0,"rotation":0,"texture":"#0"},"down":{"uv":[4.127,5.752,4.4355,6.0605],"tintindex":0,"rotation":0,"texture":"#0"}}},{"from":[4.0,2.2999997,3.58],"to":[12.0,4.2999997,9.58],"faces":{"east":{"uv":[6.9355,1.002,6.5645,1.123],"tintindex":0,"rotation":0,"texture":"#0"},"south":{"uv":[5.1855,6.1895,4.6895,6.3105],"tintindex":0,"rotation":0,"texture":"#0"},"north":{"uv":[6.623,4.8145,6.127,4.9355],"tintindex":0,"rotation":0,"texture":"#0"},"west":{"uv":[6.9355,0.8145,6.5645,0.9355],"tintindex":0,"rotation":0,"texture":"#0"},"up":{"uv":[3.8145,2.4355,4.3105,2.0645],"tintindex":0,"rotation":0,"texture":"#0"},"down":{"uv":[3.8145,3.1895,4.3105,3.5605],"tintindex":0,"rotation":0,"texture":"#0"}}},{"from":[4.5,0.2999997,4.605],"to":[11.5,6.2999997,9.605],"faces":{"east":{"uv":[5.873,0.4395,5.5645,0.8105],"tintindex":0,"rotation":0,"texture":"#0"},"south":{"uv":[4.248,4.127,3.8145,4.498],"tintindex":0,"rotation":0,"texture":"#0"},"north":{"uv":[2.4355,4.127,2.002,4.498],"tintindex":0,"rotation":0,"texture":"#0"},"west":{"uv":[0.6855,5.5645,0.377,5.9355],"tintindex":0,"rotation":0,"texture":"#0"},"up":{"uv":[4.9395,3.248,5.373,2.9395],"tintindex":0,"rotation":0,"texture":"#0"},"down":{"uv":[3.252,5.127,3.6855,5.4355],"tintindex":0,"rotation":0,"texture":"#0"}}},{"from":[5.0,1.2999997,9.105],"to":[11.0,4.2999997,11.105],"faces":{"east":{"uv":[6.998,5.877,6.877,6.0605],"tintindex":0,"rotation":0,"texture":"#0"},"south":{"uv":[6.498,1.002,6.127,1.1855],"tintindex":0,"rotation":0,"texture":"#0"},"north":{"uv":[6.498,0.752,6.127,0.9355],"tintindex":0,"rotation":0,"texture":"#0"},"west":{"uv":[4.3105,6.877,4.1895,7.0605],"tintindex":0,"rotation":0,"texture":"#0"},"up":{"uv":[6.5645,1.748,6.9355,1.627],"tintindex":0,"rotation":0,"texture":"#0"},"down":{"uv":[6.5645,1.8145,6.9355,1.9355],"tintindex":0,"rotation":0,"texture":"#0"}}}],"display":{"gui":{"rotation":[30,225,0]}}}