{"textures":{"0":"modelengine:entity/rpg3_barricade"},"elements":[{"from":[9.513048,-0.50668144,5.9532404],"to":[11.513048,0.49331856,17.95324],"faces":{"east":{"uv":[4.625,11.875,6.125,12.0],"tintindex":0,"rotation":0,"texture":"#0"},"south":{"uv":[9.25,8.75,9.5,8.875],"tintindex":0,"rotation":0,"texture":"#0"},"north":{"uv":[8.0,8.75,8.25,8.875],"tintindex":0,"rotation":0,"texture":"#0"},"west":{"uv":[4.625,12.0,6.125,12.125],"tintindex":0,"rotation":0,"texture":"#0"},"up":{"uv":[10.625,12.75,10.375,11.25],"tintindex":0,"rotation":0,"texture":"#0"},"down":{"uv":[10.875,11.25,10.625,12.75],"tintindex":0,"rotation":0,"texture":"#0"}},"rotation":{"origin":[-0.48695183,-0.50668144,11.95324],"angle":-45.0,"axis":"y"}},{"from":[0.5130482,8.493319,-2.0467596],"to":[1.5130482,11.493319,17.95324],"faces":{"east":{"uv":[8.875,3.0,11.375,3.375],"tintindex":0,"rotation":0,"texture":"#0"},"south":{"uv":[12.375,4.125,12.5,4.5],"tintindex":0,"rotation":0,"texture":"#0"},"north":{"uv":[12.25,5.75,12.375,6.125],"tintindex":0,"rotation":0,"texture":"#0"},"west":{"uv":[9.625,4.75,12.125,5.125],"tintindex":0,"rotation":0,"texture":"#0"},"up":{"uv":[11.0,13.75,10.875,11.25],"tintindex":0,"rotation":0,"texture":"#0"},"down":{"uv":[11.125,11.25,11.0,13.75],"tintindex":0,"rotation":0,"texture":"#0"}},"rotation":{"origin":[12.513048,15.493319,4.9532404],"angle":22.5,"axis":"x"}},{"from":[14.513048,12.493319,-2.0467596],"to":[15.513048,15.493319,17.95324],"faces":{"east":{"uv":[8.875,3.0,11.375,3.375],"tintindex":0,"rotation":0,"texture":"#0"},"south":{"uv":[12.375,4.125,12.5,4.5],"tintindex":0,"rotation":0,"texture":"#0"},"north":{"uv":[12.25,5.75,12.375,6.125],"tintindex":0,"rotation":0,"texture":"#0"},"west":{"uv":[9.625,4.75,12.125,5.125],"tintindex":0,"rotation":0,"texture":"#0"},"up":{"uv":[11.0,13.75,10.875,11.25],"tintindex":0,"rotation":0,"texture":"#0"},"down":{"uv":[11.125,11.25,11.0,13.75],"tintindex":0,"rotation":0,"texture":"#0"}},"rotation":{"origin":[12.513048,15.493319,4.9532404],"angle":22.5,"axis":"x"}},{"from":[2.5130482,4.4933186,9.95324],"to":[3.5130482,8.493319,12.95324],"faces":{"east":{"uv":[0.5,11.75,0.875,12.25],"tintindex":0,"rotation":0,"texture":"#0"},"south":{"uv":[7.875,12.375,8.0,12.875],"tintindex":0,"rotation":0,"texture":"#0"},"north":{"uv":[7.75,12.375,7.875,12.875],"tintindex":0,"rotation":0,"texture":"#0"},"west":{"uv":[0.875,11.75,1.25,12.25],"tintindex":0,"rotation":0,"texture":"#0"},"up":{"uv":[12.625,4.0,12.5,3.625],"tintindex":0,"rotation":0,"texture":"#0"},"down":{"uv":[12.625,4.0,12.5,4.375],"tintindex":0,"rotation":0,"texture":"#0"}},"rotation":{"origin":[12.513048,15.493319,4.9532404],"angle":22.5,"axis":"x"}},{"from":[-0.48695183,8.493319,1.9532404],"to":[0.5130482,15.493319,3.9532404],"faces":{"east":{"uv":[7.75,11.5,8.0,12.375],"tintindex":0,"rotation":0,"texture":"#0"},"south":{"uv":[7.25,12.375,7.375,13.25],"tintindex":0,"rotation":0,"texture":"#0"},"north":{"uv":[7.125,12.375,7.25,13.25],"tintindex":0,"rotation":0,"texture":"#0"},"west":{"uv":[8.0,11.5,8.25,12.375],"tintindex":0,"rotation":0,"texture":"#0"},"up":{"uv":[12.75,0.625,12.625,0.375],"tintindex":0,"rotation":0,"texture":"#0"},"down":{"uv":[12.75,0.625,12.625,0.875],"tintindex":0,"rotation":0,"texture":"#0"}},"rotation":{"origin":[12.513048,15.493319,4.9532404],"angle":22.5,"axis":"x"}},{"from":[15.513048,8.493319,10.95324],"to":[16.513048,15.493319,12.95324],"faces":{"east":{"uv":[8.25,11.5,8.0,12.375],"tintindex":0,"rotation":0,"texture":"#0"},"south":{"uv":[7.375,12.375,7.25,13.25],"tintindex":0,"rotation":0,"texture":"#0"},"north":{"uv":[7.25,12.375,7.125,13.25],"tintindex":0,"rotation":0,"texture":"#0"},"west":{"uv":[8.0,11.5,7.75,12.375],"tintindex":0,"rotation":0,"texture":"#0"},"up":{"uv":[12.625,0.625,12.75,0.375],"tintindex":0,"rotation":0,"texture":"#0"},"down":{"uv":[12.625,0.625,12.75,0.875],"tintindex":0,"rotation":0,"texture":"#0"}},"rotation":{"origin":[36.513046,15.493319,4.9532404],"angle":22.5,"axis":"x"}},{"from":[-0.48695183,7.4933186,-2.0467596],"to":[1.5130482,8.493319,22.95324],"faces":{"east":{"uv":[10.25,9.75,13.375,9.875],"tintindex":0,"rotation":0,"texture":"#0"},"south":{"uv":[7.125,9.75,7.375,9.875],"tintindex":0,"rotation":0,"texture":"#0"},"north":{"uv":[6.875,9.75,7.125,9.875],"tintindex":0,"rotation":0,"texture":"#0"},"west":{"uv":[11.125,8.375,14.25,8.5],"tintindex":0,"rotation":0,"texture":"#0"},"up":{"uv":[2.5,12.875,2.25,9.75],"tintindex":0,"rotation":0,"texture":"#0"},"down":{"uv":[6.75,10.25,6.5,13.375],"tintindex":0,"rotation":0,"texture":"#0"}},"rotation":{"origin":[12.513048,15.493319,4.9532404],"angle":22.5,"axis":"x"}},{"from":[15.513048,8.493319,1.9532404],"to":[16.513048,15.493319,3.9532404],"faces":{"east":{"uv":[8.25,11.5,8.0,12.375],"tintindex":0,"rotation":0,"texture":"#0"},"south":{"uv":[7.375,12.375,7.25,13.25],"tintindex":0,"rotation":0,"texture":"#0"},"north":{"uv":[7.25,12.375,7.125,13.25],"tintindex":0,"rotation":0,"texture":"#0"},"west":{"uv":[8.0,11.5,7.75,12.375],"tintindex":0,"rotation":0,"texture":"#0"},"up":{"uv":[12.625,0.625,12.75,0.375],"tintindex":0,"rotation":0,"texture":"#0"},"down":{"uv":[12.625,0.625,12.75,0.875],"tintindex":0,"rotation":0,"texture":"#0"}},"rotation":{"origin":[36.513046,15.493319,4.9532404],"angle":22.5,"axis":"x"}},{"from":[-2.4869518,3.4933186,6.4532404],"to":[19.513048,4.4933186,7.4532404],"faces":{"east":{"uv":[3.625,2.375,3.75,2.5],"tintindex":0,"rotation":0,"texture":"#0"},"south":{"uv":[11.125,8.625,13.875,8.75],"tintindex":0,"rotation":0,"texture":"#0"},"north":{"uv":[11.125,8.5,13.875,8.625],"tintindex":0,"rotation":0,"texture":"#0"},"west":{"uv":[5.5,1.75,5.625,1.875],"tintindex":0,"rotation":0,"texture":"#0"},"up":{"uv":[14.0,10.375,11.25,10.25],"tintindex":0,"rotation":0,"texture":"#0"},"down":{"uv":[14.0,10.375,11.25,10.5],"tintindex":0,"rotation":0,"texture":"#0"}},"rotation":{"origin":[16.513048,3.4933186,5.9532404],"angle":22.5,"axis":"x"}},{"from":[14.513048,8.493319,-2.0467596],"to":[15.513048,11.493319,17.95324],"faces":{"east":{"uv":[8.875,3.0,11.375,3.375],"tintindex":0,"rotation":0,"texture":"#0"},"south":{"uv":[12.375,4.125,12.5,4.5],"tintindex":0,"rotation":0,"texture":"#0"},"north":{"uv":[12.25,5.75,12.375,6.125],"tintindex":0,"rotation":0,"texture":"#0"},"west":{"uv":[9.625,4.75,12.125,5.125],"tintindex":0,"rotation":0,"texture":"#0"},"up":{"uv":[11.0,13.75,10.875,11.25],"tintindex":0,"rotation":0,"texture":"#0"},"down":{"uv":[11.125,11.25,11.0,13.75],"tintindex":0,"rotation":0,"texture":"#0"}},"rotation":{"origin":[12.513048,15.493319,4.9532404],"angle":22.5,"axis":"x"}},{"from":[-0.48695183,8.493319,10.95324],"to":[0.5130482,15.493319,12.95324],"faces":{"east":{"uv":[7.75,11.5,8.0,12.375],"tintindex":0,"rotation":0,"texture":"#0"},"south":{"uv":[7.25,12.375,7.375,13.25],"tintindex":0,"rotation":0,"texture":"#0"},"north":{"uv":[7.125,12.375,7.25,13.25],"tintindex":0,"rotation":0,"texture":"#0"},"west":{"uv":[8.0,11.5,8.25,12.375],"tintindex":0,"rotation":0,"texture":"#0"},"up":{"uv":[12.75,0.625,12.625,0.375],"tintindex":0,"rotation":0,"texture":"#0"},"down":{"uv":[12.75,0.625,12.625,0.875],"tintindex":0,"rotation":0,"texture":"#0"}},"rotation":{"origin":[12.513048,15.493319,4.9532404],"angle":22.5,"axis":"x"}},{"from":[1.5130482,9.493319,16.95324],"to":[14.513048,13.493319,17.95324],"faces":{"east":{"uv":[8.125,3.0,8.25,3.5],"tintindex":0,"rotation":0,"texture":"#0"},"south":{"uv":[10.25,1.875,11.875,2.375],"tintindex":0,"rotation":0,"texture":"#0"},"north":{"uv":[10.25,1.875,11.875,2.375],"tintindex":0,"rotation":0,"texture":"#0"},"west":{"uv":[7.625,12.375,7.75,12.875],"tintindex":0,"rotation":0,"texture":"#0"},"up":{"uv":[13.5,8.25,11.875,8.125],"tintindex":0,"rotation":0,"texture":"#0"},"down":{"uv":[13.5,8.25,11.875,8.375],"tintindex":0,"rotation":0,"texture":"#0"}},"rotation":{"origin":[12.513048,15.493319,4.9532404],"angle":22.5,"axis":"x"}},{"from":[0.5130482,12.493319,-2.0467596],"to":[1.5130482,15.493319,17.95324],