{"textures":{"1":"modelengine:entity/mistsaber"},"elements":[{"from":[9.17497,-3.0704699,6.78869],"to":[11.57497,-0.87047005,9.788691],"faces":{"east":{"uv":[6.5,11.625,6.125,11.875],"tintindex":0,"rotation":0,"texture":"#1"},"south":{"uv":[11.5625,11.625,11.25,11.875],"tintindex":0,"rotation":0,"texture":"#1"},"north":{"uv":[11.9375,10.625,11.625,10.875],"tintindex":0,"rotation":0,"texture":"#1"},"west":{"uv":[12.0,5.875,11.625,6.125],"tintindex":0,"rotation":0,"texture":"#1"},"up":{"uv":[11.25,9.75,11.5625,9.375],"tintindex":0,"rotation":0,"texture":"#1"},"down":{"uv":[9.875,11.25,10.1875,11.625],"tintindex":0,"rotation":0,"texture":"#1"}},"rotation":{"origin":[11.57221,-3.5512,12.1449795],"angle":22.5,"axis":"y"}},{"from":[11.66699,-3.0704699,6.74829],"to":[13.66699,-0.87047005,9.748291],"faces":{"east":{"uv":[12.0,6.625,11.625,6.875],"tintindex":0,"rotation":0,"texture":"#1"},"south":{"uv":[9.875,11.75,9.625,12.0],"tintindex":0,"rotation":0,"texture":"#1"},"north":{"uv":[9.625,11.75,9.375,12.0],"tintindex":0,"rotation":0,"texture":"#1"},"west":{"uv":[6.875,11.625,6.5,11.875],"tintindex":0,"rotation":0,"texture":"#1"},"up":{"uv":[4.0,11.625,4.25,11.25],"tintindex":0,"rotation":0,"texture":"#1"},"down":{"uv":[5.625,11.5,5.875,11.875],"tintindex":0,"rotation":0,"texture":"#1"}},"rotation":{"origin":[11.57221,-3.5512,12.1449795],"angle":-22.5,"axis":"y"}},{"from":[10.22666,-3.3204699,6.47963],"to":[10.82666,-2.12047,7.6796303],"faces":{"east":{"uv":[10.625,3.125,10.5,3.25],"tintindex":0,"rotation":0,"texture":"#1"},"south":{"uv":[12.0625,10.375,12.0,10.5],"tintindex":0,"rotation":0,"texture":"#1"},"north":{"uv":[10.4375,12.0,10.375,12.125],"tintindex":0,"rotation":0,"texture":"#1"},"west":{"uv":[3.0,10.5,2.875,10.625],"tintindex":0,"rotation":0,"texture":"#1"},"up":{"uv":[10.5,12.125,10.5625,12.0],"tintindex":0,"rotation":0,"texture":"#1"},"down":{"uv":[12.0,10.5,12.0625,10.625],"tintindex":0,"rotation":0,"texture":"#1"}},"rotation":{"origin":[11.57221,-3.5512,12.444981],"angle":22.5,"axis":"y"}},{"from":[10.425,-3.0704699,6.5953603],"to":[12.925,-0.87047005,9.59536],"faces":{"east":{"uv":[12.0,6.375,11.625,6.625],"tintindex":0,"rotation":0,"texture":"#1"},"south":{"uv":[0.9375,11.75,0.625,12.0],"tintindex":0,"rotation":0,"texture":"#1"},"north":{"uv":[11.9375,11.625,11.625,11.875],"tintindex":0,"rotation":0,"texture":"#1"},"west":{"uv":[12.0,6.125,11.625,6.375],"tintindex":0,"rotation":0,"texture":"#1"},"up":{"uv":[11.25,10.5,11.5625,10.125],"tintindex":0,"rotation":0,"texture":"#1"},"down":{"uv":[10.25,11.25,10.5625,11.625],"tintindex":0,"rotation":0,"texture":"#1"}}},{"from":[12.2153,-3.3204699,6.43922],"to":[12.8153,-2.12047,7.63922],"faces":{"east":{"uv":[2.5,10.375,2.375,10.5],"tintindex":0,"rotation":0,"texture":"#1"},"south":{"uv":[12.0625,9.875,12.0,10.0],"tintindex":0,"rotation":0,"texture":"#1"},"north":{"uv":[9.9375,12.0,9.875,12.125],"tintindex":0,"rotation":0,"texture":"#1"},"west":{"uv":[2.375,10.375,2.25,10.5],"tintindex":0,"rotation":0,"texture":"#1"},"up":{"uv":[10.0,12.125,10.0625,12.0],"tintindex":0,"rotation":0,"texture":"#1"},"down":{"uv":[12.0,10.0,12.0625,10.125],"tintindex":0,"rotation":0,"texture":"#1"}},"rotation":{"origin":[11.57221,-3.5512,12.444981],"angle":-22.5,"axis":"y"}},{"from":[9.525,-4.6140604,7.09874],"to":[13.625,5.18594,10.898741],"faces":{"east":{"uv":[6.5,7.0,6.0,8.25],"tintindex":0,"rotation":0,"texture":"#1"},"south":{"uv":[7.5,4.125,7.0,5.375],"tintindex":0,"rotation":0,"texture":"#1"},"north":{"uv":[5.5,6.875,5.0,8.125],"tintindex":0,"rotation":0,"texture":"#1"},"west":{"uv":[6.0,6.875,5.5,8.125],"tintindex":0,"rotation":0,"texture":"#1"},"up":{"uv":[1.75,10.5,2.25,10.0],"tintindex":0,"rotation":0,"texture":"#1"},"down":{"uv":[10.0,2.5,10.5,3.0],"tintindex":0,"rotation":0,"texture":"#1"}},"rotation":{"origin":[13.725,-9.658371,16.92635],"angle":22.5,"axis":"x"}},{"from":[11.425,-3.3204699,6.29536],"to":[12.025,-2.12047,7.49536],"faces":{"east":{"uv":[2.875,10.5,2.75,10.625],"tintindex":0,"rotation":0,"texture":"#1"},"south":{"uv":[12.0625,10.125,12.0,10.25],"tintindex":0,"rotation":0,"texture":"#1"},"north":{"uv":[10.1875,12.0,10.125,12.125],"tintindex":0,"rotation":0,"texture":"#1"},"west":{"uv":[6.875,10.375,6.75,10.5],"tintindex":0,"rotation":0,"texture":"#1"},"up":{"uv":[10.25,12.125,10.3125,12.0],"tintindex":0,"rotation":0,"texture":"#1"},"down":{"uv":[12.0,10.25,12.0625,10.375],"tintindex":0,"rotation":0,"texture":"#1"}}},{"from":[8.525,-3.1704702,8.19536],"to":[14.425,-1.0704699,13.895361],"faces":{"east":{"uv":[11.3125,5.25,10.625,5.5],"tintindex":0,"rotation":0,"texture":"#1"},"south":{"uv":[11.375,0.375,10.625,0.625],"tintindex":0,"rotation":0,"texture":"#1"},"north":{"uv":[11.25,9.625,10.5,9.875],"tintindex":0,"rotation":0,"texture":"#1"},"west":{"uv":[11.3125,5.0,10.625,5.25],"tintindex":0,"rotation":0,"texture":"#1"},"up":{"uv":[0.625,8.8125,1.375,8.125],"tintindex":0,"rotation":0,"texture":"#1"},"down":{"uv":[2.5,8.125,3.25,8.8125],"tintindex":0,"rotation":0,"texture":"#1"}}},{"from":[9.925,2.61655,7.09626],"to":[13.325,6.8165493,15.896259],"faces":{"east":{"uv":[8.625,3.125,7.5,3.625],"tintindex":0,"rotation":0,"texture":"#1"},"south":{"uv":[10.5625,6.375,10.125,6.875],"tintindex":0,"rotation":0,"texture":"#1"},"north":{"uv":[10.5625,0.375,10.125,0.875],"tintindex":0,"rotation":0,"texture":"#1"},"west":{"uv":[8.625,2.625,7.5,3.125],"tintindex":0,"rotation":0,"texture":"#1"},"up":{"uv":[7.375,9.75,7.8125,8.625],"tintindex":0,"rotation":0,"texture":"#1"},"down":{"uv":[8.75,5.375,9.1875,6.5],"tintindex":0,"rotation":0,"texture":"#1"}},"rotation":{"origin":[-8.475,8.6874,16.009901],"angle":22.5,"axis":"x"}}],"display":{"gui":{"rotation":[30,225,0]}}}