{"textures":{"1":"modelengine:entity/mistsaber"},"elements":[{"from":[7.87448,9.242121,4.815029],"to":[8.37048,10.358121,5.43503],"faces":{"east":{"uv":[10.875,11.75,10.9375,11.875],"tintindex":0,"rotation":0,"texture":"#1"},"south":{"uv":[12.0,3.875,12.0625,4.0],"tintindex":0,"rotation":0,"texture":"#1"},"north":{"uv":[3.5,11.75,3.5625,11.875],"tintindex":0,"rotation":0,"texture":"#1"},"west":{"uv":[12.0,4.0,12.0625,4.125],"tintindex":0,"rotation":0,"texture":"#1"},"up":{"uv":[1.5625,12.1875,1.5,12.125],"tintindex":0,"rotation":0,"texture":"#1"},"down":{"uv":[12.1875,1.5,12.125,1.5625],"tintindex":0,"rotation":0,"texture":"#1"}}},{"from":[6.73448,7.5373907,2.6834393],"to":[7.35448,9.29339,3.30344],"faces":{"east":{"uv":[11.875,11.375,11.9375,11.625],"tintindex":0,"rotation":0,"texture":"#1"},"south":{"uv":[11.5,11.875,11.5625,12.125],"tintindex":0,"rotation":0,"texture":"#1"},"north":{"uv":[11.375,11.875,11.4375,12.125],"tintindex":0,"rotation":0,"texture":"#1"},"west":{"uv":[11.625,11.875,11.6875,12.125],"tintindex":0,"rotation":0,"texture":"#1"},"up":{"uv":[12.1875,1.9375,12.125,1.875],"tintindex":0,"rotation":0,"texture":"#1"},"down":{"uv":[2.0625,12.125,2.0,12.1875],"tintindex":0,"rotation":0,"texture":"#1"}},"rotation":{"origin":[2.23243,3.6510706,8.616079],"angle":22.5,"axis":"x"}},{"from":[6.53448,8.6574,5.50239],"to":[7.15448,9.7734,6.122389],"faces":{"east":{"uv":[12.0,4.75,12.0625,4.875],"tintindex":0,"rotation":0,"texture":"#1"},"south":{"uv":[12.0,4.875,12.0625,5.0],"tintindex":0,"rotation":0,"texture":"#1"},"north":{"uv":[12.0,4.625,12.0625,4.75],"tintindex":0,"rotation":0,"texture":"#1"},"west":{"uv":[12.0,5.0,12.0625,5.125],"tintindex":0,"rotation":0,"texture":"#1"},"up":{"uv":[12.1875,2.0625,12.125,2.0],"tintindex":0,"rotation":0,"texture":"#1"},"down":{"uv":[2.1875,12.125,2.125,12.1875],"tintindex":0,"rotation":0,"texture":"#1"}}},{"from":[6.53448,8.26424,6.1343994],"to":[7.15448,9.38024,6.7543983],"faces":{"east":{"uv":[12.0,5.25,12.0625,5.375],"tintindex":0,"rotation":0,"texture":"#1"},"south":{"uv":[12.0,5.375,12.0625,5.5],"tintindex":0,"rotation":0,"texture":"#1"},"north":{"uv":[12.0,5.125,12.0625,5.25],"tintindex":0,"rotation":0,"texture":"#1"},"west":{"uv":[12.0,5.5,12.0625,5.625],"tintindex":0,"rotation":0,"texture":"#1"},"up":{"uv":[12.1875,2.1875,12.125,2.125],"tintindex":0,"rotation":0,"texture":"#1"},"down":{"uv":[2.3125,12.125,2.25,12.1875],"tintindex":0,"rotation":0,"texture":"#1"}},"rotation":{"origin":[8.05348,9.12224,6.5443993],"angle":22.5,"axis":"x"}},{"from":[6.53448,8.16424,6.7344],"to":[7.15448,9.28024,7.3543987],"faces":{"east":{"uv":[12.0,5.75,12.0625,5.875],"tintindex":0,"rotation":0,"texture":"#1"},"south":{"uv":[12.0,5.875,12.0625,6.0],"tintindex":0,"rotation":0,"texture":"#1"},"north":{"uv":[12.0,5.625,12.0625,5.75],"tintindex":0,"rotation":0,"texture":"#1"},"west":{"uv":[12.0,6.0,12.0625,6.125],"tintindex":0,"rotation":0,"texture":"#1"},"up":{"uv":[12.1875,2.3125,12.125,2.25],"tintindex":0,"rotation":0,"texture":"#1"},"down":{"uv":[2.4375,12.125,2.375,12.1875],"tintindex":0,"rotation":0,"texture":"#1"}},"rotation":{"origin":[8.05348,8.72224,7.2444],"angle":22.5,"axis":"x"}},{"from":[6.53448,7.99481,8.209139],"to":[7.15448,9.11081,8.82914],"faces":{"east":{"uv":[12.0,6.25,12.0625,6.375],"tintindex":0,"rotation":0,"texture":"#1"},"south":{"uv":[6.375,12.0,6.4375,12.125],"tintindex":0,"rotation":0,"texture":"#1"},"north":{"uv":[12.0,6.125,12.0625,6.25],"tintindex":0,"rotation":0,"texture":"#1"},"west":{"uv":[12.0,6.375,12.0625,6.5],"tintindex":0,"rotation":0,"texture":"#1"},"up":{"uv":[12.1875,2.4375,12.125,2.375],"tintindex":0,"rotation":0,"texture":"#1"},"down":{"uv":[2.5625,12.125,2.5,12.1875],"tintindex":0,"rotation":0,"texture":"#1"}}},{"from":[8.95248,8.16424,6.7344],"to":[9.57248,9.28024,7.3543987],"faces":{"east":{"uv":[0.25,11.25,0.3125,11.375],"tintindex":0,"rotation":0,"texture":"#1"},"south":{"uv":[11.25,0.25,11.3125,0.375],"tintindex":0,"rotation":0,"texture":"#1"},"north":{"uv":[11.125,10.875,11.1875,11.0],"tintindex":0,"rotation":0,"texture":"#1"},"west":{"uv":[11.25,0.875,11.3125,1.0],"tintindex":0,"rotation":0,"texture":"#1"},"up":{"uv":[1.1875,12.1875,1.125,12.125],"tintindex":0,"rotation":0,"texture":"#1"},"down":{"uv":[12.1875,1.125,12.125,1.1875],"tintindex":0,"rotation":0,"texture":"#1"}},"rotation":{"origin":[8.05348,8.72224,7.2444],"angle":22.5,"axis":"x"}},{"from":[5.7945204,6.4657507,1.788969],"to":[10.40112,8.1025505,2.9347286],"faces":{"east":{"uv":[2.875,5.375,3.0,5.5625],"tintindex":0,"rotation":0,"texture":"#1"},"south":{"uv":[11.5,1.125,12.0625,1.3125],"tintindex":0,"rotation":0,"texture":"#1"},"north":{"uv":[11.5,0.875,12.0625,1.0625],"tintindex":0,"rotation":0,"texture":"#1"},"west":{"uv":[8.375,0.75,8.5,0.9375],"tintindex":0,"rotation":0,"texture":"#1"},"up":{"uv":[6.4375,2.75,5.875,2.625],"tintindex":0,"rotation":0,"texture":"#1"},"down":{"uv":[11.3125,3.875,10.75,4.0],"tintindex":0,"rotation":0,"texture":"#1"}},"rotation":{"origin":[2.23243,3.6510706,8.616079],"angle":22.5,"axis":"x"}},{"from":[8.95248,8.26424,6.1343994],"to":[9.57248,9.38024,6.7543983],"faces":{"east":{"uv":[3.625,11.125,3.6875,11.25],"tintindex":0,"rotation":0,"texture":"#1"},"south":{"uv":[4.5,11.125,4.5625,11.25],"tintindex":0,"rotation":0,"texture":"#1"},"north":{"uv":[1.5,11.125,1.5625,11.25],"tintindex":0,"rotation":0,"texture":"#1"},"west":{"uv":[9.875,11.125,9.9375,11.25],"tintindex":0,"rotation":0,"texture":"#1"},"up":{"uv":[1.0625,12.1875,1.0,12.125],"tintindex":0,"rotation":0,"texture":"#1"},"down":{"uv":[12.1875,1.0,12.125,1.0625],"tintindex":0,"rotation":0,"texture":"#1"}},"rotation":{"origin":[8.05348,9.12224,6.5443993],"angle":22.5,"axis":"x"}},{"from":[8.95248,8.63367,5.5596695],"to":[9.57248,9.749671,6.1796684],"faces":{"east":{"uv":[11.375,0.875,11.4375,1.0],"tintindex":0,"rotation":0,"texture":"#1"},"south":{"uv":[11.375,5.375,11.4375,5.5],"tintindex":0,"rotation":0,"texture":"#1"},"north":{"uv":[11.25,7.125,11.3125,7.25],"tintindex":0,"rotation":0,"texture":"#1"},"west":{"uv":[11.375,7.125,11.4375,7.25],"tintindex":0,"rotation":0,"texture":"#1"},"up":{"uv":[1.3125,12.1875,1.25,12.125],"tintindex":0,"rotation":0,"texture":"#1"},"down":{"uv":[12.1875,1.25,12.125,1.3125],"tintindex":0,"rotation":0,"texture":"#1"}}},{"from":[5.9582005,6.629431,1.9526501],"to":[10.361441,7.9388704,7.200329],"faces":{"east":{"uv":[11.25,2.125,11.875,2.3125],"tintindex":0,"rotation":0,"texture":"#1"},"south":{"uv":[11.25,11.375,11.8125,11.5625],"tintindex":0,"rotation":0,"texture":"#1"},"north":{"uv":[11.375,5.125,11.9375,5.3125],"tintindex":0,"rotation":0,"texture":"#1"},"west":{"uv":[11.25,2.375,11.875,2.5625],"tintindex":0,"rotation":0,"texture":"#1"},"up":{"uv":[8.8125,10.0,8.25,9.375],"tintindex":0,"rotation":0,"texture":"#1"},"down":{"uv":[10.0625,0.375,9.5,1.0],"tintindex":0,"rotation":0,"texture":"#1"}},"rotation":{"origin":[2.23243,3.6510706,8.616079],"angle":22.5,"axis":"x"}},{"from":[7.31648,9.242121,4.815029],"to":[7.75048,10.358121,5.43503],"faces":{"east":{"uv":[12.0,4.25,12.0625,4.375],"tintindex":0,"rotation":0,"texture":"#1"},"south":{"uv":[12.0,4.375,12.0625,4.5],"tintindex":0,"rotation":0,"texture":"#1"},"north":{"uv":[12.0,4.125,12.0625,4.25],"tintindex":0,"rotation":0,"texture":"#1"},"west":{"uv":[12.0,4.5,12.0625,4.625],"tintindex":0,"rotation":0,"texture":"#1"},"up":{"uv":[1.6875,12.1875,1.625,12.125],"tintindex":0,"rotation":0,"texture":"#1"},"down":{"uv":[1.8125,12.125,1.75,12.1875],"tintindex":0,"rotation":0,"texture":"#1"}}},{"from":[8.49448,9.242121,4.815029],"to":[8.92848,10.358121,5.43503],"faces":{"east":{"uv":[2.25,11.625,2.3125,11.75],"tintindex":0,"rotation":0,"texture":"#1"},"south":{"uv":[5.125,11.625,5.1875,11.75],"tintindex":0,"rotation":0,"texture":"#1"},"north":{"uv":[11.5,5.375,11.5625,5.5],"tintindex":0,"rotation":0,"texture":"#1"},"west":{"uv":[9.375,11.625,9.4375,11.75],"tintindex":0,"rotation":0,"texture":"#1"},"up":{"uv":[1.4375,12.1875,1.375,12.125],