{"textures":{"0":"modelengine:entity/alar"},"elements":[{"from":[-6.6357803,4.5562897,5.417219],"to":[8.8609295,8.8609295,9.721859],"faces":{"east":{"uv":[0.75,8.4375,0.5,8.6875],"tintindex":0,"rotation":0,"texture":"#0"},"south":{"uv":[8.625,1.4375,7.6875,1.6875],"tintindex":0,"rotation":0,"texture":"#0"},"north":{"uv":[8.625,1.1875,7.6875,1.4375],"tintindex":0,"rotation":0,"texture":"#0"},"west":{"uv":[7.5,8.375,7.25,8.625],"tintindex":0,"rotation":0,"texture":"#0"},"up":{"uv":[7.6875,4.3125,8.625,4.0625],"tintindex":0,"rotation":0,"texture":"#0"},"down":{"uv":[7.6875,4.3125,8.625,4.5625],"tintindex":0,"rotation":0,"texture":"#0"}},"rotation":{"origin":[8.0,8.0,8.0],"angle":-45.0,"axis":"x"}},{"from":[-6.6357803,5.847679,10.582779],"to":[8.8609295,7.5695305,18.331139],"faces":{"east":{"uv":[8.9375,6.6875,8.4375,6.8125],"tintindex":0,"rotation":0,"texture":"#0"},"south":{"uv":[9.1875,3.5625,8.25,3.6875],"tintindex":0,"rotation":0,"texture":"#0"},"north":{"uv":[9.0625,5.8125,8.125,5.9375],"tintindex":0,"rotation":0,"texture":"#0"},"west":{"uv":[8.9375,6.0625,8.4375,6.1875],"tintindex":0,"rotation":0,"texture":"#0"},"up":{"uv":[6.3125,1.1875,7.25,0.6875],"tintindex":0,"rotation":0,"texture":"#0"},"down":{"uv":[6.3125,2.4375,7.25,2.9375],"tintindex":0,"rotation":0,"texture":"#0"}}},{"from":[-6.6357803,6.7086105,17.470211],"to":[8.8609295,6.7086105,28.66227],"faces":{"up":{"uv":[5.375,3.1875,6.3125,2.5],"tintindex":0,"rotation":0,"texture":"#0"},"down":{"uv":[5.375,2.5,6.3125,3.1875],"tintindex":0,"rotation":0,"texture":"#0"}}}],"display":{"gui":{"rotation":[30,225,0]}}}